ISO-10303-21;
HEADER;
FILE_DESCRIPTION(('Open CASCADE Model'),'2;1');
FILE_NAME('Open CASCADE Shape Model','2026-09-08T17:56:56',('Author'),(
    'Open CASCADE'),'Open CASCADE STEP processor 7.8','Open CASCADE 7.8'
  ,'Unknown');
FILE_SCHEMA(('AUTOMOTIVE_DESIGN { 1 0 10303 214 1 1 1 1 }'));
ENDSEC;
DATA;
#1 = APPLICATION_PROTOCOL_DEFINITION('international standard',
  'automotive_design',2000,#2);
#2 = APPLICATION_CONTEXT(
  'core data for automotive mechanical design processes');
#3 = SHAPE_DEFINITION_REPRESENTATION(#4,#10);
#4 = PRODUCT_DEFINITION_SHAPE('','',#5);
#5 = PRODUCT_DEFINITION('design','',#6,#9);
#6 = PRODUCT_DEFINITION_FORMATION('','',#7);
#7 = PRODUCT('Open CASCADE STEP translator 7.8 1',
  'Open CASCADE STEP translator 7.8 1','',(#8));
#8 = PRODUCT_CONTEXT('',#2,'mechanical');
#9 = PRODUCT_DEFINITION_CONTEXT('part definition',#2,'design');
#10 = ADVANCED_BREP_SHAPE_REPRESENTATION('',(#11,#15),#10996);
#11 = AXIS2_PLACEMENT_3D('',#12,#13,#14);
#12 = CARTESIAN_POINT('',(0.,0.,0.));
#13 = DIRECTION('',(0.,0.,1.));
#14 = DIRECTION('',(1.,0.,-0.));
#15 = MANIFOLD_SOLID_BREP('',#16);
#16 = CLOSED_SHELL('',(#17,#105,#159,#213,#372,#641,#696,#751,#986,#1041
    ,#1096,#1143,#1279,#1736,#1787,#2598,#2734,#2761,#2796,#2803,#2807,
    #2811,#2818,#2846,#2874,#2902,#3549,#3870,#3918,#4067,#4434,#4441,
    #4495,#4544,#4593,#4620,#4667,#4714,#4739,#4843,#4892,#5003,#5114,
    #5428,#5433,#5460,#5536,#5639,#5722,#6087,#6360,#6655,#6726,#6831,
    #6925,#6950,#6978,#6983,#7032,#7143,#7170,#7197,#7224,#7235,#7262,
    #7290,#7360,#7410,#7437,#7486,#7534,#7584,#7633,#7736,#7819,#8068,
    #8341,#8625,#8696,#8796,#8823,#9009,#9056,#9131,#9158,#9183,#9302,
    #9329,#9378,#9425,#9472,#9589,#9614,#9621,#9648,#9722,#9749,#9801,
    #9977,#10002,#10009,#10016,#10112,#10137,#10164,#10189,#10308,#10335
    ,#10360,#10385,#10499,#10546,#10595,#10622,#10649,#10723,#10750,
    #10802,#10827,#10850,#10955,#10964,#10973,#10982,#10987));
#17 = ADVANCED_FACE('',(#18),#32,.T.);
#18 = FACE_BOUND('',#19,.F.);
#19 = EDGE_LOOP('',(#20,#50,#77,#78));
#20 = ORIENTED_EDGE('',*,*,#21,.T.);
#21 = EDGE_CURVE('',#22,#24,#26,.T.);
#22 = VERTEX_POINT('',#23);
#23 = CARTESIAN_POINT('',(20.,0.,5.));
#24 = VERTEX_POINT('',#25);
#25 = CARTESIAN_POINT('',(20.,0.,7.));
#26 = SEAM_CURVE('',#27,(#31,#43),.PCURVE_S1.);
#27 = LINE('',#28,#29);
#28 = CARTESIAN_POINT('',(20.,0.,4.));
#29 = VECTOR('',#30,1.);
#30 = DIRECTION('',(0.,0.,1.));
#31 = PCURVE('',#32,#37);
#32 = CYLINDRICAL_SURFACE('',#33,20.);
#33 = AXIS2_PLACEMENT_3D('',#34,#35,#36);
#34 = CARTESIAN_POINT('',(0.,0.,4.));
#35 = DIRECTION('',(-0.,-0.,-1.));
#36 = DIRECTION('',(1.,0.,0.));
#37 = DEFINITIONAL_REPRESENTATION('',(#38),#42);
#38 = LINE('',#39,#40);
#39 = CARTESIAN_POINT('',(-0.,0.));
#40 = VECTOR('',#41,1.);
#41 = DIRECTION('',(-0.,-1.));
#42 = ( GEOMETRIC_REPRESENTATION_CONTEXT(2) 
PARAMETRIC_REPRESENTATION_CONTEXT() REPRESENTATION_CONTEXT('2D SPACE',''
  ) );
#43 = PCURVE('',#32,#44);
#44 = DEFINITIONAL_REPRESENTATION('',(#45),#49);
#45 = LINE('',#46,#47);
#46 = CARTESIAN_POINT('',(-6.28318530718,0.));
#47 = VECTOR('',#48,1.);
#48 = DIRECTION('',(-0.,-1.));
#49 = ( GEOMETRIC_REPRESENTATION_CONTEXT(2) 
PARAMETRIC_REPRESENTATION_CONTEXT() REPRESENTATION_CONTEXT('2D SPACE',''
  ) );
#50 = ORIENTED_EDGE('',*,*,#51,.T.);
#51 = EDGE_CURVE('',#24,#24,#52,.T.);
#52 = SURFACE_CURVE('',#53,(#58,#65),.PCURVE_S1.);
#53 = CIRCLE('',#54,20.);
#54 = AXIS2_PLACEMENT_3D('',#55,#56,#57);
#55 = CARTESIAN_POINT('',(0.,0.,7.));
#56 = DIRECTION('',(0.,0.,1.));
#57 = DIRECTION('',(1.,0.,-0.));
#58 = PCURVE('',#32,#59);
#59 = DEFINITIONAL_REPRESENTATION('',(#60),#64);
#60 = LINE('',#61,#62);
#61 = CARTESIAN_POINT('',(-0.,-3.));
#62 = VECTOR('',#63,1.);
#63 = DIRECTION('',(-1.,0.));
#64 = ( GEOMETRIC_REPRESENTATION_CONTEXT(2) 
PARAMETRIC_REPRESENTATION_CONTEXT() REPRESENTATION_CONTEXT('2D SPACE',''
  ) );
#65 = PCURVE('',#66,#71);
#66 = TOROIDAL_SURFACE('',#67,19.,1.);
#67 = AXIS2_PLACEMENT_3D('',#68,#69,#70);
#68 = CARTESIAN_POINT('',(0.,0.,7.));
#69 = DIRECTION('',(0.,0.,1.));
#70 = DIRECTION('',(1.,0.,-0.));
#71 = DEFINITIONAL_REPRESENTATION('',(#72),#76);
#72 = LINE('',#73,#74);
#73 = CARTESIAN_POINT('',(0.,0.));
#74 = VECTOR('',#75,1.);
#75 = DIRECTION('',(1.,0.));
#76 = ( GEOMETRIC_REPRESENTATION_CONTEXT(2) 
PARAMETRIC_REPRESENTATION_CONTEXT() REPRESENTATION_CONTEXT('2D SPACE',''
  ) );
#77 = ORIENTED_EDGE('',*,*,#21,.F.);
#78 = ORIENTED_EDGE('',*,*,#79,.F.);
#79 = EDGE_CURVE('',#22,#22,#80,.T.);
#80 = SURFACE_CURVE('',#81,(#86,#93),.PCURVE_S1.);
#81 = CIRCLE('',#82,20.);
#82 = AXIS2_PLACEMENT_3D('',#83,#84,#85);
#83 = CARTESIAN_POINT('',(0.,0.,5.));
#84 = DIRECTION('',(0.,0.,1.));
#85 = DIRECTION('',(1.,0.,-0.));
#86 = PCURVE('',#32,#87);
#87 = DEFINITIONAL_REPRESENTATION('',(#88),#92);
#88 = LINE('',#89,#90);
#89 = CARTESIAN_POINT('',(-0.,-1.));
#90 = VECTOR('',#91,1.);
#91 = DIRECTION('',(-1.,0.));
#92 = ( GEOMETRIC_REPRESENTATION_CONTEXT(2) 
PARAMETRIC_REPRESENTATION_CONTEXT() REPRESENTATION_CONTEXT('2D SPACE',''
  ) );
#93 = PCURVE('',#94,#99);
#94 = TOROIDAL_SURFACE('',#95,19.,1.);
#95 = AXIS2_PLACEMENT_3D('',#96,#97,#98);
#96 = CARTESIAN_POINT('',(0.,0.,5.));
#97 = DIRECTION('',(-0.,-0.,-1.));
#98 = DIRECTION('',(1.,0.,-0.));
#99 = DEFINITIONAL_REPRESENTATION('',(#100),#104);
#100 = LINE('',#101,#102);
#101 = CARTESIAN_POINT('',(-0.,0.));
#102 = VECTOR('',#103,1.);
#103 = DIRECTION('',(-1.,0.));
#104 = ( GEOMETRIC_REPRESENTATION_CONTEXT(2) 
PARAMETRIC_REPRESENTATION_CONTEXT() REPRESENTATION_CONTEXT('2D SPACE',''
  ) );
#105 = ADVANCED_FACE('',(#106),#94,.T.);
#106 = FACE_BOUND('',#107,.F.);
#107 = EDGE_LOOP('',(#108,#130,#131,#132));
#108 = ORIENTED_EDGE('',*,*,#109,.F.);
#109 = EDGE_CURVE('',#22,#110,#112,.T.);
#110 = VERTEX_POINT('',#111);
#111 = CARTESIAN_POINT('',(19.,0.,4.));
#112 = SEAM_CURVE('',#113,(#118,#124),.PCURVE_S1.);
#113 = CIRCLE('',#114,1.);
#114 = AXIS2_PLACEMENT_3D('',#115,#116,#117);
#115 = CARTESIAN_POINT('',(19.,0.,5.));
#116 = DIRECTION('',(0.,1.,0.));
#117 = DIRECTION('',(1.,0.,-0.));
#118 = PCURVE('',#94,#119);
#119 = DEFINITIONAL_REPRESENTATION('',(#120),#123);
#120 = B_SPLINE_CURVE_WITH_KNOTS('',1,(#121,#122),.UNSPECIFIED.,.F.,.F.,
  (2,2),(0.,1.570796326795),.PIECEWISE_BEZIER_KNOTS.);
#121 = CARTESIAN_POINT('',(0.,0.));
#122 = CARTESIAN_POINT('',(0.,1.570796326795));
#123 = ( GEOMETRIC_REPRESENTATION_CONTEXT(2) 
PARAMETRIC_REPRESENTATION_CONTEXT() REPRESENTATION_CONTEXT('2D SPACE',''
  ) );
#124 = PCURVE('',#94,#125);
#125 = DEFINITIONAL_REPRESENTATION('',(#126),#129);
#126 = B_SPLINE_CURVE_WITH_KNOTS('',1,(#127,#128),.UNSPECIFIED.,.F.,.F.,
  (2,2),(0.,1.570796326795),.PIECEWISE_BEZIER_KNOTS.);
#127 = CARTESIAN_POINT('',(-6.28318530718,0.));
#128 = CARTESIAN_POINT('',(-6.28318530718,1.570796326795));
#129 = ( GEOMETRIC_REPRESENTATION_CONTEXT(2) 
PARAMETRIC_REPRESENTATION_CONTEXT() REPRESENTATION_CONTEXT('2D SPACE',''
  ) );
#130 = ORIENTED_EDGE('',*,*,#79,.F.);
#131 = ORIENTED_EDGE('',*,*,#109,.T.);
#132 = ORIENTED_EDGE('',*,*,#133,.T.);
#133 = EDGE_CURVE('',#110,#110,#134,.T.);
#134 = SURFACE_CURVE('',#135,(#140,#147),.PCURVE_S1.);
#135 = CIRCLE('',#136,19.);
#136 = AXIS2_PLACEMENT_3D('',#137,#138,#139);
#137 = CARTESIAN_POINT('',(0.,0.,4.));
#138 = DIRECTION('',(0.,0.,1.));
#139 = DIRECTION('',(1.,0.,-0.));
#140 = PCURVE('',#94,#141);
#141 = DEFINITIONAL_REPRESENTATION('',(#142),#146);
#142 = LINE('',#143,#144);
#143 = CARTESIAN_POINT('',(-0.,1.570796326795));
#144 = VECTOR('',#145,1.);
#145 = DIRECTION('',(-1.,0.));
#146 = ( GEOMETRIC_REPRESENTATION_CONTEXT(2) 
PARAMETRIC_REPRESENTATION_CONTEXT() REPRESENTATION_CONTEXT('2D SPACE',''
  ) );
#147 = PCURVE('',#148,#153);
#148 = PLANE('',#149);
#149 = AXIS2_PLACEMENT_3D('',#150,#151,#152);
#150 = CARTESIAN_POINT('',(-1.093952106032E-15,2.775209066E-16,4.));
#151 = DIRECTION('',(0.,0.,1.));
#152 = DIRECTION('',(1.,0.,-0.));
#153 = DEFINITIONAL_REPRESENTATION('',(#154),#158);
#154 = CIRCLE('',#155,19.);
#155 = AXIS2_PLACEMENT_2D('',#156,#157);
#156 = CARTESIAN_POINT('',(1.093952106032E-15,-2.775209066E-16));
#157 = DIRECTION('',(1.,0.));
#158 = ( GEOMETRIC_REPRESENTATION_CONTEXT(2) 
PARAMETRIC_REPRESENTATION_CONTEXT() REPRESENTATION_CONTEXT('2D SPACE',''
  ) );
#159 = ADVANCED_FACE('',(#160),#66,.T.);
#160 = FACE_BOUND('',#161,.T.);
#161 = EDGE_LOOP('',(#162,#184,#185,#186));
#162 = ORIENTED_EDGE('',*,*,#163,.F.);
#163 = EDGE_CURVE('',#24,#164,#166,.T.);
#164 = VERTEX_POINT('',#165);
#165 = CARTESIAN_POINT('',(19.,0.,8.));
#166 = SEAM_CURVE('',#167,(#172,#178),.PCURVE_S1.);
#167 = CIRCLE('',#168,1.);
#168 = AXIS2_PLACEMENT_3D('',#169,#170,#171);
#169 = CARTESIAN_POINT('',(19.,0.,7.));
#170 = DIRECTION('',(0.,-1.,0.));
#171 = DIRECTION('',(1.,0.,0.));
#172 = PCURVE('',#66,#173);
#173 = DEFINITIONAL_REPRESENTATION('',(#174),#177);
#174 = B_SPLINE_CURVE_WITH_KNOTS('',1,(#175,#176),.UNSPECIFIED.,.F.,.F.,
  (2,2),(0.,1.570796326795),.PIECEWISE_BEZIER_KNOTS.);
#175 = CARTESIAN_POINT('',(0.,0.));
#176 = CARTESIAN_POINT('',(0.,1.570796326795));
#177 = ( GEOMETRIC_REPRESENTATION_CONTEXT(2) 
PARAMETRIC_REPRESENTATION_CONTEXT() REPRESENTATION_CONTEXT('2D SPACE',''
  ) );
#178 = PCURVE('',#66,#179);
#179 = DEFINITIONAL_REPRESENTATION('',(#180),#183);
#180 = B_SPLINE_CURVE_WITH_KNOTS('',1,(#181,#182),.UNSPECIFIED.,.F.,.F.,
  (2,2),(0.,1.570796326795),.PIECEWISE_BEZIER_KNOTS.);
#181 = CARTESIAN_POINT('',(6.28318530718,0.));
#182 = CARTESIAN_POINT('',(6.28318530718,1.570796326795));
#183 = ( GEOMETRIC_REPRESENTATION_CONTEXT(2) 
PARAMETRIC_REPRESENTATION_CONTEXT() REPRESENTATION_CONTEXT('2D SPACE',''
  ) );
#184 = ORIENTED_EDGE('',*,*,#51,.T.);
#185 = ORIENTED_EDGE('',*,*,#163,.T.);
#186 = ORIENTED_EDGE('',*,*,#187,.F.);
#187 = EDGE_CURVE('',#164,#164,#188,.T.);
#188 = SURFACE_CURVE('',#189,(#194,#201),.PCURVE_S1.);
#189 = CIRCLE('',#190,19.);
#190 = AXIS2_PLACEMENT_3D('',#191,#192,#193);
#191 = CARTESIAN_POINT('',(0.,0.,8.));
#192 = DIRECTION('',(0.,0.,1.));
#193 = DIRECTION('',(1.,0.,-0.));
#194 = PCURVE('',#66,#195);
#195 = DEFINITIONAL_REPRESENTATION('',(#196),#200);
#196 = LINE('',#197,#198);
#197 = CARTESIAN_POINT('',(0.,1.570796326795));
#198 = VECTOR('',#199,1.);
#199 = DIRECTION('',(1.,0.));
#200 = ( GEOMETRIC_REPRESENTATION_CONTEXT(2) 
PARAMETRIC_REPRESENTATION_CONTEXT() REPRESENTATION_CONTEXT('2D SPACE',''
  ) );
#201 = PCURVE('',#202,#207);
#202 = PLANE('',#203);
#203 = AXIS2_PLACEMENT_3D('',#204,#205,#206);
#204 = CARTESIAN_POINT('',(-1.093952106032E-15,2.775209066E-16,8.));
#205 = DIRECTION('',(0.,0.,1.));
#206 = DIRECTION('',(1.,0.,-0.));
#207 = DEFINITIONAL_REPRESENTATION('',(#208),#212);
#208 = CIRCLE('',#209,19.);
#209 = AXIS2_PLACEMENT_2D('',#210,#211);
#210 = CARTESIAN_POINT('',(1.093952106032E-15,-2.775209066E-16));
#211 = DIRECTION('',(1.,0.));
#212 = ( GEOMETRIC_REPRESENTATION_CONTEXT(2) 
PARAMETRIC_REPRESENTATION_CONTEXT() REPRESENTATION_CONTEXT('2D SPACE',''
  ) );
#213 = ADVANCED_FACE('',(#214,#217,#248,#279,#310,#341),#148,.F.);
#214 = FACE_BOUND('',#215,.F.);
#215 = EDGE_LOOP('',(#216));
#216 = ORIENTED_EDGE('',*,*,#133,.T.);
#217 = FACE_BOUND('',#218,.F.);
#218 = EDGE_LOOP('',(#219));
#219 = ORIENTED_EDGE('',*,*,#220,.F.);
#220 = EDGE_CURVE('',#221,#221,#223,.T.);
#221 = VERTEX_POINT('',#222);
#222 = CARTESIAN_POINT('',(1.2,-7.,4.));
#223 = SURFACE_CURVE('',#224,(#229,#236),.PCURVE_S1.);
#224 = CIRCLE('',#225,1.2);
#225 = AXIS2_PLACEMENT_3D('',#226,#227,#228);
#226 = CARTESIAN_POINT('',(0.,-7.,4.));
#227 = DIRECTION('',(0.,0.,1.));
#228 = DIRECTION('',(1.,0.,-0.));
#229 = PCURVE('',#148,#230);
#230 = DEFINITIONAL_REPRESENTATION('',(#231),#235);
#231 = CIRCLE('',#232,1.2);
#232 = AXIS2_PLACEMENT_2D('',#233,#234);
#233 = CARTESIAN_POINT('',(1.093952106032E-15,-7.));
#234 = DIRECTION('',(1.,0.));
#235 = ( GEOMETRIC_REPRESENTATION_CONTEXT(2) 
PARAMETRIC_REPRESENTATION_CONTEXT() REPRESENTATION_CONTEXT('2D SPACE',''
  ) );
#236 = PCURVE('',#237,#242);
#237 = CYLINDRICAL_SURFACE('',#238,1.2);
#238 = AXIS2_PLACEMENT_3D('',#239,#240,#241);
#239 = CARTESIAN_POINT('',(0.,-7.,3.5));
#240 = DIRECTION('',(0.,0.,1.));
#241 = DIRECTION('',(1.,0.,-0.));
#242 = DEFINITIONAL_REPRESENTATION('',(#243),#247);
#243 = LINE('',#244,#245);
#244 = CARTESIAN_POINT('',(0.,0.5));
#245 = VECTOR('',#246,1.);
#246 = DIRECTION('',(1.,0.));
#247 = ( GEOMETRIC_REPRESENTATION_CONTEXT(2) 
PARAMETRIC_REPRESENTATION_CONTEXT() REPRESENTATION_CONTEXT('2D SPACE',''
  ) );
#248 = FACE_BOUND('',#249,.F.);
#249 = EDGE_LOOP('',(#250));
#250 = ORIENTED_EDGE('',*,*,#251,.F.);
#251 = EDGE_CURVE('',#252,#252,#254,.T.);
#252 = VERTEX_POINT('',#253);
#253 = CARTESIAN_POINT('',(-6.,-2.449293598295E-16,4.));
#254 = SURFACE_CURVE('',#255,(#260,#267),.PCURVE_S1.);
#255 = CIRCLE('',#256,1.);
#256 = AXIS2_PLACEMENT_3D('',#257,#258,#259);
#257 = CARTESIAN_POINT('',(-7.,0.,4.));
#258 = DIRECTION('',(0.,0.,1.));
#259 = DIRECTION('',(1.,0.,-0.));
#260 = PCURVE('',#148,#261);
#261 = DEFINITIONAL_REPRESENTATION('',(#262),#266);
#262 = CIRCLE('',#263,1.);
#263 = AXIS2_PLACEMENT_2D('',#264,#265);
#264 = CARTESIAN_POINT('',(-7.,-2.775209066E-16));
#265 = DIRECTION('',(1.,0.));
#266 = ( GEOMETRIC_REPRESENTATION_CONTEXT(2) 
PARAMETRIC_REPRESENTATION_CONTEXT() REPRESENTATION_CONTEXT('2D SPACE',''
  ) );
#267 = PCURVE('',#268,#273);
#268 = CYLINDRICAL_SURFACE('',#269,1.);
#269 = AXIS2_PLACEMENT_3D('',#270,#271,#272);
#270 = CARTESIAN_POINT('',(-7.,0.,3.5));
#271 = DIRECTION('',(0.,0.,1.));
#272 = DIRECTION('',(1.,0.,-0.));
#273 = DEFINITIONAL_REPRESENTATION('',(#274),#278);
#274 = LINE('',#275,#276);
#275 = CARTESIAN_POINT('',(0.,0.5));
#276 = VECTOR('',#277,1.);
#277 = DIRECTION('',(1.,0.));
#278 = ( GEOMETRIC_REPRESENTATION_CONTEXT(2) 
PARAMETRIC_REPRESENTATION_CONTEXT() REPRESENTATION_CONTEXT('2D SPACE',''
  ) );
#279 = FACE_BOUND('',#280,.F.);
#280 = EDGE_LOOP('',(#281));
#281 = ORIENTED_EDGE('',*,*,#282,.F.);
#282 = EDGE_CURVE('',#283,#283,#285,.T.);
#283 = VERTEX_POINT('',#284);
#284 = CARTESIAN_POINT('',(3.2,-7.837739514543E-16,4.));
#285 = SURFACE_CURVE('',#286,(#291,#298),.PCURVE_S1.);
#286 = CIRCLE('',#287,3.2);
#287 = AXIS2_PLACEMENT_3D('',#288,#289,#290);
#288 = CARTESIAN_POINT('',(0.,0.,4.));
#289 = DIRECTION('',(0.,0.,1.));
#290 = DIRECTION('',(1.,0.,-0.));
#291 = PCURVE('',#148,#292);
#292 = DEFINITIONAL_REPRESENTATION('',(#293),#297);
#293 = CIRCLE('',#294,3.2);
#294 = AXIS2_PLACEMENT_2D('',#295,#296);
#295 = CARTESIAN_POINT('',(1.093952106032E-15,-2.775209066E-16));
#296 = DIRECTION('',(1.,0.));
#297 = ( GEOMETRIC_REPRESENTATION_CONTEXT(2) 
PARAMETRIC_REPRESENTATION_CONTEXT() REPRESENTATION_CONTEXT('2D SPACE',''
  ) );
#298 = PCURVE('',#299,#304);
#299 = CYLINDRICAL_SURFACE('',#300,3.2);
#300 = AXIS2_PLACEMENT_3D('',#301,#302,#303);
#301 = CARTESIAN_POINT('',(0.,0.,3.5));
#302 = DIRECTION('',(0.,0.,1.));
#303 = DIRECTION('',(1.,0.,-0.));
#304 = DEFINITIONAL_REPRESENTATION('',(#305),#309);
#305 = LINE('',#306,#307);
#306 = CARTESIAN_POINT('',(0.,0.5));
#307 = VECTOR('',#308,1.);
#308 = DIRECTION('',(1.,0.));
#309 = ( GEOMETRIC_REPRESENTATION_CONTEXT(2) 
PARAMETRIC_REPRESENTATION_CONTEXT() REPRESENTATION_CONTEXT('2D SPACE',''
  ) );
#310 = FACE_BOUND('',#311,.F.);
#311 = EDGE_LOOP('',(#312));
#312 = ORIENTED_EDGE('',*,*,#313,.F.);
#313 = EDGE_CURVE('',#314,#314,#316,.T.);
#314 = VERTEX_POINT('',#315);
#315 = CARTESIAN_POINT('',(8.,-2.449293598295E-16,4.));
#316 = SURFACE_CURVE('',#317,(#322,#329),.PCURVE_S1.);
#317 = CIRCLE('',#318,1.);
#318 = AXIS2_PLACEMENT_3D('',#319,#320,#321);
#319 = CARTESIAN_POINT('',(7.,0.,4.));
#320 = DIRECTION('',(0.,0.,1.));
#321 = DIRECTION('',(1.,0.,-0.));
#322 = PCURVE('',#148,#323);
#323 = DEFINITIONAL_REPRESENTATION('',(#324),#328);
#324 = CIRCLE('',#325,1.);
#325 = AXIS2_PLACEMENT_2D('',#326,#327);
#326 = CARTESIAN_POINT('',(7.,-2.775209066E-16));
#327 = DIRECTION('',(1.,0.));
#328 = ( GEOMETRIC_REPRESENTATION_CONTEXT(2) 
PARAMETRIC_REPRESENTATION_CONTEXT() REPRESENTATION_CONTEXT('2D SPACE',''
  ) );
#329 = PCURVE('',#330,#335);
#330 = CYLINDRICAL_SURFACE('',#331,1.);
#331 = AXIS2_PLACEMENT_3D('',#332,#333,#334);
#332 = CARTESIAN_POINT('',(7.,0.,3.5));
#333 = DIRECTION('',(0.,0.,1.));
#334 = DIRECTION('',(1.,0.,-0.));
#335 = DEFINITIONAL_REPRESENTATION('',(#336),#340);
#336 = LINE('',#337,#338);
#337 = CARTESIAN_POINT('',(0.,0.5));
#338 = VECTOR('',#339,1.);
#339 = DIRECTION('',(1.,0.));
#340 = ( GEOMETRIC_REPRESENTATION_CONTEXT(2) 
PARAMETRIC_REPRESENTATION_CONTEXT() REPRESENTATION_CONTEXT('2D SPACE',''
  ) );
#341 = FACE_BOUND('',#342,.F.);
#342 = EDGE_LOOP('',(#343));
#343 = ORIENTED_EDGE('',*,*,#344,.F.);
#344 = EDGE_CURVE('',#345,#345,#347,.T.);
#345 = VERTEX_POINT('',#346);
#346 = CARTESIAN_POINT('',(1.2,7.,4.));
#347 = SURFACE_CURVE('',#348,(#353,#360),.PCURVE_S1.);
#348 = CIRCLE('',#349,1.2);
#349 = AXIS2_PLACEMENT_3D('',#350,#351,#352);
#350 = CARTESIAN_POINT('',(0.,7.,4.));
#351 = DIRECTION('',(0.,0.,1.));
#352 = DIRECTION('',(1.,0.,-0.));
#353 = PCURVE('',#148,#354);
#354 = DEFINITIONAL_REPRESENTATION('',(#355),#359);
#355 = CIRCLE('',#356,1.2);
#356 = AXIS2_PLACEMENT_2D('',#357,#358);
#357 = CARTESIAN_POINT('',(1.093952106032E-15,7.));
#358 = DIRECTION('',(1.,0.));
#359 = ( GEOMETRIC_REPRESENTATION_CONTEXT(2) 
PARAMETRIC_REPRESENTATION_CONTEXT() REPRESENTATION_CONTEXT('2D SPACE',''
  ) );
#360 = PCURVE('',#361,#366);
#361 = CYLINDRICAL_SURFACE('',#362,1.2);
#362 = AXIS2_PLACEMENT_3D('',#363,#364,#365);
#363 = CARTESIAN_POINT('',(0.,7.,3.5));
#364 = DIRECTION('',(0.,0.,1.));
#365 = DIRECTION('',(1.,0.,-0.));
#366 = DEFINITIONAL_REPRESENTATION('',(#367),#371);
#367 = LINE('',#368,#369);
#368 = CARTESIAN_POINT('',(0.,0.5));
#369 = VECTOR('',#370,1.);
#370 = DIRECTION('',(1.,0.));
#371 = ( GEOMETRIC_REPRESENTATION_CONTEXT(2) 
PARAMETRIC_REPRESENTATION_CONTEXT() REPRESENTATION_CONTEXT('2D SPACE',''
  ) );
#372 = ADVANCED_FACE('',(#373,#376),#202,.T.);
#373 = FACE_BOUND('',#374,.T.);
#374 = EDGE_LOOP('',(#375));
#375 = ORIENTED_EDGE('',*,*,#187,.T.);
#376 = FACE_BOUND('',#377,.T.);
#377 = EDGE_LOOP('',(#378,#406,#432,#458,#487,#511,#538,#564,#590,#619)
  );
#378 = ORIENTED_EDGE('',*,*,#379,.F.);
#379 = EDGE_CURVE('',#380,#382,#384,.T.);
#380 = VERTEX_POINT('',#381);
#381 = CARTESIAN_POINT('',(12.649110640674,5.,8.));
#382 = VERTEX_POINT('',#383);
#383 = CARTESIAN_POINT('',(1.13578166916,5.,8.));
#384 = SURFACE_CURVE('',#385,(#389,#395),.PCURVE_S1.);
#385 = LINE('',#386,#387);
#386 = CARTESIAN_POINT('',(-5.449927172295,5.,8.));
#387 = VECTOR('',#388,1.);
#388 = DIRECTION('',(-1.,0.,0.));
#389 = PCURVE('',#202,#390);
#390 = DEFINITIONAL_REPRESENTATION('',(#391),#394);
#391 = B_SPLINE_CURVE_WITH_KNOTS('',1,(#392,#393),.UNSPECIFIED.,.F.,.F.,
  (2,2),(-19.44992717229,13.550072827705),.PIECEWISE_BEZIER_KNOTS.);
#392 = CARTESIAN_POINT('',(14.,5.));
#393 = CARTESIAN_POINT('',(-19.,5.));
#394 = ( GEOMETRIC_REPRESENTATION_CONTEXT(2) 
PARAMETRIC_REPRESENTATION_CONTEXT() REPRESENTATION_CONTEXT('2D SPACE',''
  ) );
#395 = PCURVE('',#396,#401);
#396 = PLANE('',#397);
#397 = AXIS2_PLACEMENT_3D('',#398,#399,#400);
#398 = CARTESIAN_POINT('',(-10.89985434459,5.,54.));
#399 = DIRECTION('',(0.,1.,0.));
#400 = DIRECTION('',(0.,-0.,1.));
#401 = DEFINITIONAL_REPRESENTATION('',(#402),#405);
#402 = B_SPLINE_CURVE_WITH_KNOTS('',1,(#403,#404),.UNSPECIFIED.,.F.,.F.,
  (2,2),(-19.44992717229,13.550072827705),.PIECEWISE_BEZIER_KNOTS.);
#403 = CARTESIAN_POINT('',(-46.,24.89985434459));
#404 = CARTESIAN_POINT('',(-46.,-8.10014565541));
#405 = ( GEOMETRIC_REPRESENTATION_CONTEXT(2) 
PARAMETRIC_REPRESENTATION_CONTEXT() REPRESENTATION_CONTEXT('2D SPACE',''
  ) );
#406 = ORIENTED_EDGE('',*,*,#407,.T.);
#407 = EDGE_CURVE('',#380,#408,#410,.T.);
#408 = VERTEX_POINT('',#409);
#409 = CARTESIAN_POINT('',(12.649110640674,-5.,8.));
#410 = SURFACE_CURVE('',#411,(#415,#421),.PCURVE_S1.);
#411 = LINE('',#412,#413);
#412 = CARTESIAN_POINT('',(12.649110640674,0.,8.));
#413 = VECTOR('',#414,1.);
#414 = DIRECTION('',(0.,-1.,0.));
#415 = PCURVE('',#202,#416);
#416 = DEFINITIONAL_REPRESENTATION('',(#417),#420);
#417 = B_SPLINE_CURVE_WITH_KNOTS('',1,(#418,#419),.UNSPECIFIED.,.F.,.F.,
  (2,2),(-5.0000006,5.0000006),.PIECEWISE_BEZIER_KNOTS.);
#418 = CARTESIAN_POINT('',(12.649110640674,5.0000006));
#419 = CARTESIAN_POINT('',(12.649110640674,-5.0000006));
#420 = ( GEOMETRIC_REPRESENTATION_CONTEXT(2) 
PARAMETRIC_REPRESENTATION_CONTEXT() REPRESENTATION_CONTEXT('2D SPACE',''
  ) );
#421 = PCURVE('',#422,#427);
#422 = CYLINDRICAL_SURFACE('',#423,14.);
#423 = AXIS2_PLACEMENT_3D('',#424,#425,#426);
#424 = CARTESIAN_POINT('',(0.,0.,14.));
#425 = DIRECTION('',(0.,-1.,0.));
#426 = DIRECTION('',(1.,0.,0.));
#427 = DEFINITIONAL_REPRESENTATION('',(#428),#431);
#428 = B_SPLINE_CURVE_WITH_KNOTS('',1,(#429,#430),.UNSPECIFIED.,.F.,.F.,
  (2,2),(-5.0000006,5.0000006),.PIECEWISE_BEZIER_KNOTS.);
#429 = CARTESIAN_POINT('',(5.840274263106,-5.0000006));
#430 = CARTESIAN_POINT('',(5.840274263106,5.0000006));
#431 = ( GEOMETRIC_REPRESENTATION_CONTEXT(2) 
PARAMETRIC_REPRESENTATION_CONTEXT() REPRESENTATION_CONTEXT('2D SPACE',''
  ) );
#432 = ORIENTED_EDGE('',*,*,#433,.T.);
#433 = EDGE_CURVE('',#408,#434,#436,.T.);
#434 = VERTEX_POINT('',#435);
#435 = CARTESIAN_POINT('',(1.13578166916,-5.,8.));
#436 = SURFACE_CURVE('',#437,(#441,#447),.PCURVE_S1.);
#437 = LINE('',#438,#439);
#438 = CARTESIAN_POINT('',(-5.449927172295,-5.,8.));
#439 = VECTOR('',#440,1.);
#440 = DIRECTION('',(-1.,0.,0.));
#441 = PCURVE('',#202,#442);
#442 = DEFINITIONAL_REPRESENTATION('',(#443),#446);
#443 = B_SPLINE_CURVE_WITH_KNOTS('',1,(#444,#445),.UNSPECIFIED.,.F.,.F.,
  (2,2),(-19.44992717229,13.550072827705),.PIECEWISE_BEZIER_KNOTS.);
#444 = CARTESIAN_POINT('',(14.,-5.));
#445 = CARTESIAN_POINT('',(-19.,-5.));
#446 = ( GEOMETRIC_REPRESENTATION_CONTEXT(2) 
PARAMETRIC_REPRESENTATION_CONTEXT() REPRESENTATION_CONTEXT('2D SPACE',''
  ) );
#447 = PCURVE('',#448,#453);
#448 = PLANE('',#449);
#449 = AXIS2_PLACEMENT_3D('',#450,#451,#452);
#450 = CARTESIAN_POINT('',(-10.89985434459,-5.,54.));
#451 = DIRECTION('',(0.,1.,0.));
#452 = DIRECTION('',(0.,-0.,1.));
#453 = DEFINITIONAL_REPRESENTATION('',(#454),#457);
#454 = B_SPLINE_CURVE_WITH_KNOTS('',1,(#455,#456),.UNSPECIFIED.,.F.,.F.,
  (2,2),(-19.44992717229,13.550072827705),.PIECEWISE_BEZIER_KNOTS.);
#455 = CARTESIAN_POINT('',(-46.,24.89985434459));
#456 = CARTESIAN_POINT('',(-46.,-8.10014565541));
#457 = ( GEOMETRIC_REPRESENTATION_CONTEXT(2) 
PARAMETRIC_REPRESENTATION_CONTEXT() REPRESENTATION_CONTEXT('2D SPACE',''
  ) );
#458 = ORIENTED_EDGE('',*,*,#459,.F.);
#459 = EDGE_CURVE('',#460,#434,#462,.T.);
#460 = VERTEX_POINT('',#461);
#461 = CARTESIAN_POINT('',(2.3,-7.,8.));
#462 = SURFACE_CURVE('',#463,(#468,#475),.PCURVE_S1.);
#463 = CIRCLE('',#464,2.3);
#464 = AXIS2_PLACEMENT_3D('',#465,#466,#467);
#465 = CARTESIAN_POINT('',(0.,-7.,8.));
#466 = DIRECTION('',(0.,0.,1.));
#467 = DIRECTION('',(1.,0.,-0.));
#468 = PCURVE('',#202,#469);
#469 = DEFINITIONAL_REPRESENTATION('',(#470),#474);
#470 = CIRCLE('',#471,2.3);
#471 = AXIS2_PLACEMENT_2D('',#472,#473);
#472 = CARTESIAN_POINT('',(1.093952106032E-15,-7.));
#473 = DIRECTION('',(1.,0.));
#474 = ( GEOMETRIC_REPRESENTATION_CONTEXT(2) 
PARAMETRIC_REPRESENTATION_CONTEXT() REPRESENTATION_CONTEXT('2D SPACE',''
  ) );
#475 = PCURVE('',#476,#481);
#476 = CYLINDRICAL_SURFACE('',#477,2.3);
#477 = AXIS2_PLACEMENT_3D('',#478,#479,#480);
#478 = CARTESIAN_POINT('',(0.,-7.,5.2));
#479 = DIRECTION('',(0.,0.,1.));
#480 = DIRECTION('',(1.,0.,-0.));
#481 = DEFINITIONAL_REPRESENTATION('',(#482),#486);
#482 = LINE('',#483,#484);
#483 = CARTESIAN_POINT('',(0.,2.8));
#484 = VECTOR('',#485,1.);
#485 = DIRECTION('',(1.,0.));
#486 = ( GEOMETRIC_REPRESENTATION_CONTEXT(2) 
PARAMETRIC_REPRESENTATION_CONTEXT() REPRESENTATION_CONTEXT('2D SPACE',''
  ) );
#487 = ORIENTED_EDGE('',*,*,#488,.F.);
#488 = EDGE_CURVE('',#489,#460,#491,.T.);
#489 = VERTEX_POINT('',#490);
#490 = CARTESIAN_POINT('',(-1.13578166916,-5.,8.));
#491 = SURFACE_CURVE('',#492,(#497,#504),.PCURVE_S1.);
#492 = CIRCLE('',#493,2.3);
#493 = AXIS2_PLACEMENT_3D('',#494,#495,#496);
#494 = CARTESIAN_POINT('',(0.,-7.,8.));
#495 = DIRECTION('',(0.,0.,1.));
#496 = DIRECTION('',(1.,0.,-0.));
#497 = PCURVE('',#202,#498);
#498 = DEFINITIONAL_REPRESENTATION('',(#499),#503);
#499 = CIRCLE('',#500,2.3);
#500 = AXIS2_PLACEMENT_2D('',#501,#502);
#501 = CARTESIAN_POINT('',(1.093952106032E-15,-7.));
#502 = DIRECTION('',(1.,0.));
#503 = ( GEOMETRIC_REPRESENTATION_CONTEXT(2) 
PARAMETRIC_REPRESENTATION_CONTEXT() REPRESENTATION_CONTEXT('2D SPACE',''
  ) );
#504 = PCURVE('',#476,#505);
#505 = DEFINITIONAL_REPRESENTATION('',(#506),#510);
#506 = LINE('',#507,#508);
#507 = CARTESIAN_POINT('',(0.,2.8));
#508 = VECTOR('',#509,1.);
#509 = DIRECTION('',(1.,0.));
#510 = ( GEOMETRIC_REPRESENTATION_CONTEXT(2) 
PARAMETRIC_REPRESENTATION_CONTEXT() REPRESENTATION_CONTEXT('2D SPACE',''
  ) );
#511 = ORIENTED_EDGE('',*,*,#512,.T.);
#512 = EDGE_CURVE('',#489,#513,#515,.T.);
#513 = VERTEX_POINT('',#514);
#514 = CARTESIAN_POINT('',(-12.64911064067,-5.,8.));
#515 = SURFACE_CURVE('',#516,(#520,#526),.PCURVE_S1.);
#516 = LINE('',#517,#518);
#517 = CARTESIAN_POINT('',(-5.449927172295,-5.,8.));
#518 = VECTOR('',#519,1.);
#519 = DIRECTION('',(-1.,0.,0.));
#520 = PCURVE('',#202,#521);
#521 = DEFINITIONAL_REPRESENTATION('',(#522),#525);
#522 = B_SPLINE_CURVE_WITH_KNOTS('',1,(#523,#524),.UNSPECIFIED.,.F.,.F.,
  (2,2),(-19.44992717229,13.550072827705),.PIECEWISE_BEZIER_KNOTS.);
#523 = CARTESIAN_POINT('',(14.,-5.));
#524 = CARTESIAN_POINT('',(-19.,-5.));
#525 = ( GEOMETRIC_REPRESENTATION_CONTEXT(2) 
PARAMETRIC_REPRESENTATION_CONTEXT() REPRESENTATION_CONTEXT('2D SPACE',''
  ) );
#526 = PCURVE('',#527,#532);
#527 = PLANE('',#528);
#528 = AXIS2_PLACEMENT_3D('',#529,#530,#531);
#529 = CARTESIAN_POINT('',(-10.89985434459,-5.,54.));
#530 = DIRECTION('',(0.,1.,0.));
#531 = DIRECTION('',(0.,-0.,1.));
#532 = DEFINITIONAL_REPRESENTATION('',(#533),#537);
#533 = LINE('',#534,#535);
#534 = CARTESIAN_POINT('',(-46.,5.449927172295));
#535 = VECTOR('',#536,1.);
#536 = DIRECTION('',(0.,-1.));
#537 = ( GEOMETRIC_REPRESENTATION_CONTEXT(2) 
PARAMETRIC_REPRESENTATION_CONTEXT() REPRESENTATION_CONTEXT('2D SPACE',''
  ) );
#538 = ORIENTED_EDGE('',*,*,#539,.F.);
#539 = EDGE_CURVE('',#540,#513,#542,.T.);
#540 = VERTEX_POINT('',#541);
#541 = CARTESIAN_POINT('',(-12.64911064067,5.,8.));
#542 = SURFACE_CURVE('',#543,(#547,#553),.PCURVE_S1.);
#543 = LINE('',#544,#545);
#544 = CARTESIAN_POINT('',(-12.64911064067,0.,8.));
#545 = VECTOR('',#546,1.);
#546 = DIRECTION('',(0.,-1.,0.));
#547 = PCURVE('',#202,#548);
#548 = DEFINITIONAL_REPRESENTATION('',(#549),#552);
#549 = B_SPLINE_CURVE_WITH_KNOTS('',1,(#550,#551),.UNSPECIFIED.,.F.,.F.,
  (2,2),(-5.0000006,5.0000006),.PIECEWISE_BEZIER_KNOTS.);
#550 = CARTESIAN_POINT('',(-12.64911064067,5.0000006));
#551 = CARTESIAN_POINT('',(-12.64911064067,-5.0000006));
#552 = ( GEOMETRIC_REPRESENTATION_CONTEXT(2) 
PARAMETRIC_REPRESENTATION_CONTEXT() REPRESENTATION_CONTEXT('2D SPACE',''
  ) );
#553 = PCURVE('',#554,#559);
#554 = CYLINDRICAL_SURFACE('',#555,14.);
#555 = AXIS2_PLACEMENT_3D('',#556,#557,#558);
#556 = CARTESIAN_POINT('',(0.,0.,14.));
#557 = DIRECTION('',(0.,-1.,0.));
#558 = DIRECTION('',(1.,0.,0.));
#559 = DEFINITIONAL_REPRESENTATION('',(#560),#563);
#560 = B_SPLINE_CURVE_WITH_KNOTS('',1,(#561,#562),.UNSPECIFIED.,.F.,.F.,
  (2,2),(-5.0000006,5.0000006),.PIECEWISE_BEZIER_KNOTS.);
#561 = CARTESIAN_POINT('',(3.584503697663,-5.0000006));
#562 = CARTESIAN_POINT('',(3.584503697663,5.0000006));
#563 = ( GEOMETRIC_REPRESENTATION_CONTEXT(2) 
PARAMETRIC_REPRESENTATION_CONTEXT() REPRESENTATION_CONTEXT('2D SPACE',''
  ) );
#564 = ORIENTED_EDGE('',*,*,#565,.F.);
#565 = EDGE_CURVE('',#566,#540,#568,.T.);
#566 = VERTEX_POINT('',#567);
#567 = CARTESIAN_POINT('',(-1.13578166916,5.,8.));
#568 = SURFACE_CURVE('',#569,(#573,#579),.PCURVE_S1.);
#569 = LINE('',#570,#571);
#570 = CARTESIAN_POINT('',(-5.449927172295,5.,8.));
#571 = VECTOR('',#572,1.);
#572 = DIRECTION('',(-1.,0.,0.));
#573 = PCURVE('',#202,#574);
#574 = DEFINITIONAL_REPRESENTATION('',(#575),#578);
#575 = B_SPLINE_CURVE_WITH_KNOTS('',1,(#576,#577),.UNSPECIFIED.,.F.,.F.,
  (2,2),(-19.44992717229,13.550072827705),.PIECEWISE_BEZIER_KNOTS.);
#576 = CARTESIAN_POINT('',(14.,5.));
#577 = CARTESIAN_POINT('',(-19.,5.));
#578 = ( GEOMETRIC_REPRESENTATION_CONTEXT(2) 
PARAMETRIC_REPRESENTATION_CONTEXT() REPRESENTATION_CONTEXT('2D SPACE',''
  ) );
#579 = PCURVE('',#580,#585);
#580 = PLANE('',#581);
#581 = AXIS2_PLACEMENT_3D('',#582,#583,#584);
#582 = CARTESIAN_POINT('',(-10.89985434459,5.,54.));
#583 = DIRECTION('',(0.,1.,0.));
#584 = DIRECTION('',(0.,-0.,1.));
#585 = DEFINITIONAL_REPRESENTATION('',(#586),#589);
#586 = B_SPLINE_CURVE_WITH_KNOTS('',1,(#587,#588),.UNSPECIFIED.,.F.,.F.,
  (2,2),(-19.44992717229,13.550072827705),.PIECEWISE_BEZIER_KNOTS.);
#587 = CARTESIAN_POINT('',(-46.,24.89985434459));
#588 = CARTESIAN_POINT('',(-46.,-8.10014565541));
#589 = ( GEOMETRIC_REPRESENTATION_CONTEXT(2) 
PARAMETRIC_REPRESENTATION_CONTEXT() REPRESENTATION_CONTEXT('2D SPACE',''
  ) );
#590 = ORIENTED_EDGE('',*,*,#591,.F.);
#591 = EDGE_CURVE('',#592,#566,#594,.T.);
#592 = VERTEX_POINT('',#593);
#593 = CARTESIAN_POINT('',(2.3,7.,8.));
#594 = SURFACE_CURVE('',#595,(#600,#607),.PCURVE_S1.);
#595 = CIRCLE('',#596,2.3);
#596 = AXIS2_PLACEMENT_3D('',#597,#598,#599);
#597 = CARTESIAN_POINT('',(0.,7.,8.));
#598 = DIRECTION('',(0.,0.,1.));
#599 = DIRECTION('',(1.,0.,-0.));
#600 = PCURVE('',#202,#601);
#601 = DEFINITIONAL_REPRESENTATION('',(#602),#606);
#602 = CIRCLE('',#603,2.3);
#603 = AXIS2_PLACEMENT_2D('',#604,#605);
#604 = CARTESIAN_POINT('',(1.093952106032E-15,7.));
#605 = DIRECTION('',(1.,0.));
#606 = ( GEOMETRIC_REPRESENTATION_CONTEXT(2) 
PARAMETRIC_REPRESENTATION_CONTEXT() REPRESENTATION_CONTEXT('2D SPACE',''
  ) );
#607 = PCURVE('',#608,#613);
#608 = CYLINDRICAL_SURFACE('',#609,2.3);
#609 = AXIS2_PLACEMENT_3D('',#610,#611,#612);
#610 = CARTESIAN_POINT('',(0.,7.,5.2));
#611 = DIRECTION('',(0.,0.,1.));
#612 = DIRECTION('',(1.,0.,-0.));
#613 = DEFINITIONAL_REPRESENTATION('',(#614),#618);
#614 = LINE('',#615,#616);
#615 = CARTESIAN_POINT('',(0.,2.8));
#616 = VECTOR('',#617,1.);
#617 = DIRECTION('',(1.,0.));
#618 = ( GEOMETRIC_REPRESENTATION_CONTEXT(2) 
PARAMETRIC_REPRESENTATION_CONTEXT() REPRESENTATION_CONTEXT('2D SPACE',''
  ) );
#619 = ORIENTED_EDGE('',*,*,#620,.F.);
#620 = EDGE_CURVE('',#382,#592,#621,.T.);
#621 = SURFACE_CURVE('',#622,(#627,#634),.PCURVE_S1.);
#622 = CIRCLE('',#623,2.3);
#623 = AXIS2_PLACEMENT_3D('',#624,#625,#626);
#624 = CARTESIAN_POINT('',(0.,7.,8.));
#625 = DIRECTION('',(0.,0.,1.));
#626 = DIRECTION('',(1.,0.,-0.));
#627 = PCURVE('',#202,#628);
#628 = DEFINITIONAL_REPRESENTATION('',(#629),#633);
#629 = CIRCLE('',#630,2.3);
#630 = AXIS2_PLACEMENT_2D('',#631,#632);
#631 = CARTESIAN_POINT('',(1.093952106032E-15,7.));
#632 = DIRECTION('',(1.,0.));
#633 = ( GEOMETRIC_REPRESENTATION_CONTEXT(2) 
PARAMETRIC_REPRESENTATION_CONTEXT() REPRESENTATION_CONTEXT('2D SPACE',''
  ) );
#634 = PCURVE('',#608,#635);
#635 = DEFINITIONAL_REPRESENTATION('',(#636),#640);
#636 = LINE('',#637,#638);
#637 = CARTESIAN_POINT('',(0.,2.8));
#638 = VECTOR('',#639,1.);
#639 = DIRECTION('',(1.,0.));
#640 = ( GEOMETRIC_REPRESENTATION_CONTEXT(2) 
PARAMETRIC_REPRESENTATION_CONTEXT() REPRESENTATION_CONTEXT('2D SPACE',''
  ) );
#641 = ADVANCED_FACE('',(#642),#237,.F.);
#642 = FACE_BOUND('',#643,.F.);
#643 = EDGE_LOOP('',(#644,#673,#694,#695));
#644 = ORIENTED_EDGE('',*,*,#645,.F.);
#645 = EDGE_CURVE('',#646,#646,#648,.T.);
#646 = VERTEX_POINT('',#647);
#647 = CARTESIAN_POINT('',(1.2,-7.,5.2));
#648 = SURFACE_CURVE('',#649,(#654,#661),.PCURVE_S1.);
#649 = CIRCLE('',#650,1.2);
#650 = AXIS2_PLACEMENT_3D('',#651,#652,#653);
#651 = CARTESIAN_POINT('',(0.,-7.,5.2));
#652 = DIRECTION('',(0.,0.,1.));
#653 = DIRECTION('',(1.,0.,-0.));
#654 = PCURVE('',#237,#655);
#655 = DEFINITIONAL_REPRESENTATION('',(#656),#660);
#656 = LINE('',#657,#658);
#657 = CARTESIAN_POINT('',(0.,1.7));
#658 = VECTOR('',#659,1.);
#659 = DIRECTION('',(1.,0.));
#660 = ( GEOMETRIC_REPRESENTATION_CONTEXT(2) 
PARAMETRIC_REPRESENTATION_CONTEXT() REPRESENTATION_CONTEXT('2D SPACE',''
  ) );
#661 = PCURVE('',#662,#667);
#662 = PLANE('',#663);
#663 = AXIS2_PLACEMENT_3D('',#664,#665,#666);
#664 = CARTESIAN_POINT('',(0.,-7.,5.2));
#665 = DIRECTION('',(0.,0.,1.));
#666 = DIRECTION('',(1.,0.,-0.));
#667 = DEFINITIONAL_REPRESENTATION('',(#668),#672);
#668 = CIRCLE('',#669,1.2);
#669 = AXIS2_PLACEMENT_2D('',#670,#671);
#670 = CARTESIAN_POINT('',(0.,0.));
#671 = DIRECTION('',(1.,0.));
#672 = ( GEOMETRIC_REPRESENTATION_CONTEXT(2) 
PARAMETRIC_REPRESENTATION_CONTEXT() REPRESENTATION_CONTEXT('2D SPACE',''
  ) );
#673 = ORIENTED_EDGE('',*,*,#674,.F.);
#674 = EDGE_CURVE('',#221,#646,#675,.T.);
#675 = SEAM_CURVE('',#676,(#680,#687),.PCURVE_S1.);
#676 = LINE('',#677,#678);
#677 = CARTESIAN_POINT('',(1.2,-7.,3.5));
#678 = VECTOR('',#679,1.);
#679 = DIRECTION('',(0.,0.,1.));
#680 = PCURVE('',#237,#681);
#681 = DEFINITIONAL_REPRESENTATION('',(#682),#686);
#682 = LINE('',#683,#684);
#683 = CARTESIAN_POINT('',(6.28318530718,-0.));
#684 = VECTOR('',#685,1.);
#685 = DIRECTION('',(0.,1.));
#686 = ( GEOMETRIC_REPRESENTATION_CONTEXT(2) 
PARAMETRIC_REPRESENTATION_CONTEXT() REPRESENTATION_CONTEXT('2D SPACE',''
  ) );
#687 = PCURVE('',#237,#688);
#688 = DEFINITIONAL_REPRESENTATION('',(#689),#693);
#689 = LINE('',#690,#691);
#690 = CARTESIAN_POINT('',(0.,-0.));
#691 = VECTOR('',#692,1.);
#692 = DIRECTION('',(0.,1.));
#693 = ( GEOMETRIC_REPRESENTATION_CONTEXT(2) 
PARAMETRIC_REPRESENTATION_CONTEXT() REPRESENTATION_CONTEXT('2D SPACE',''
  ) );
#694 = ORIENTED_EDGE('',*,*,#220,.T.);
#695 = ORIENTED_EDGE('',*,*,#674,.T.);
#696 = ADVANCED_FACE('',(#697),#268,.F.);
#697 = FACE_BOUND('',#698,.F.);
#698 = EDGE_LOOP('',(#699,#700,#723,#750));
#699 = ORIENTED_EDGE('',*,*,#251,.T.);
#700 = ORIENTED_EDGE('',*,*,#701,.F.);
#701 = EDGE_CURVE('',#702,#252,#704,.T.);
#702 = VERTEX_POINT('',#703);
#703 = CARTESIAN_POINT('',(-6.,-2.449293598295E-16,8.5));
#704 = SEAM_CURVE('',#705,(#709,#716),.PCURVE_S1.);
#705 = LINE('',#706,#707);
#706 = CARTESIAN_POINT('',(-6.,-2.449293598295E-16,8.5));
#707 = VECTOR('',#708,1.);
#708 = DIRECTION('',(0.,0.,-1.));
#709 = PCURVE('',#268,#710);
#710 = DEFINITIONAL_REPRESENTATION('',(#711),#715);
#711 = LINE('',#712,#713);
#712 = CARTESIAN_POINT('',(6.28318530718,5.));
#713 = VECTOR('',#714,1.);
#714 = DIRECTION('',(-0.,-1.));
#715 = ( GEOMETRIC_REPRESENTATION_CONTEXT(2) 
PARAMETRIC_REPRESENTATION_CONTEXT() REPRESENTATION_CONTEXT('2D SPACE',''
  ) );
#716 = PCURVE('',#268,#717);
#717 = DEFINITIONAL_REPRESENTATION('',(#718),#722);
#718 = LINE('',#719,#720);
#719 = CARTESIAN_POINT('',(0.,5.));
#720 = VECTOR('',#721,1.);
#721 = DIRECTION('',(-0.,-1.));
#722 = ( GEOMETRIC_REPRESENTATION_CONTEXT(2) 
PARAMETRIC_REPRESENTATION_CONTEXT() REPRESENTATION_CONTEXT('2D SPACE',''
  ) );
#723 = ORIENTED_EDGE('',*,*,#724,.F.);
#724 = EDGE_CURVE('',#702,#702,#725,.T.);
#725 = SURFACE_CURVE('',#726,(#731,#738),.PCURVE_S1.);
#726 = CIRCLE('',#727,1.);
#727 = AXIS2_PLACEMENT_3D('',#728,#729,#730);
#728 = CARTESIAN_POINT('',(-7.,0.,8.5));
#729 = DIRECTION('',(0.,0.,1.));
#730 = DIRECTION('',(1.,0.,-0.));
#731 = PCURVE('',#268,#732);
#732 = DEFINITIONAL_REPRESENTATION('',(#733),#737);
#733 = LINE('',#734,#735);
#734 = CARTESIAN_POINT('',(0.,5.));
#735 = VECTOR('',#736,1.);
#736 = DIRECTION('',(1.,0.));
#737 = ( GEOMETRIC_REPRESENTATION_CONTEXT(2) 
PARAMETRIC_REPRESENTATION_CONTEXT() REPRESENTATION_CONTEXT('2D SPACE',''
  ) );
#738 = PCURVE('',#739,#744);
#739 = PLANE('',#740);
#740 = AXIS2_PLACEMENT_3D('',#741,#742,#743);
#741 = CARTESIAN_POINT('',(-7.,0.,8.5));
#742 = DIRECTION('',(0.,0.,1.));
#743 = DIRECTION('',(1.,0.,-0.));
#744 = DEFINITIONAL_REPRESENTATION('',(#745),#749);
#745 = CIRCLE('',#746,1.);
#746 = AXIS2_PLACEMENT_2D('',#747,#748);
#747 = CARTESIAN_POINT('',(0.,0.));
#748 = DIRECTION('',(1.,0.));
#749 = ( GEOMETRIC_REPRESENTATION_CONTEXT(2) 
PARAMETRIC_REPRESENTATION_CONTEXT() REPRESENTATION_CONTEXT('2D SPACE',''
  ) );
#750 = ORIENTED_EDGE('',*,*,#701,.T.);
#751 = ADVANCED_FACE('',(#752),#299,.F.);
#752 = FACE_BOUND('',#753,.F.);
#753 = EDGE_LOOP('',(#754,#963,#984,#985));
#754 = ORIENTED_EDGE('',*,*,#755,.F.);
#755 = EDGE_CURVE('',#756,#756,#758,.T.);
#756 = VERTEX_POINT('',#757);
#757 = CARTESIAN_POINT('',(3.2,-7.837739514543E-16,27.629380029921));
#758 = SURFACE_CURVE('',#759,(#825,#894),.PCURVE_S1.);
#759 = B_SPLINE_CURVE_WITH_KNOTS('',8,(#760,#761,#762,#763,#764,#765,
    #766,#767,#768,#769,#770,#771,#772,#773,#774,#775,#776,#777,#778,
    #779,#780,#781,#782,#783,#784,#785,#786,#787,#788,#789,#790,#791,
    #792,#793,#794,#795,#796,#797,#798,#799,#800,#801,#802,#803,#804,
    #805,#806,#807,#808,#809,#810,#811,#812,#813,#814,#815,#816,#817,
    #818,#819,#820,#821,#822,#823,#824),.UNSPECIFIED.,.T.,.F.,(9,7,7,7,7
    ,7,7,7,7,9),(0.,0.124386124949,0.235189775288,0.323098514268,
    0.428391987734,0.533876145911,0.64292003752,0.734010640064,
    0.826223169564,1.),.UNSPECIFIED.);
#760 = CARTESIAN_POINT('',(3.2,-8.881784197001E-16,27.629380029921));
#761 = CARTESIAN_POINT('',(3.2,0.266218402403,27.629380029921));
#762 = CARTESIAN_POINT('',(3.17468895417,0.532186121033,27.63532272458)
  );
#763 = CARTESIAN_POINT('',(3.124147458715,0.796496694162,27.647189236607
    ));
#764 = CARTESIAN_POINT('',(3.048093963442,1.057659959358,27.664767821029
    ));
#765 = CARTESIAN_POINT('',(2.945940785484,1.313976084741,27.687645495073
    ));
#766 = CARTESIAN_POINT('',(2.816847291224,1.563378868786,27.715158714098
    ));
#767 = CARTESIAN_POINT('',(2.659785510945,1.803231567693,27.746319881864
    ));
#768 = CARTESIAN_POINT('',(2.307808461879,2.232116842906,27.809504123705
    ));
#769 = CARTESIAN_POINT('',(2.116872999981,2.426307939755,27.841425172715
    ));
#770 = CARTESIAN_POINT('',(1.900407976851,2.608066585505,27.874348334692
    ));
#771 = CARTESIAN_POINT('',(1.658698168552,2.772760834104,27.906718572315
    ));
#772 = CARTESIAN_POINT('',(1.39270293177,2.915698015436,27.936667420638)
  );
#773 = CARTESIAN_POINT('',(1.104069072636,3.032103078071,27.962157517818
    ));
#774 = CARTESIAN_POINT('',(0.795217777889,3.117054728953,27.981195076209
    ));
#775 = CARTESIAN_POINT('',(0.211151257091,3.203692813104,28.000794755595
    ));
#776 = CARTESIAN_POINT('',(-5.254705050691E-02,3.218173556792,
    28.004184273022));
#777 = CARTESIAN_POINT('',(-0.317272397886,3.207590957805,
    28.001770677787));
#778 = CARTESIAN_POINT('',(-0.578584616941,3.171986062379,
    27.993508424234));
#779 = CARTESIAN_POINT('',(-0.832128317589,3.112604365836,
    27.979915203757));
#780 = CARTESIAN_POINT('',(-1.073859935734,3.031879371664,
    27.961996200107));
#781 = CARTESIAN_POINT('',(-1.300252603793,2.933442326548,
    27.941061892989));
#782 = CARTESIAN_POINT('',(-1.757863265238,2.688844332076,
    27.891466608248));
#783 = CARTESIAN_POINT('',(-1.984719475718,2.53520404268,27.861713083811
    ));
#784 = CARTESIAN_POINT('',(-2.189062832985,2.365335806593,
    27.830827019126));
#785 = CARTESIAN_POINT('',(-2.371321888127,2.182541682108,27.80016429699
    ));
#786 = CARTESIAN_POINT('',(-2.532132963731,1.989486519102,
    27.770804610158));
#787 = CARTESIAN_POINT('',(-2.672204023642,1.788320000056,
    27.743577453299));
#788 = CARTESIAN_POINT('',(-2.792219338599,1.580763799191,
    27.719113368407));
#789 = CARTESIAN_POINT('',(-2.993494225231,1.155203806373,
    27.676607439631));
#790 = CARTESIAN_POINT('',(-3.076326576519,0.933705703324,
    27.658230449316));
#791 = CARTESIAN_POINT('',(-3.14038995966,0.705493763843,27.64347681058)
  );
#792 = CARTESIAN_POINT('',(-3.185063143359,0.472442525323,
    27.632937091367));
#793 = CARTESIAN_POINT('',(-3.209955578539,0.23647088491,27.627008435239
    ));
#794 = CARTESIAN_POINT('',(-3.214897229257,-4.77695631183E-04,
    27.625862979244));
#795 = CARTESIAN_POINT('',(-3.199939153219,-0.236456376552,
    27.629440531425));
#796 = CARTESIAN_POINT('',(-3.129623744194,-0.710484359861,
    27.64576130032));
#797 = CARTESIAN_POINT('',(-3.072761128427,-0.94940637573,
    27.658846720282));
#798 = CARTESIAN_POINT('',(-2.99459544152,-1.185241776628,
    27.676531007515));
#799 = CARTESIAN_POINT('',(-2.894684880408,-1.416751198739,
    27.698488243938));
#800 = CARTESIAN_POINT('',(-2.772377718922,-1.642428953025,
    27.72423548623));
#801 = CARTESIAN_POINT('',(-2.626868618182,-1.86038811282,
    27.753082583943));
#802 = CARTESIAN_POINT('',(-2.457274265878,-2.068209133716,
    27.784072735126));
#803 = CARTESIAN_POINT('',(-2.100237515496,-2.425245884098,
    27.84254739285));
#804 = CARTESIAN_POINT('',(-1.918736161989,-2.580071892666,
    27.870030036288));
#805 = CARTESIAN_POINT('',(-1.718355332114,-2.723848341734,
    27.897461943759));
#806 = CARTESIAN_POINT('',(-1.499692840159,-2.853295520396,
    27.923716585743));
#807 = CARTESIAN_POINT('',(-1.263787879051,-2.96523153284,
    27.947538490185));
#808 = CARTESIAN_POINT('',(-1.012108003534,-3.056564690716,
    27.967641688257));
#809 = CARTESIAN_POINT('',(-0.746561839323,-3.12427215565,
    27.982827836797));
#810 = CARTESIAN_POINT('',(-0.189101198101,-3.206963630379,
    28.001534695432));
#811 = CARTESIAN_POINT('',(9.695372433089E-02,-3.220376689951,
    28.004702797986));
#812 = CARTESIAN_POINT('',(0.383417341476,-3.204320280078,
    28.001021782214));
#813 = CARTESIAN_POINT('',(0.664907501566,-3.159090185516,
    27.990514703413));
#814 = CARTESIAN_POINT('',(0.93619580042,-3.086485619521,27.973947676822
    ));
#815 = CARTESIAN_POINT('',(1.192516692417,-2.989786542965,
    27.952698779272));
#816 = CARTESIAN_POINT('',(1.429845210042,-2.873767558884,
    27.928479408425));
#817 = CARTESIAN_POINT('',(2.050836084773,-2.501559952544,
    27.854998175239));
#818 = CARTESIAN_POINT('',(2.39107594623,-2.204472132265,27.8010175812)
  );
#819 = CARTESIAN_POINT('',(2.667190018186,-1.872250052814,
    27.748468268195));
#820 = CARTESIAN_POINT('',(2.882891461047,-1.517043273527,
    27.702624128061));
#821 = CARTESIAN_POINT('',(3.041867428858,-1.147247013014,
    27.666504956558));
#822 = CARTESIAN_POINT('',(3.147048880052,-0.768604152981,
    27.641812774303));
#823 = CARTESIAN_POINT('',(3.2,-0.38504789869,27.629380029921));
#824 = CARTESIAN_POINT('',(3.2,-8.881784197001E-16,27.629380029921));
#825 = PCURVE('',#299,#826);
#826 = DEFINITIONAL_REPRESENTATION('',(#827),#893);
#827 = B_SPLINE_CURVE_WITH_KNOTS('',8,(#828,#829,#830,#831,#832,#833,
    #834,#835,#836,#837,#838,#839,#840,#841,#842,#843,#844,#845,#846,
    #847,#848,#849,#850,#851,#852,#853,#854,#855,#856,#857,#858,#859,
    #860,#861,#862,#863,#864,#865,#866,#867,#868,#869,#870,#871,#872,
    #873,#874,#875,#876,#877,#878,#879,#880,#881,#882,#883,#884,#885,
    #886,#887,#888,#889,#890,#891,#892),.UNSPECIFIED.,.F.,.F.,(9,7,7,7,7
    ,7,7,7,7,9),(0.,0.124386124949,0.235189775288,0.323098514268,
    0.428391987734,0.533876145911,0.64292003752,0.734010640064,
    0.826223169564,1.),.UNSPECIFIED.);
#828 = CARTESIAN_POINT('',(0.,24.129380029921));
#829 = CARTESIAN_POINT('',(8.31932507508E-02,24.129380029921));
#830 = CARTESIAN_POINT('',(0.166308065389,24.13532272458));
#831 = CARTESIAN_POINT('',(0.249782855967,24.147189236607));
#832 = CARTESIAN_POINT('',(0.334021262425,24.164767821029));
#833 = CARTESIAN_POINT('',(0.419433817277,24.187645495073));
#834 = CARTESIAN_POINT('',(0.506448079404,24.215158714098));
#835 = CARTESIAN_POINT('',(0.595525513661,24.246319881864));
#836 = CARTESIAN_POINT('',(0.768908225267,24.309504123705));
#837 = CARTESIAN_POINT('',(0.853670535632,24.341425172715));
#838 = CARTESIAN_POINT('',(0.941322082289,24.374348334692));
#839 = CARTESIAN_POINT('',(1.031778645952,24.406718572315));
#840 = CARTESIAN_POINT('',(1.125060236453,24.436667420638));
#841 = CARTESIAN_POINT('',(1.221278631256,24.462157517818));
#842 = CARTESIAN_POINT('',(1.320645475248,24.481195076209));
#843 = CARTESIAN_POINT('',(1.505163390818,24.500794755595));
#844 = CARTESIAN_POINT('',(1.5873410907,24.504184273022));
#845 = CARTESIAN_POINT('',(1.669516310148,24.501770677787));
#846 = CARTESIAN_POINT('',(1.751192729986,24.493508424234));
#847 = CARTESIAN_POINT('',(1.831871065848,24.479915203757));
#848 = CARTESIAN_POINT('',(1.91099567231,24.461996200107));
#849 = CARTESIAN_POINT('',(1.987890578889,24.441061892989));
#850 = CARTESIAN_POINT('',(2.150040350623,24.391466608248));
#851 = CARTESIAN_POINT('',(2.235195077715,24.361713083811));
#852 = CARTESIAN_POINT('',(2.317586905002,24.330827019126));
#853 = CARTESIAN_POINT('',(2.397579600274,24.30016429699));
#854 = CARTESIAN_POINT('',(2.475498573603,24.270804610158));
#855 = CARTESIAN_POINT('',(2.551647630944,24.243577453299));
#856 = CARTESIAN_POINT('',(2.626316827543,24.219113368407));
#857 = CARTESIAN_POINT('',(2.773428633808,24.176607439631));
#858 = CARTESIAN_POINT('',(2.847068301472,24.158230449316));
#859 = CARTESIAN_POINT('',(2.920705386421,24.14347681058));
#860 = CARTESIAN_POINT('',(2.994335571579,24.132937091367));
#861 = CARTESIAN_POINT('',(3.067961906216,24.127008435239));
#862 = CARTESIAN_POINT('',(3.141589062219,24.125862979244));
#863 = CARTESIAN_POINT('',(3.215219966457,24.129440531425));
#864 = CARTESIAN_POINT('',(3.364974578796,24.14576130032));
#865 = CARTESIAN_POINT('',(3.441436861256,24.158846720282));
#866 = CARTESIAN_POINT('',(3.51859423549,24.176531007515));
#867 = CARTESIAN_POINT('',(3.596780459381,24.198488243938));
#868 = CARTESIAN_POINT('',(3.676336986371,24.22423548623));
#869 = CARTESIAN_POINT('',(3.75762090033,24.253082583943));
#870 = CARTESIAN_POINT('',(3.841018756589,24.284072735126));
#871 = CARTESIAN_POINT('',(3.998808198669,24.34254739285));
#872 = CARTESIAN_POINT('',(4.073127065089,24.370030036288));
#873 = CARTESIAN_POINT('',(4.149739460488,24.397461943759));
#874 = CARTESIAN_POINT('',(4.228520412083,24.423716585743));
#875 = CARTESIAN_POINT('',(4.30941247814,24.447538490185));
#876 = CARTESIAN_POINT('',(4.392419489038,24.467641688257));
#877 = CARTESIAN_POINT('',(4.47760948132,24.482827836797));
#878 = CARTESIAN_POINT('',(4.65372208471,24.501534695432));
#879 = CARTESIAN_POINT('',(4.742761579048,24.504702797986));
#880 = CARTESIAN_POINT('',(4.831636586776,24.501021782214));
#881 = CARTESIAN_POINT('',(4.91979889923,24.490514703413));
#882 = CARTESIAN_POINT('',(5.006687758828,24.473947676822));
#883 = CARTESIAN_POINT('',(5.091661998649,24.452698779272));
#884 = CARTESIAN_POINT('',(5.173915016573,24.428479408425));
#885 = CARTESIAN_POINT('',(5.400163326459,24.354998175239));
#886 = CARTESIAN_POINT('',(5.539091206808,24.3010175812));
#887 = CARTESIAN_POINT('',(5.671391560458,24.248468268195));
#888 = CARTESIAN_POINT('',(5.798569337204,24.202624128061));
#889 = CARTESIAN_POINT('',(5.922018914216,24.166504956558));
#890 = CARTESIAN_POINT('',(6.042995843829,24.141812774303));
#891 = CARTESIAN_POINT('',(6.162857838839,24.129380029921));
#892 = CARTESIAN_POINT('',(6.28318530718,24.129380029921));
#893 = ( GEOMETRIC_REPRESENTATION_CONTEXT(2) 
PARAMETRIC_REPRESENTATION_CONTEXT() REPRESENTATION_CONTEXT('2D SPACE',''
  ) );
#894 = PCURVE('',#422,#895);
#895 = DEFINITIONAL_REPRESENTATION('',(#896),#962);
#896 = B_SPLINE_CURVE_WITH_KNOTS('',8,(#897,#898,#899,#900,#901,#902,
    #903,#904,#905,#906,#907,#908,#909,#910,#911,#912,#913,#914,#915,
    #916,#917,#918,#919,#920,#921,#922,#923,#924,#925,#926,#927,#928,
    #929,#930,#931,#932,#933,#934,#935,#936,#937,#938,#939,#940,#941,
    #942,#943,#944,#945,#946,#947,#948,#949,#950,#951,#952,#953,#954,
    #955,#956,#957,#958,#959,#960,#961),.UNSPECIFIED.,.T.,.F.,(9,7,7,7,7
    ,7,7,7,7,9),(0.,0.124386124949,0.235189775288,0.323098514268,
    0.428391987734,0.533876145911,0.64292003752,0.734010640064,
    0.826223169564,1.),.UNSPECIFIED.);
#897 = CARTESIAN_POINT('',(7.623371622688,8.881784197001E-16));
#898 = CARTESIAN_POINT('',(7.623371622688,-0.266218402403));
#899 = CARTESIAN_POINT('',(7.625228715499,-0.532186121033));
#900 = CARTESIAN_POINT('',(7.628936997962,-0.796496694162));
#901 = CARTESIAN_POINT('',(7.634512564088,-1.057659959358));
#902 = CARTESIAN_POINT('',(7.64198958492,-1.313976084741));
#903 = CARTESIAN_POINT('',(7.651416458662,-1.563378868786));
#904 = CARTESIAN_POINT('',(7.662851925515,-1.803231567693));
#905 = CARTESIAN_POINT('',(7.688395015507,-2.232116842906));
#906 = CARTESIAN_POINT('',(7.702221556898,-2.426307939755));
#907 = CARTESIAN_POINT('',(7.717858230484,-2.608066585505));
#908 = CARTESIAN_POINT('',(7.735271435947,-2.772760834104));
#909 = CARTESIAN_POINT('',(7.754381583102,-2.915698015437));
#910 = CARTESIAN_POINT('',(7.775066979196,-3.032103078071));
#911 = CARTESIAN_POINT('',(7.797160979109,-3.117054728953));
#912 = CARTESIAN_POINT('',(7.838903499407,-3.203692813104));
#913 = CARTESIAN_POINT('',(7.857736624543,-3.218173556792));
#914 = CARTESIAN_POINT('',(7.87663872174,-3.207590957805));
#915 = CARTESIAN_POINT('',(7.895304026282,-3.171986062379));
#916 = CARTESIAN_POINT('',(7.91343237037,-3.112604365836));
#917 = CARTESIAN_POINT('',(7.930741439799,-3.031879371664));
#918 = CARTESIAN_POINT('',(7.946979309771,-2.933442326548));
#919 = CARTESIAN_POINT('',(7.979857192181,-2.688844332076));
#920 = CARTESIAN_POINT('',(7.996195859425,-2.53520404268));
#921 = CARTESIAN_POINT('',(8.010953328696,-2.365335806593));
#922 = CARTESIAN_POINT('',(8.024151806839,-2.182541682108));
#923 = CARTESIAN_POINT('',(8.035826553692,-1.989486519102));
#924 = CARTESIAN_POINT('',(8.046018154842,-1.788320000055));
#925 = CARTESIAN_POINT('',(8.054766751057,-1.580763799191));
#926 = CARTESIAN_POINT('',(8.069460622813,-1.155203806373));
#927 = CARTESIAN_POINT('',(8.075520756551,-0.933705703324));
#928 = CARTESIAN_POINT('',(8.08021634269,-0.705493763843));
#929 = CARTESIAN_POINT('',(8.083494881107,-0.472442525323));
#930 = CARTESIAN_POINT('',(8.085322659426,-0.23647088491));
#931 = CARTESIAN_POINT('',(8.085684980986,4.776956311827E-04));
#932 = CARTESIAN_POINT('',(8.084586431787,0.236456376552));
#933 = CARTESIAN_POINT('',(8.079430385087,0.710484359861));
#934 = CARTESIAN_POINT('',(8.075262619398,0.94940637573));
#935 = CARTESIAN_POINT('',(8.069538310395,1.185241776628));
#936 = CARTESIAN_POINT('',(8.062231821174,1.416751198739));
#937 = CARTESIAN_POINT('',(8.053304942479,1.642428953025));
#938 = CARTESIAN_POINT('',(8.042710802963,1.86038811282));
#939 = CARTESIAN_POINT('',(8.030398420963,2.068209133716));
#940 = CARTESIAN_POINT('',(8.004556029085,2.425245884098));
#941 = CARTESIAN_POINT('',(7.991444852177,2.580071892666));
#942 = CARTESIAN_POINT('',(7.977000868545,2.723848341734));
#943 = CARTESIAN_POINT('',(7.961274589486,2.853295520396));
#944 = CARTESIAN_POINT('',(7.944345253756,2.96523153284));
#945 = CARTESIAN_POINT('',(7.926318171079,3.056564690716));
#946 = CARTESIAN_POINT('',(7.907324908386,3.12427215565));
#947 = CARTESIAN_POINT('',(7.86748387778,3.206963630379));
#948 = CARTESIAN_POINT('',(7.847055273397,3.220376689951));
#949 = CARTESIAN_POINT('',(7.82660170835,3.204320280078));
#950 = CARTESIAN_POINT('',(7.806492861872,3.159090185516));
#951 = CARTESIAN_POINT('',(7.787088708792,3.086485619521));
#952 = CARTESIAN_POINT('',(7.768722844445,2.989786542965));
#953 = CARTESIAN_POINT('',(7.751684984028,2.873767558884));
#954 = CARTESIAN_POINT('',(7.707019038105,2.501559952544));
#955 = CARTESIAN_POINT('',(7.682431496622,2.204472132265));
#956 = CARTESIAN_POINT('',(7.66236665232,1.872250052814));
#957 = CARTESIAN_POINT('',(7.646618223777,1.517043273528));
#958 = CARTESIAN_POINT('',(7.634973994168,1.147247013014));
#959 = CARTESIAN_POINT('',(7.62725668548,0.768604152981));
#960 = CARTESIAN_POINT('',(7.623371622688,0.38504789869));
#961 = CARTESIAN_POINT('',(7.623371622688,8.881784197001E-16));
#962 = ( GEOMETRIC_REPRESENTATION_CONTEXT(2) 
PARAMETRIC_REPRESENTATION_CONTEXT() REPRESENTATION_CONTEXT('2D SPACE',''
  ) );
#963 = ORIENTED_EDGE('',*,*,#964,.F.);
#964 = EDGE_CURVE('',#283,#756,#965,.T.);
#965 = SEAM_CURVE('',#966,(#970,#977),.PCURVE_S1.);
#966 = LINE('',#967,#968);
#967 = CARTESIAN_POINT('',(3.2,-7.837739514543E-16,3.5));
#968 = VECTOR('',#969,1.);
#969 = DIRECTION('',(0.,0.,1.));
#970 = PCURVE('',#299,#971);
#971 = DEFINITIONAL_REPRESENTATION('',(#972),#976);
#972 = LINE('',#973,#974);
#973 = CARTESIAN_POINT('',(6.28318530718,-0.));
#974 = VECTOR('',#975,1.);
#975 = DIRECTION('',(0.,1.));
#976 = ( GEOMETRIC_REPRESENTATION_CONTEXT(2) 
PARAMETRIC_REPRESENTATION_CONTEXT() REPRESENTATION_CONTEXT('2D SPACE',''
  ) );
#977 = PCURVE('',#299,#978);
#978 = DEFINITIONAL_REPRESENTATION('',(#979),#983);
#979 = LINE('',#980,#981);
#980 = CARTESIAN_POINT('',(0.,-0.));
#981 = VECTOR('',#982,1.);
#982 = DIRECTION('',(0.,1.));
#983 = ( GEOMETRIC_REPRESENTATION_CONTEXT(2) 
PARAMETRIC_REPRESENTATION_CONTEXT() REPRESENTATION_CONTEXT('2D SPACE',''
  ) );
#984 = ORIENTED_EDGE('',*,*,#282,.T.);
#985 = ORIENTED_EDGE('',*,*,#964,.T.);
#986 = ADVANCED_FACE('',(#987),#330,.F.);
#987 = FACE_BOUND('',#988,.F.);
#988 = EDGE_LOOP('',(#989,#990,#1013,#1040));
#989 = ORIENTED_EDGE('',*,*,#313,.T.);
#990 = ORIENTED_EDGE('',*,*,#991,.F.);
#991 = EDGE_CURVE('',#992,#314,#994,.T.);
#992 = VERTEX_POINT('',#993);
#993 = CARTESIAN_POINT('',(8.,-2.449293598295E-16,8.5));
#994 = SEAM_CURVE('',#995,(#999,#1006),.PCURVE_S1.);
#995 = LINE('',#996,#997);
#996 = CARTESIAN_POINT('',(8.,-2.449293598295E-16,8.5));
#997 = VECTOR('',#998,1.);
#998 = DIRECTION('',(0.,0.,-1.));
#999 = PCURVE('',#330,#1000);
#1000 = DEFINITIONAL_REPRESENTATION('',(#1001),#1005);
#1001 = LINE('',#1002,#1003);
#1002 = CARTESIAN_POINT('',(6.28318530718,5.));
#1003 = VECTOR('',#1004,1.);
#1004 = DIRECTION('',(-0.,-1.));
#1005 = ( GEOMETRIC_REPRESENTATION_CONTEXT(2) 
PARAMETRIC_REPRESENTATION_CONTEXT() REPRESENTATION_CONTEXT('2D SPACE',''
  ) );
#1006 = PCURVE('',#330,#1007);
#1007 = DEFINITIONAL_REPRESENTATION('',(#1008),#1012);
#1008 = LINE('',#1009,#1010);
#1009 = CARTESIAN_POINT('',(0.,5.));
#1010 = VECTOR('',#1011,1.);
#1011 = DIRECTION('',(-0.,-1.));
#1012 = ( GEOMETRIC_REPRESENTATION_CONTEXT(2) 
PARAMETRIC_REPRESENTATION_CONTEXT() REPRESENTATION_CONTEXT('2D SPACE',''
  ) );
#1013 = ORIENTED_EDGE('',*,*,#1014,.F.);
#1014 = EDGE_CURVE('',#992,#992,#1015,.T.);
#1015 = SURFACE_CURVE('',#1016,(#1021,#1028),.PCURVE_S1.);
#1016 = CIRCLE('',#1017,1.);
#1017 = AXIS2_PLACEMENT_3D('',#1018,#1019,#1020);
#1018 = CARTESIAN_POINT('',(7.,0.,8.5));
#1019 = DIRECTION('',(0.,0.,1.));
#1020 = DIRECTION('',(1.,0.,-0.));
#1021 = PCURVE('',#330,#1022);
#1022 = DEFINITIONAL_REPRESENTATION('',(#1023),#1027);
#1023 = LINE('',#1024,#1025);
#1024 = CARTESIAN_POINT('',(0.,5.));
#1025 = VECTOR('',#1026,1.);
#1026 = DIRECTION('',(1.,0.));
#1027 = ( GEOMETRIC_REPRESENTATION_CONTEXT(2) 
PARAMETRIC_REPRESENTATION_CONTEXT() REPRESENTATION_CONTEXT('2D SPACE',''
  ) );
#1028 = PCURVE('',#1029,#1034);
#1029 = PLANE('',#1030);
#1030 = AXIS2_PLACEMENT_3D('',#1031,#1032,#1033);
#1031 = CARTESIAN_POINT('',(7.,0.,8.5));
#1032 = DIRECTION('',(0.,0.,1.));
#1033 = DIRECTION('',(1.,0.,-0.));
#1034 = DEFINITIONAL_REPRESENTATION('',(#1035),#1039);
#1035 = CIRCLE('',#1036,1.);
#1036 = AXIS2_PLACEMENT_2D('',#1037,#1038);
#1037 = CARTESIAN_POINT('',(0.,0.));
#1038 = DIRECTION('',(1.,0.));
#1039 = ( GEOMETRIC_REPRESENTATION_CONTEXT(2) 
PARAMETRIC_REPRESENTATION_CONTEXT() REPRESENTATION_CONTEXT('2D SPACE',''
  ) );
#1040 = ORIENTED_EDGE('',*,*,#991,.T.);
#1041 = ADVANCED_FACE('',(#1042),#361,.F.);
#1042 = FACE_BOUND('',#1043,.F.);
#1043 = EDGE_LOOP('',(#1044,#1073,#1094,#1095));
#1044 = ORIENTED_EDGE('',*,*,#1045,.F.);
#1045 = EDGE_CURVE('',#1046,#1046,#1048,.T.);
#1046 = VERTEX_POINT('',#1047);
#1047 = CARTESIAN_POINT('',(1.2,7.,5.2));
#1048 = SURFACE_CURVE('',#1049,(#1054,#1061),.PCURVE_S1.);
#1049 = CIRCLE('',#1050,1.2);
#1050 = AXIS2_PLACEMENT_3D('',#1051,#1052,#1053);
#1051 = CARTESIAN_POINT('',(0.,7.,5.2));
#1052 = DIRECTION('',(0.,0.,1.));
#1053 = DIRECTION('',(1.,0.,-0.));
#1054 = PCURVE('',#361,#1055);
#1055 = DEFINITIONAL_REPRESENTATION('',(#1056),#1060);
#1056 = LINE('',#1057,#1058);
#1057 = CARTESIAN_POINT('',(0.,1.7));
#1058 = VECTOR('',#1059,1.);
#1059 = DIRECTION('',(1.,0.));
#1060 = ( GEOMETRIC_REPRESENTATION_CONTEXT(2) 
PARAMETRIC_REPRESENTATION_CONTEXT() REPRESENTATION_CONTEXT('2D SPACE',''
  ) );
#1061 = PCURVE('',#1062,#1067);
#1062 = PLANE('',#1063);
#1063 = AXIS2_PLACEMENT_3D('',#1064,#1065,#1066);
#1064 = CARTESIAN_POINT('',(0.,7.,5.2));
#1065 = DIRECTION('',(0.,0.,1.));
#1066 = DIRECTION('',(1.,0.,-0.));
#1067 = DEFINITIONAL_REPRESENTATION('',(#1068),#1072);
#1068 = CIRCLE('',#1069,1.2);
#1069 = AXIS2_PLACEMENT_2D('',#1070,#1071);
#1070 = CARTESIAN_POINT('',(0.,0.));
#1071 = DIRECTION('',(1.,0.));
#1072 = ( GEOMETRIC_REPRESENTATION_CONTEXT(2) 
PARAMETRIC_REPRESENTATION_CONTEXT() REPRESENTATION_CONTEXT('2D SPACE',''
  ) );
#1073 = ORIENTED_EDGE('',*,*,#1074,.F.);
#1074 = EDGE_CURVE('',#345,#1046,#1075,.T.);
#1075 = SEAM_CURVE('',#1076,(#1080,#1087),.PCURVE_S1.);
#1076 = LINE('',#1077,#1078);
#1077 = CARTESIAN_POINT('',(1.2,7.,3.5));
#1078 = VECTOR('',#1079,1.);
#1079 = DIRECTION('',(0.,0.,1.));
#1080 = PCURVE('',#361,#1081);
#1081 = DEFINITIONAL_REPRESENTATION('',(#1082),#1086);
#1082 = LINE('',#1083,#1084);
#1083 = CARTESIAN_POINT('',(6.28318530718,-0.));
#1084 = VECTOR('',#1085,1.);
#1085 = DIRECTION('',(0.,1.));
#1086 = ( GEOMETRIC_REPRESENTATION_CONTEXT(2) 
PARAMETRIC_REPRESENTATION_CONTEXT() REPRESENTATION_CONTEXT('2D SPACE',''
  ) );
#1087 = PCURVE('',#361,#1088);
#1088 = DEFINITIONAL_REPRESENTATION('',(#1089),#1093);
#1089 = LINE('',#1090,#1091);
#1090 = CARTESIAN_POINT('',(0.,-0.));
#1091 = VECTOR('',#1092,1.);
#1092 = DIRECTION('',(0.,1.));
#1093 = ( GEOMETRIC_REPRESENTATION_CONTEXT(2) 
PARAMETRIC_REPRESENTATION_CONTEXT() REPRESENTATION_CONTEXT('2D SPACE',''
  ) );
#1094 = ORIENTED_EDGE('',*,*,#344,.T.);
#1095 = ORIENTED_EDGE('',*,*,#1074,.T.);
#1096 = ADVANCED_FACE('',(#1097),#396,.T.);
#1097 = FACE_BOUND('',#1098,.T.);
#1098 = EDGE_LOOP('',(#1099,#1120,#1142));
#1099 = ORIENTED_EDGE('',*,*,#1100,.T.);
#1100 = EDGE_CURVE('',#382,#1101,#1103,.T.);
#1101 = VERTEX_POINT('',#1102);
#1102 = CARTESIAN_POINT('',(1.13578166916,5.,27.953852514628));
#1103 = SURFACE_CURVE('',#1104,(#1108,#1114),.PCURVE_S1.);
#1104 = LINE('',#1105,#1106);
#1105 = CARTESIAN_POINT('',(1.13578166916,5.,5.2));
#1106 = VECTOR('',#1107,1.);
#1107 = DIRECTION('',(0.,0.,1.));
#1108 = PCURVE('',#396,#1109);
#1109 = DEFINITIONAL_REPRESENTATION('',(#1110),#1113);
#1110 = B_SPLINE_CURVE_WITH_KNOTS('',1,(#1111,#1112),.UNSPECIFIED.,.F.,
  .F.,(2,2),(-5.999999999062E-07,35.8000006),.PIECEWISE_BEZIER_KNOTS.);
#1111 = CARTESIAN_POINT('',(-48.8000006,12.03563601375));
#1112 = CARTESIAN_POINT('',(-12.9999994,12.03563601375));
#1113 = ( GEOMETRIC_REPRESENTATION_CONTEXT(2) 
PARAMETRIC_REPRESENTATION_CONTEXT() REPRESENTATION_CONTEXT('2D SPACE',''
  ) );
#1114 = PCURVE('',#608,#1115);
#1115 = DEFINITIONAL_REPRESENTATION('',(#1116),#1119);
#1116 = B_SPLINE_CURVE_WITH_KNOTS('',1,(#1117,#1118),.UNSPECIFIED.,.F.,
  .F.,(2,2),(-5.999999999062E-07,35.8000006),.PIECEWISE_BEZIER_KNOTS.);
#1117 = CARTESIAN_POINT('',(5.228864121232,-5.999999999062E-07));
#1118 = CARTESIAN_POINT('',(5.228864121232,35.8000006));
#1119 = ( GEOMETRIC_REPRESENTATION_CONTEXT(2) 
PARAMETRIC_REPRESENTATION_CONTEXT() REPRESENTATION_CONTEXT('2D SPACE',''
  ) );
#1120 = ORIENTED_EDGE('',*,*,#1121,.T.);
#1121 = EDGE_CURVE('',#1101,#380,#1122,.T.);
#1122 = SURFACE_CURVE('',#1123,(#1128,#1135),.PCURVE_S1.);
#1123 = CIRCLE('',#1124,14.);
#1124 = AXIS2_PLACEMENT_3D('',#1125,#1126,#1127);
#1125 = CARTESIAN_POINT('',(0.,5.,14.));
#1126 = DIRECTION('',(0.,1.,-0.));
#1127 = DIRECTION('',(-0.273980376464,0.,0.961735282348));
#1128 = PCURVE('',#396,#1129);
#1129 = DEFINITIONAL_REPRESENTATION('',(#1130),#1134);
#1130 = CIRCLE('',#1131,14.);
#1131 = AXIS2_PLACEMENT_2D('',#1132,#1133);
#1132 = CARTESIAN_POINT('',(-40.,10.89985434459));
#1133 = DIRECTION('',(0.961735282348,-0.273980376464));
#1134 = ( GEOMETRIC_REPRESENTATION_CONTEXT(2) 
PARAMETRIC_REPRESENTATION_CONTEXT() REPRESENTATION_CONTEXT('2D SPACE',''
  ) );
#1135 = PCURVE('',#422,#1136);
#1136 = DEFINITIONAL_REPRESENTATION('',(#1137),#1141);
#1137 = LINE('',#1138,#1139);
#1138 = CARTESIAN_POINT('',(8.131510984552,-5.));
#1139 = VECTOR('',#1140,1.);
#1140 = DIRECTION('',(-1.,-0.));
#1141 = ( GEOMETRIC_REPRESENTATION_CONTEXT(2) 
PARAMETRIC_REPRESENTATION_CONTEXT() REPRESENTATION_CONTEXT('2D SPACE',''
  ) );
#1142 = ORIENTED_EDGE('',*,*,#379,.T.);
#1143 = ADVANCED_FACE('',(#1144),#608,.F.);
#1144 = FACE_BOUND('',#1145,.F.);
#1145 = EDGE_LOOP('',(#1146,#1147,#1170,#1192,#1193,#1194,#1195,#1260));
#1146 = ORIENTED_EDGE('',*,*,#591,.F.);
#1147 = ORIENTED_EDGE('',*,*,#1148,.F.);
#1148 = EDGE_CURVE('',#1149,#592,#1151,.T.);
#1149 = VERTEX_POINT('',#1150);
#1150 = CARTESIAN_POINT('',(2.3,7.,5.2));
#1151 = SEAM_CURVE('',#1152,(#1156,#1163),.PCURVE_S1.);
#1152 = LINE('',#1153,#1154);
#1153 = CARTESIAN_POINT('',(2.3,7.,5.2));
#1154 = VECTOR('',#1155,1.);
#1155 = DIRECTION('',(0.,0.,1.));
#1156 = PCURVE('',#608,#1157);
#1157 = DEFINITIONAL_REPRESENTATION('',(#1158),#1162);
#1158 = LINE('',#1159,#1160);
#1159 = CARTESIAN_POINT('',(6.28318530718,-0.));
#1160 = VECTOR('',#1161,1.);
#1161 = DIRECTION('',(0.,1.));
#1162 = ( GEOMETRIC_REPRESENTATION_CONTEXT(2) 
PARAMETRIC_REPRESENTATION_CONTEXT() REPRESENTATION_CONTEXT('2D SPACE',''
  ) );
#1163 = PCURVE('',#608,#1164);
#1164 = DEFINITIONAL_REPRESENTATION('',(#1165),#1169);
#1165 = LINE('',#1166,#1167);
#1166 = CARTESIAN_POINT('',(0.,-0.));
#1167 = VECTOR('',#1168,1.);
#1168 = DIRECTION('',(0.,1.));
#1169 = ( GEOMETRIC_REPRESENTATION_CONTEXT(2) 
PARAMETRIC_REPRESENTATION_CONTEXT() REPRESENTATION_CONTEXT('2D SPACE',''
  ) );
#1170 = ORIENTED_EDGE('',*,*,#1171,.T.);
#1171 = EDGE_CURVE('',#1149,#1149,#1172,.T.);
#1172 = SURFACE_CURVE('',#1173,(#1178,#1185),.PCURVE_S1.);
#1173 = CIRCLE('',#1174,2.3);
#1174 = AXIS2_PLACEMENT_3D('',#1175,#1176,#1177);
#1175 = CARTESIAN_POINT('',(0.,7.,5.2));
#1176 = DIRECTION('',(0.,0.,1.));
#1177 = DIRECTION('',(1.,0.,-0.));
#1178 = PCURVE('',#608,#1179);
#1179 = DEFINITIONAL_REPRESENTATION('',(#1180),#1184);
#1180 = LINE('',#1181,#1182);
#1181 = CARTESIAN_POINT('',(0.,0.));
#1182 = VECTOR('',#1183,1.);
#1183 = DIRECTION('',(1.,0.));
#1184 = ( GEOMETRIC_REPRESENTATION_CONTEXT(2) 
PARAMETRIC_REPRESENTATION_CONTEXT() REPRESENTATION_CONTEXT('2D SPACE',''
  ) );
#1185 = PCURVE('',#1062,#1186);
#1186 = DEFINITIONAL_REPRESENTATION('',(#1187),#1191);
#1187 = CIRCLE('',#1188,2.3);
#1188 = AXIS2_PLACEMENT_2D('',#1189,#1190);
#1189 = CARTESIAN_POINT('',(0.,0.));
#1190 = DIRECTION('',(1.,0.));
#1191 = ( GEOMETRIC_REPRESENTATION_CONTEXT(2) 
PARAMETRIC_REPRESENTATION_CONTEXT() REPRESENTATION_CONTEXT('2D SPACE',''
  ) );
#1192 = ORIENTED_EDGE('',*,*,#1148,.T.);
#1193 = ORIENTED_EDGE('',*,*,#620,.F.);
#1194 = ORIENTED_EDGE('',*,*,#1100,.T.);
#1195 = ORIENTED_EDGE('',*,*,#1196,.F.);
#1196 = EDGE_CURVE('',#1197,#1101,#1199,.T.);
#1197 = VERTEX_POINT('',#1198);
#1198 = CARTESIAN_POINT('',(-1.13578166916,5.,27.953852514628));
#1199 = SURFACE_CURVE('',#1200,(#1218,#1239),.PCURVE_S1.);
#1200 = B_SPLINE_CURVE_WITH_KNOTS('',6,(#1201,#1202,#1203,#1204,#1205,
    #1206,#1207,#1208,#1209,#1210,#1211,#1212,#1213,#1214,#1215,#1216,
    #1217),.UNSPECIFIED.,.F.,.F.,(7,5,5,7),(0.,0.293143008215,
    0.706856991785,1.),.UNSPECIFIED.);
#1201 = CARTESIAN_POINT('',(-1.1357827257,5.0000006,27.953852428631));
#1202 = CARTESIAN_POINT('',(-1.040937411185,4.946138748921,
    27.961572423549));
#1203 = CARTESIAN_POINT('',(-0.94122005295,4.896648425438,
    27.968910243933));
#1204 = CARTESIAN_POINT('',(-0.836979358097,4.852236279903,
    27.975689484292));
#1205 = CARTESIAN_POINT('',(-0.728640607687,4.813532297014,
    27.981734229802));
#1206 = CARTESIAN_POINT('',(-0.616701743572,4.781090798789,
    27.986883662408));
#1207 = CARTESIAN_POINT('',(-0.33946857201,4.719121843007,
    27.996825480852));
#1208 = CARTESIAN_POINT('',(-0.171282125649,4.696306616701,
    28.000595684771));
#1209 = CARTESIAN_POINT('',(-7.593925488436E-14,4.68852782245,
    28.001910516604));
#1210 = CARTESIAN_POINT('',(0.17128212565,4.696306616701,28.000595684771
    ));
#1211 = CARTESIAN_POINT('',(0.33946857201,4.719121843007,27.996825480852
    ));
#1212 = CARTESIAN_POINT('',(0.616701743572,4.781090798789,
    27.986883662408));
#1213 = CARTESIAN_POINT('',(0.728640607687,4.813532297014,
    27.981734229802));
#1214 = CARTESIAN_POINT('',(0.836979358097,4.852236279903,
    27.975689484292));
#1215 = CARTESIAN_POINT('',(0.94122005295,4.896648425438,27.968910243933
    ));
#1216 = CARTESIAN_POINT('',(1.040937411185,4.946138748921,
    27.961572423549));
#1217 = CARTESIAN_POINT('',(1.1357827257,5.0000006,27.953852428631));
#1218 = PCURVE('',#608,#1219);
#1219 = DEFINITIONAL_REPRESENTATION('',(#1220),#1238);
#1220 = B_SPLINE_CURVE_WITH_KNOTS('',6,(#1221,#1222,#1223,#1224,#1225,
    #1226,#1227,#1228,#1229,#1230,#1231,#1232,#1233,#1234,#1235,#1236,
    #1237),.UNSPECIFIED.,.F.,.F.,(7,5,5,7),(0.,0.293143008215,
    0.706856991785,1.),.UNSPECIFIED.);
#1221 = CARTESIAN_POINT('',(4.195913311268,22.753852428631));
#1222 = CARTESIAN_POINT('',(4.243335982752,22.761572423549));
#1223 = CARTESIAN_POINT('',(4.291662020347,22.768910243933));
#1224 = CARTESIAN_POINT('',(4.340800002773,22.775689484292));
#1225 = CARTESIAN_POINT('',(4.390682041189,22.781734229802));
#1226 = CARTESIAN_POINT('',(4.441255962828,22.786883662408));
#1227 = CARTESIAN_POINT('',(4.564766661947,22.796825480852));
#1228 = CARTESIAN_POINT('',(4.638293984918,22.800595684771));
#1229 = CARTESIAN_POINT('',(4.712388980385,22.801910516604));
#1230 = CARTESIAN_POINT('',(4.786483975851,22.800595684771));
#1231 = CARTESIAN_POINT('',(4.860011298822,22.796825480852));
#1232 = CARTESIAN_POINT('',(4.983521997941,22.786883662408));
#1233 = CARTESIAN_POINT('',(5.03409591958,22.781734229802));
#1234 = CARTESIAN_POINT('',(5.083977957996,22.775689484292));
#1235 = CARTESIAN_POINT('',(5.133115940423,22.768910243933));
#1236 = CARTESIAN_POINT('',(5.181441978017,22.761572423549));
#1237 = CARTESIAN_POINT('',(5.228864649502,22.753852428631));
#1238 = ( GEOMETRIC_REPRESENTATION_CONTEXT(2) 
PARAMETRIC_REPRESENTATION_CONTEXT() REPRESENTATION_CONTEXT('2D SPACE',''
  ) );
#1239 = PCURVE('',#422,#1240);
#1240 = DEFINITIONAL_REPRESENTATION('',(#1241),#1259);
#1241 = B_SPLINE_CURVE_WITH_KNOTS('',6,(#1242,#1243,#1244,#1245,#1246,
    #1247,#1248,#1249,#1250,#1251,#1252,#1253,#1254,#1255,#1256,#1257,
    #1258),.UNSPECIFIED.,.F.,.F.,(7,5,5,7),(0.,0.293143008215,
    0.706856991785,1.),.UNSPECIFIED.);
#1242 = CARTESIAN_POINT('',(7.93519822802,-5.0000006));
#1243 = CARTESIAN_POINT('',(7.928401157821,-4.946138748921));
#1244 = CARTESIAN_POINT('',(7.921259443329,-4.896648425438));
#1245 = CARTESIAN_POINT('',(7.913798380725,-4.852236279903));
#1246 = CARTESIAN_POINT('',(7.906048388957,-4.813532297014));
#1247 = CARTESIAN_POINT('',(7.898044713151,-4.781090798789));
#1248 = CARTESIAN_POINT('',(7.878229614913,-4.719121843007));
#1249 = CARTESIAN_POINT('',(7.866214357474,-4.696306616701));
#1250 = CARTESIAN_POINT('',(7.853981633974,-4.68852782245));
#1251 = CARTESIAN_POINT('',(7.841748910475,-4.696306616701));
#1252 = CARTESIAN_POINT('',(7.829733653036,-4.719121843007));
#1253 = CARTESIAN_POINT('',(7.809918554798,-4.781090798789));
#1254 = CARTESIAN_POINT('',(7.801914878992,-4.813532297014));
#1255 = CARTESIAN_POINT('',(7.794164887224,-4.852236279903));
#1256 = CARTESIAN_POINT('',(7.78670382462,-4.896648425438));
#1257 = CARTESIAN_POINT('',(7.779562110128,-4.946138748921));
#1258 = CARTESIAN_POINT('',(7.772765039928,-5.0000006));
#1259 = ( GEOMETRIC_REPRESENTATION_CONTEXT(2) 
PARAMETRIC_REPRESENTATION_CONTEXT() REPRESENTATION_CONTEXT('2D SPACE',''
  ) );
#1260 = ORIENTED_EDGE('',*,*,#1261,.F.);
#1261 = EDGE_CURVE('',#566,#1197,#1262,.T.);
#1262 = SURFACE_CURVE('',#1263,(#1267,#1273),.PCURVE_S1.);
#1263 = LINE('',#1264,#1265);
#1264 = CARTESIAN_POINT('',(-1.13578166916,5.,5.2));
#1265 = VECTOR('',#1266,1.);
#1266 = DIRECTION('',(0.,0.,1.));
#1267 = PCURVE('',#608,#1268);
#1268 = DEFINITIONAL_REPRESENTATION('',(#1269),#1272);
#1269 = B_SPLINE_CURVE_WITH_KNOTS('',1,(#1270,#1271),.UNSPECIFIED.,.F.,
  .F.,(2,2),(-5.999999999062E-07,35.8000006),.PIECEWISE_BEZIER_KNOTS.);
#1270 = CARTESIAN_POINT('',(4.195913839538,-5.999999999062E-07));
#1271 = CARTESIAN_POINT('',(4.195913839538,35.8000006));
#1272 = ( GEOMETRIC_REPRESENTATION_CONTEXT(2) 
PARAMETRIC_REPRESENTATION_CONTEXT() REPRESENTATION_CONTEXT('2D SPACE',''
  ) );
#1273 = PCURVE('',#580,#1274);
#1274 = DEFINITIONAL_REPRESENTATION('',(#1275),#1278);
#1275 = B_SPLINE_CURVE_WITH_KNOTS('',1,(#1276,#1277),.UNSPECIFIED.,.F.,
  .F.,(2,2),(-5.999999999062E-07,35.8000006),.PIECEWISE_BEZIER_KNOTS.);
#1276 = CARTESIAN_POINT('',(-48.8000006,9.76407267543));
#1277 = CARTESIAN_POINT('',(-12.9999994,9.76407267543));
#1278 = ( GEOMETRIC_REPRESENTATION_CONTEXT(2) 
PARAMETRIC_REPRESENTATION_CONTEXT() REPRESENTATION_CONTEXT('2D SPACE',''
  ) );
#1279 = ADVANCED_FACE('',(#1280),#580,.T.);
#1280 = FACE_BOUND('',#1281,.T.);
#1281 = EDGE_LOOP('',(#1282,#1368,#1390,#1391,#1392,#1416,#1482,#1511,
    #1540,#1566,#1592,#1621,#1705));
#1282 = ORIENTED_EDGE('',*,*,#1283,.F.);
#1283 = EDGE_CURVE('',#1284,#1286,#1288,.T.);
#1284 = VERTEX_POINT('',#1285);
#1285 = CARTESIAN_POINT('',(-3.217974298508,5.,27.625147390547));
#1286 = VERTEX_POINT('',#1287);
#1287 = CARTESIAN_POINT('',(-4.244206500914,5.,27.993571542352));
#1288 = SURFACE_CURVE('',#1289,(#1308,#1330),.PCURVE_S1.);
#1289 = B_SPLINE_CURVE_WITH_KNOTS('',5,(#1290,#1291,#1292,#1293,#1294,
    #1295,#1296,#1297,#1298,#1299,#1300,#1301,#1302,#1303,#1304,#1305,
    #1306,#1307),.UNSPECIFIED.,.F.,.F.,(6,4,4,4,6),(0.,0.249930637,
    0.499999999832,0.749069280989,1.),.UNSPECIFIED.);
#1290 = CARTESIAN_POINT('',(-3.217974298508,5.,27.625147390547));
#1291 = CARTESIAN_POINT('',(-3.271055069732,5.,27.612610824692));
#1292 = CARTESIAN_POINT('',(-3.326050872407,5.,27.603442473915));
#1293 = CARTESIAN_POINT('',(-3.382582179585,5.,27.598038662869));
#1294 = CARTESIAN_POINT('',(-3.440121919926,5.,27.596720342632));
#1295 = CARTESIAN_POINT('',(-3.556039648322,5.,27.602550842524));
#1296 = CARTESIAN_POINT('',(-3.614418493904,5.,27.609704111609));
#1297 = CARTESIAN_POINT('',(-3.672597680998,5.,27.621246057859));
#1298 = CARTESIAN_POINT('',(-3.72990233378,5.,27.637147826648));
#1299 = CARTESIAN_POINT('',(-3.841316943196,5.,27.67714640872));
#1300 = CARTESIAN_POINT('',(-3.895439295738,5.,27.701210392684));
#1301 = CARTESIAN_POINT('',(-3.947482683697,5.,27.729164457249));
#1302 = CARTESIAN_POINT('',(-3.996914078638,5.,27.760607276004));
#1303 = CARTESIAN_POINT('',(-4.090167495943,5.,27.829739629035));
#1304 = CARTESIAN_POINT('',(-4.133945005234,5.,27.867474546778));
#1305 = CARTESIAN_POINT('',(-4.174320419951,5.,27.907745515823));
#1306 = CARTESIAN_POINT('',(-4.211088002124,5.,27.949962451107));
#1307 = CARTESIAN_POINT('',(-4.244206500914,5.,27.993571542352));
#1308 = PCURVE('',#580,#1309);
#1309 = DEFINITIONAL_REPRESENTATION('',(#1310),#1329);
#1310 = B_SPLINE_CURVE_WITH_KNOTS('',5,(#1311,#1312,#1313,#1314,#1315,
    #1316,#1317,#1318,#1319,#1320,#1321,#1322,#1323,#1324,#1325,#1326,
    #1327,#1328),.UNSPECIFIED.,.F.,.F.,(6,4,4,4,6),(0.,0.249930637,
    0.499999999832,0.749069280989,1.),.UNSPECIFIED.);
#1311 = CARTESIAN_POINT('',(-26.37485260945,7.681880046082));
#1312 = CARTESIAN_POINT('',(-26.3873891753,7.628799274857));
#1313 = CARTESIAN_POINT('',(-26.39655752608,7.573803472183));
#1314 = CARTESIAN_POINT('',(-26.40196133713,7.517272165004));
#1315 = CARTESIAN_POINT('',(-26.40327965736,7.459732424663));
#1316 = CARTESIAN_POINT('',(-26.39744915747,7.343814696267));
#1317 = CARTESIAN_POINT('',(-26.39029588839,7.285435850686));
#1318 = CARTESIAN_POINT('',(-26.37875394214,7.227256663591));
#1319 = CARTESIAN_POINT('',(-26.36285217335,7.16995201081));
#1320 = CARTESIAN_POINT('',(-26.32285359128,7.058537401393));
#1321 = CARTESIAN_POINT('',(-26.29878960731,7.004415048852));
#1322 = CARTESIAN_POINT('',(-26.27083554275,6.952371660892));
#1323 = CARTESIAN_POINT('',(-26.23939272399,6.902940265952));
#1324 = CARTESIAN_POINT('',(-26.17026037096,6.809686848647));
#1325 = CARTESIAN_POINT('',(-26.13252545322,6.765909339355));
#1326 = CARTESIAN_POINT('',(-26.09225448417,6.725533924639));
#1327 = CARTESIAN_POINT('',(-26.05003754889,6.688766342466));
#1328 = CARTESIAN_POINT('',(-26.00642845764,6.655647843676));
#1329 = ( GEOMETRIC_REPRESENTATION_CONTEXT(2) 
PARAMETRIC_REPRESENTATION_CONTEXT() REPRESENTATION_CONTEXT('2D SPACE',''
  ) );
#1330 = PCURVE('',#1331,#1347);
#1331 = ( BOUNDED_SURFACE() B_SPLINE_SURFACE(2,2,(
    (#1332,#1333,#1334,#1335,#1336)
    ,(#1337,#1338,#1339,#1340,#1341)
    ,(#1342,#1343,#1344,#1345,#1346
)),.UNSPECIFIED.,.F.,.F.,.F.) B_SPLINE_SURFACE_WITH_KNOTS((3,3),(3,1,1,3
    ),(0.,10.),(-0.612,-2.322144213029E-14,10.,10.612),.UNSPECIFIED.) 
GEOMETRIC_REPRESENTATION_ITEM() RATIONAL_B_SPLINE_SURFACE((
    (1.,1.,1.,1.,1.)
    ,(0.838318422664,0.838318422664,0.838318422664,0.838318422664
      ,0.838318422664)
,(1.,1.,1.,1.,1.))) REPRESENTATION_ITEM('') SURFACE() );
#1332 = CARTESIAN_POINT('',(-3.217974298508,5.612,27.625147390547));
#1333 = CARTESIAN_POINT('',(-3.217974298508,5.306,27.625147390547));
#1334 = CARTESIAN_POINT('',(-3.217974298508,0.,27.625147390547));
#1335 = CARTESIAN_POINT('',(-3.217974298508,-5.306,27.625147390547));
#1336 = CARTESIAN_POINT('',(-3.217974298508,-5.612,27.625147390547));
#1337 = CARTESIAN_POINT('',(-3.850888443094,5.612,27.47566633232));
#1338 = CARTESIAN_POINT('',(-3.850888443094,5.306,27.47566633232));
#1339 = CARTESIAN_POINT('',(-3.850888443094,0.,27.47566633232));
#1340 = CARTESIAN_POINT('',(-3.850888443094,-5.306,27.47566633232));
#1341 = CARTESIAN_POINT('',(-3.850888443094,-5.612,27.47566633232));
#1342 = CARTESIAN_POINT('',(-4.244206500914,5.612,27.993571542352));
#1343 = CARTESIAN_POINT('',(-4.244206500914,5.306,27.993571542352));
#1344 = CARTESIAN_POINT('',(-4.244206500914,0.,27.993571542352));
#1345 = CARTESIAN_POINT('',(-4.244206500914,-5.306,27.993571542352));
#1346 = CARTESIAN_POINT('',(-4.244206500914,-5.612,27.993571542352));
#1347 = DEFINITIONAL_REPRESENTATION('',(#1348),#1367);
#1348 = B_SPLINE_CURVE_WITH_KNOTS('',5,(#1349,#1350,#1351,#1352,#1353,
    #1354,#1355,#1356,#1357,#1358,#1359,#1360,#1361,#1362,#1363,#1364,
    #1365,#1366),.UNSPECIFIED.,.F.,.F.,(6,4,4,4,6),(0.,0.249930637,
    0.499999999832,0.749069280989,1.),.UNSPECIFIED.);
#1349 = CARTESIAN_POINT('',(0.,-2.395392911803E-14));
#1350 = CARTESIAN_POINT('',(0.500211206001,-2.395219366178E-14));
#1351 = CARTESIAN_POINT('',(1.000304345704,-2.414563501967E-14));
#1352 = CARTESIAN_POINT('',(1.500287722349,-2.243888463646E-14));
#1353 = CARTESIAN_POINT('',(2.000179792793,-2.446383756932E-14));
#1354 = CARTESIAN_POINT('',(3.000097636074,-2.453474991801E-14));
#1355 = CARTESIAN_POINT('',(3.500124680525,-2.214914247142E-14));
#1356 = CARTESIAN_POINT('',(4.000099288921,-2.513551568062E-14));
#1357 = CARTESIAN_POINT('',(4.500050037339,-2.458643085863E-14));
#1358 = CARTESIAN_POINT('',(5.497950554217,-2.461565842501E-14));
#1359 = CARTESIAN_POINT('',(5.995901879248,-2.584078893239E-14));
#1360 = CARTESIAN_POINT('',(6.493876790771,-2.053606860892E-14));
#1361 = CARTESIAN_POINT('',(6.991903499527,-2.466046325676E-14));
#1362 = CARTESIAN_POINT('',(7.991819061829,-2.463582639448E-14));
#1363 = CARTESIAN_POINT('',(8.493710316636,-2.166701828925E-14));
#1364 = CARTESIAN_POINT('',(8.995693463987,-2.472488991578E-14));
#1365 = CARTESIAN_POINT('',(9.497787230814,-2.373262904147E-14));
#1366 = CARTESIAN_POINT('',(10.,-2.376050745045E-14));
#1367 = ( GEOMETRIC_REPRESENTATION_CONTEXT(2) 
PARAMETRIC_REPRESENTATION_CONTEXT() REPRESENTATION_CONTEXT('2D SPACE',''
  ) );
#1368 = ORIENTED_EDGE('',*,*,#1369,.T.);
#1369 = EDGE_CURVE('',#1284,#1197,#1370,.T.);
#1370 = SURFACE_CURVE('',#1371,(#1376,#1383),.PCURVE_S1.);
#1371 = CIRCLE('',#1372,14.);
#1372 = AXIS2_PLACEMENT_3D('',#1373,#1374,#1375);
#1373 = CARTESIAN_POINT('',(0.,5.,14.));
#1374 = DIRECTION('',(0.,1.,-0.));
#1375 = DIRECTION('',(-0.273980376464,0.,0.961735282348));
#1376 = PCURVE('',#580,#1377);
#1377 = DEFINITIONAL_REPRESENTATION('',(#1378),#1382);
#1378 = CIRCLE('',#1379,14.);
#1379 = AXIS2_PLACEMENT_2D('',#1380,#1381);
#1380 = CARTESIAN_POINT('',(-40.,10.89985434459));
#1381 = DIRECTION('',(0.961735282348,-0.273980376464));
#1382 = ( GEOMETRIC_REPRESENTATION_CONTEXT(2) 
PARAMETRIC_REPRESENTATION_CONTEXT() REPRESENTATION_CONTEXT('2D SPACE',''
  ) );
#1383 = PCURVE('',#422,#1384);
#1384 = DEFINITIONAL_REPRESENTATION('',(#1385),#1389);
#1385 = LINE('',#1386,#1387);
#1386 = CARTESIAN_POINT('',(8.131510984552,-5.));
#1387 = VECTOR('',#1388,1.);
#1388 = DIRECTION('',(-1.,-0.));
#1389 = ( GEOMETRIC_REPRESENTATION_CONTEXT(2) 
PARAMETRIC_REPRESENTATION_CONTEXT() REPRESENTATION_CONTEXT('2D SPACE',''
  ) );
#1390 = ORIENTED_EDGE('',*,*,#1261,.F.);
#1391 = ORIENTED_EDGE('',*,*,#565,.T.);
#1392 = ORIENTED_EDGE('',*,*,#1393,.T.);
#1393 = EDGE_CURVE('',#540,#1394,#1396,.T.);
#1394 = VERTEX_POINT('',#1395);
#1395 = CARTESIAN_POINT('',(-13.71129941527,5.,16.828474561453));
#1396 = SURFACE_CURVE('',#1397,(#1402,#1409),.PCURVE_S1.);
#1397 = CIRCLE('',#1398,14.);
#1398 = AXIS2_PLACEMENT_3D('',#1399,#1400,#1401);
#1399 = CARTESIAN_POINT('',(0.,5.,14.));
#1400 = DIRECTION('',(0.,1.,-0.));
#1401 = DIRECTION('',(-0.273980376464,0.,0.961735282348));
#1402 = PCURVE('',#580,#1403);
#1403 = DEFINITIONAL_REPRESENTATION('',(#1404),#1408);
#1404 = CIRCLE('',#1405,14.);
#1405 = AXIS2_PLACEMENT_2D('',#1406,#1407);
#1406 = CARTESIAN_POINT('',(-40.,10.89985434459));
#1407 = DIRECTION('',(0.961735282348,-0.273980376464));
#1408 = ( GEOMETRIC_REPRESENTATION_CONTEXT(2) 
PARAMETRIC_REPRESENTATION_CONTEXT() REPRESENTATION_CONTEXT('2D SPACE',''
  ) );
#1409 = PCURVE('',#554,#1410);
#1410 = DEFINITIONAL_REPRESENTATION('',(#1411),#1415);
#1411 = LINE('',#1412,#1413);
#1412 = CARTESIAN_POINT('',(8.131510984552,-5.));
#1413 = VECTOR('',#1414,1.);
#1414 = DIRECTION('',(-1.,-0.));
#1415 = ( GEOMETRIC_REPRESENTATION_CONTEXT(2) 
PARAMETRIC_REPRESENTATION_CONTEXT() REPRESENTATION_CONTEXT('2D SPACE',''
  ) );
#1416 = ORIENTED_EDGE('',*,*,#1417,.T.);
#1417 = EDGE_CURVE('',#1394,#1418,#1420,.T.);
#1418 = VERTEX_POINT('',#1419);
#1419 = CARTESIAN_POINT('',(-13.92014901484,5.,17.667913485274));
#1420 = SURFACE_CURVE('',#1421,(#1434,#1450),.PCURVE_S1.);
#1421 = B_SPLINE_CURVE_WITH_KNOTS('',6,(#1422,#1423,#1424,#1425,#1426,
    #1427,#1428,#1429,#1430,#1431,#1432,#1433),.UNSPECIFIED.,.F.,.F.,(7,
    5,7),(0.,0.5,1.),.UNSPECIFIED.);
#1422 = CARTESIAN_POINT('',(-13.71129941527,5.,16.828474561453));
#1423 = CARTESIAN_POINT('',(-13.69673189696,5.,16.899091991754));
#1424 = CARTESIAN_POINT('',(-13.68799017677,5.,16.972349366885));
#1425 = CARTESIAN_POINT('',(-13.68571408855,5.,17.047401197423));
#1426 = CARTESIAN_POINT('',(-13.69034869533,5.,17.123156101179));
#1427 = CARTESIAN_POINT('',(-13.70195932806,5.,17.198382890355));
#1428 = CARTESIAN_POINT('',(-13.73856328084,5.,17.345506862785));
#1429 = CARTESIAN_POINT('',(-13.7635566098,5.,17.417404081847));
#1430 = CARTESIAN_POINT('',(-13.79496014614,5.,17.48649896537));
#1431 = CARTESIAN_POINT('',(-13.83213925575,5.,17.551734474511));
#1432 = CARTESIAN_POINT('',(-13.87418935402,5.,17.612355014911));
#1433 = CARTESIAN_POINT('',(-13.92014901484,5.,17.667913485274));
#1434 = PCURVE('',#580,#1435);
#1435 = DEFINITIONAL_REPRESENTATION('',(#1436),#1449);
#1436 = B_SPLINE_CURVE_WITH_KNOTS('',6,(#1437,#1438,#1439,#1440,#1441,
    #1442,#1443,#1444,#1445,#1446,#1447,#1448),.UNSPECIFIED.,.F.,.F.,(7,
    5,7),(0.,0.5,1.),.UNSPECIFIED.);
#1437 = CARTESIAN_POINT('',(-37.17152543854,-2.811445070681));
#1438 = CARTESIAN_POINT('',(-37.10090800824,-2.796877552378));
#1439 = CARTESIAN_POINT('',(-37.02765063311,-2.788135832187));
#1440 = CARTESIAN_POINT('',(-36.95259880257,-2.785859743967));
#1441 = CARTESIAN_POINT('',(-36.87684389882,-2.790494350748));
#1442 = CARTESIAN_POINT('',(-36.80161710964,-2.80210498347));
#1443 = CARTESIAN_POINT('',(-36.65449313721,-2.838708936251));
#1444 = CARTESIAN_POINT('',(-36.58259591815,-2.863702265219));
#1445 = CARTESIAN_POINT('',(-36.51350103463,-2.895105801552));
#1446 = CARTESIAN_POINT('',(-36.44826552548,-2.932284911167));
#1447 = CARTESIAN_POINT('',(-36.38764498508,-2.974335009439));
#1448 = CARTESIAN_POINT('',(-36.33208651472,-3.020294670258));
#1449 = ( GEOMETRIC_REPRESENTATION_CONTEXT(2) 
PARAMETRIC_REPRESENTATION_CONTEXT() REPRESENTATION_CONTEXT('2D SPACE',''
  ) );
#1450 = PCURVE('',#1451,#1467);
#1451 = ( BOUNDED_SURFACE() B_SPLINE_SURFACE(2,2,(
    (#1452,#1453,#1454,#1455,#1456)
    ,(#1457,#1458,#1459,#1460,#1461)
    ,(#1462,#1463,#1464,#1465,#1466
)),.UNSPECIFIED.,.F.,.F.,.F.) B_SPLINE_SURFACE_WITH_KNOTS((3,3),(3,1,1,3
    ),(0.,10.),(-0.612,-2.322144213029E-14,10.,10.612),.UNSPECIFIED.) 
GEOMETRIC_REPRESENTATION_ITEM() RATIONAL_B_SPLINE_SURFACE((
    (1.,1.,1.,1.,1.)
    ,(0.901626882076,0.901626882076,0.901626882076,0.901626882076
      ,0.901626882076)
,(1.,1.,1.,1.,1.))) REPRESENTATION_ITEM('') SURFACE() );
#1452 = CARTESIAN_POINT('',(-13.71129941527,-5.612,16.828474561453));
#1453 = CARTESIAN_POINT('',(-13.71129941527,-5.306,16.828474561453));
#1454 = CARTESIAN_POINT('',(-13.71129941527,0.,16.828474561453));
#1455 = CARTESIAN_POINT('',(-13.71129941527,5.306,16.828474561453));
#1456 = CARTESIAN_POINT('',(-13.71129941527,5.612,16.828474561453));
#1457 = CARTESIAN_POINT('',(-13.61438279471,-5.612,17.298287096038));
#1458 = CARTESIAN_POINT('',(-13.61438279471,-5.306,17.298287096038));
#1459 = CARTESIAN_POINT('',(-13.61438279471,0.,17.298287096038));
#1460 = CARTESIAN_POINT('',(-13.61438279471,5.306,17.298287096038));
#1461 = CARTESIAN_POINT('',(-13.61438279471,5.612,17.298287096038));
#1462 = CARTESIAN_POINT('',(-13.92014901484,-5.612,17.667913485274));
#1463 = CARTESIAN_POINT('',(-13.92014901484,-5.306,17.667913485274));
#1464 = CARTESIAN_POINT('',(-13.92014901484,0.,17.667913485274));
#1465 = CARTESIAN_POINT('',(-13.92014901484,5.306,17.667913485274));
#1466 = CARTESIAN_POINT('',(-13.92014901484,5.612,17.667913485274));
#1467 = DEFINITIONAL_REPRESENTATION('',(#1468),#1481);
#1468 = B_SPLINE_CURVE_WITH_KNOTS('',6,(#1469,#1470,#1471,#1472,#1473,
    #1474,#1475,#1476,#1477,#1478,#1479,#1480),.UNSPECIFIED.,.F.,.F.,(7,
    5,7),(0.,0.5,1.),.UNSPECIFIED.);
#1469 = CARTESIAN_POINT('',(0.,10.));
#1470 = CARTESIAN_POINT('',(0.833547710524,10.));
#1471 = CARTESIAN_POINT('',(1.666977616342,10.));
#1472 = CARTESIAN_POINT('',(2.500303390271,10.));
#1473 = CARTESIAN_POINT('',(3.333557169644,10.));
#1474 = CARTESIAN_POINT('',(4.166780056798,10.));
#1475 = CARTESIAN_POINT('',(5.833219943202,10.));
#1476 = CARTESIAN_POINT('',(6.666442830356,10.));
#1477 = CARTESIAN_POINT('',(7.499696609731,10.));
#1478 = CARTESIAN_POINT('',(8.333022383657,10.));
#1479 = CARTESIAN_POINT('',(9.166452289477,10.));
#1480 = CARTESIAN_POINT('',(10.,10.));
#1481 = ( GEOMETRIC_REPRESENTATION_CONTEXT(2) 
PARAMETRIC_REPRESENTATION_CONTEXT() REPRESENTATION_CONTEXT('2D SPACE',''
  ) );
#1482 = ORIENTED_EDGE('',*,*,#1483,.T.);
#1483 = EDGE_CURVE('',#1418,#1484,#1486,.T.);
#1484 = VERTEX_POINT('',#1485);
#1485 = CARTESIAN_POINT('',(-17.78925025309,5.,85.067467876342));
#1486 = SURFACE_CURVE('',#1487,(#1492,#1499),.PCURVE_S1.);
#1487 = CIRCLE('',#1488,57.);
#1488 = AXIS2_PLACEMENT_3D('',#1489,#1490,#1491);
#1489 = CARTESIAN_POINT('',(30.,5.,54.));
#1490 = DIRECTION('',(0.,1.,0.));
#1491 = DIRECTION('',(-0.6,0.,-0.8));
#1492 = PCURVE('',#580,#1493);
#1493 = DEFINITIONAL_REPRESENTATION('',(#1494),#1498);
#1494 = CIRCLE('',#1495,57.);
#1495 = AXIS2_PLACEMENT_2D('',#1496,#1497);
#1496 = CARTESIAN_POINT('',(-1.42108547152E-14,40.89985434459));
#1497 = DIRECTION('',(-0.8,-0.6));
#1498 = ( GEOMETRIC_REPRESENTATION_CONTEXT(2) 
PARAMETRIC_REPRESENTATION_CONTEXT() REPRESENTATION_CONTEXT('2D SPACE',''
  ) );
#1499 = PCURVE('',#1500,#1505);
#1500 = CYLINDRICAL_SURFACE('',#1501,57.);
#1501 = AXIS2_PLACEMENT_3D('',#1502,#1503,#1504);
#1502 = CARTESIAN_POINT('',(30.,0.,54.));
#1503 = DIRECTION('',(0.,1.,0.));
#1504 = DIRECTION('',(-0.6,0.,-0.8));
#1505 = DEFINITIONAL_REPRESENTATION('',(#1506),#1510);
#1506 = LINE('',#1507,#1508);
#1507 = CARTESIAN_POINT('',(-0.,5.));
#1508 = VECTOR('',#1509,1.);
#1509 = DIRECTION('',(1.,-0.));
#1510 = ( GEOMETRIC_REPRESENTATION_CONTEXT(2) 
PARAMETRIC_REPRESENTATION_CONTEXT() REPRESENTATION_CONTEXT('2D SPACE',''
  ) );
#1511 = ORIENTED_EDGE('',*,*,#1512,.F.);
#1512 = EDGE_CURVE('',#1513,#1484,#1515,.T.);
#1513 = VERTEX_POINT('',#1514);
#1514 = CARTESIAN_POINT('',(-17.,5.,84.6));
#1515 = SURFACE_CURVE('',#1516,(#1521,#1528),.PCURVE_S1.);
#1516 = CIRCLE('',#1517,0.9);
#1517 = AXIS2_PLACEMENT_3D('',#1518,#1519,#1520);
#1518 = CARTESIAN_POINT('',(-17.,5.,85.5));
#1519 = DIRECTION('',(0.,1.,0.));
#1520 = DIRECTION('',(0.,-0.,1.));
#1521 = PCURVE('',#580,#1522);
#1522 = DEFINITIONAL_REPRESENTATION('',(#1523),#1527);
#1523 = CIRCLE('',#1524,0.9);
#1524 = AXIS2_PLACEMENT_2D('',#1525,#1526);
#1525 = CARTESIAN_POINT('',(31.5,-6.10014565541));
#1526 = DIRECTION('',(1.,0.));
#1527 = ( GEOMETRIC_REPRESENTATION_CONTEXT(2) 
PARAMETRIC_REPRESENTATION_CONTEXT() REPRESENTATION_CONTEXT('2D SPACE',''
  ) );
#1528 = PCURVE('',#1529,#1534);
#1529 = CYLINDRICAL_SURFACE('',#1530,0.9);
#1530 = AXIS2_PLACEMENT_3D('',#1531,#1532,#1533);
#1531 = CARTESIAN_POINT('',(-17.,1.5,85.5));
#1532 = DIRECTION('',(0.,1.,0.));
#1533 = DIRECTION('',(0.,-0.,1.));
#1534 = DEFINITIONAL_REPRESENTATION('',(#1535),#1539);
#1535 = LINE('',#1536,#1537);
#1536 = CARTESIAN_POINT('',(0.,3.5));
#1537 = VECTOR('',#1538,1.);
#1538 = DIRECTION('',(1.,0.));
#1539 = ( GEOMETRIC_REPRESENTATION_CONTEXT(2) 
PARAMETRIC_REPRESENTATION_CONTEXT() REPRESENTATION_CONTEXT('2D SPACE',''
  ) );
#1540 = ORIENTED_EDGE('',*,*,#1541,.T.);
#1541 = EDGE_CURVE('',#1513,#1542,#1544,.T.);
#1542 = VERTEX_POINT('',#1543);
#1543 = CARTESIAN_POINT('',(-17.,5.,84.));
#1544 = SURFACE_CURVE('',#1545,(#1549,#1555),.PCURVE_S1.);
#1545 = LINE('',#1546,#1547);
#1546 = CARTESIAN_POINT('',(-17.,5.,69.));
#1547 = VECTOR('',#1548,1.);
#1548 = DIRECTION('',(0.,0.,-1.));
#1549 = PCURVE('',#580,#1550);
#1550 = DEFINITIONAL_REPRESENTATION('',(#1551),#1554);
#1551 = B_SPLINE_CURVE_WITH_KNOTS('',1,(#1552,#1553),.UNSPECIFIED.,.F.,
  .F.,(2,2),(-15.6,-15.),.PIECEWISE_BEZIER_KNOTS.);
#1552 = CARTESIAN_POINT('',(30.6,-6.10014565541));
#1553 = CARTESIAN_POINT('',(30.,-6.10014565541));
#1554 = ( GEOMETRIC_REPRESENTATION_CONTEXT(2) 
PARAMETRIC_REPRESENTATION_CONTEXT() REPRESENTATION_CONTEXT('2D SPACE',''
  ) );
#1555 = PCURVE('',#1556,#1561);
#1556 = PLANE('',#1557);
#1557 = AXIS2_PLACEMENT_3D('',#1558,#1559,#1560);
#1558 = CARTESIAN_POINT('',(-17.,2.5,84.));
#1559 = DIRECTION('',(1.,0.,0.));
#1560 = DIRECTION('',(0.,0.,1.));
#1561 = DEFINITIONAL_REPRESENTATION('',(#1562),#1565);
#1562 = B_SPLINE_CURVE_WITH_KNOTS('',1,(#1563,#1564),.UNSPECIFIED.,.F.,
  .F.,(2,2),(-15.6,-15.),.PIECEWISE_BEZIER_KNOTS.);
#1563 = CARTESIAN_POINT('',(0.6,-2.5));
#1564 = CARTESIAN_POINT('',(0.,-2.5));
#1565 = ( GEOMETRIC_REPRESENTATION_CONTEXT(2) 
PARAMETRIC_REPRESENTATION_CONTEXT() REPRESENTATION_CONTEXT('2D SPACE',''
  ) );
#1566 = ORIENTED_EDGE('',*,*,#1567,.T.);
#1567 = EDGE_CURVE('',#1542,#1568,#1570,.T.);
#1568 = VERTEX_POINT('',#1569);
#1569 = CARTESIAN_POINT('',(9.797958971133,5.,84.));
#1570 = SURFACE_CURVE('',#1571,(#1575,#1581),.PCURVE_S1.);
#1571 = LINE('',#1572,#1573);
#1572 = CARTESIAN_POINT('',(-13.94992717229,5.,84.));
#1573 = VECTOR('',#1574,1.);
#1574 = DIRECTION('',(1.,0.,0.));
#1575 = PCURVE('',#580,#1576);
#1576 = DEFINITIONAL_REPRESENTATION('',(#1577),#1580);
#1577 = B_SPLINE_CURVE_WITH_KNOTS('',1,(#1578,#1579),.UNSPECIFIED.,.F.,
  .F.,(2,2),(-3.050072827705,27.949927172295),.PIECEWISE_BEZIER_KNOTS.);
#1578 = CARTESIAN_POINT('',(30.,-6.10014565541));
#1579 = CARTESIAN_POINT('',(30.,24.89985434459));
#1580 = ( GEOMETRIC_REPRESENTATION_CONTEXT(2) 
PARAMETRIC_REPRESENTATION_CONTEXT() REPRESENTATION_CONTEXT('2D SPACE',''
  ) );
#1581 = PCURVE('',#1582,#1587);
#1582 = PLANE('',#1583);
#1583 = AXIS2_PLACEMENT_3D('',#1584,#1585,#1586);
#1584 = CARTESIAN_POINT('',(-17.,2.5,84.));
#1585 = DIRECTION('',(0.,0.,1.));
#1586 = DIRECTION('',(1.,0.,0.));
#1587 = DEFINITIONAL_REPRESENTATION('',(#1588),#1591);
#1588 = B_SPLINE_CURVE_WITH_KNOTS('',1,(#1589,#1590),.UNSPECIFIED.,.F.,
  .F.,(2,2),(-3.050072827705,27.949927172295),.PIECEWISE_BEZIER_KNOTS.);
#1589 = CARTESIAN_POINT('',(0.,2.5));
#1590 = CARTESIAN_POINT('',(31.,2.5));
#1591 = ( GEOMETRIC_REPRESENTATION_CONTEXT(2) 
PARAMETRIC_REPRESENTATION_CONTEXT() REPRESENTATION_CONTEXT('2D SPACE',''
  ) );
#1592 = ORIENTED_EDGE('',*,*,#1593,.T.);
#1593 = EDGE_CURVE('',#1568,#1594,#1596,.T.);
#1594 = VERTEX_POINT('',#1595);
#1595 = CARTESIAN_POINT('',(-3.217974298508,5.,80.374852609452));
#1596 = SURFACE_CURVE('',#1597,(#1602,#1609),.PCURVE_S1.);
#1597 = CIRCLE('',#1598,14.);
#1598 = AXIS2_PLACEMENT_3D('',#1599,#1600,#1601);
#1599 = CARTESIAN_POINT('',(0.,5.,94.));
#1600 = DIRECTION('',(0.,1.,0.));
#1601 = DIRECTION('',(-0.971944895894,0.,-0.23520867192));
#1602 = PCURVE('',#580,#1603);
#1603 = DEFINITIONAL_REPRESENTATION('',(#1604),#1608);
#1604 = CIRCLE('',#1605,14.);
#1605 = AXIS2_PLACEMENT_2D('',#1606,#1607);
#1606 = CARTESIAN_POINT('',(40.,10.89985434459));
#1607 = DIRECTION('',(-0.23520867192,-0.971944895894));
#1608 = ( GEOMETRIC_REPRESENTATION_CONTEXT(2) 
PARAMETRIC_REPRESENTATION_CONTEXT() REPRESENTATION_CONTEXT('2D SPACE',''
  ) );
#1609 = PCURVE('',#1610,#1615);
#1610 = CYLINDRICAL_SURFACE('',#1611,14.);
#1611 = AXIS2_PLACEMENT_3D('',#1612,#1613,#1614);
#1612 = CARTESIAN_POINT('',(0.,0.,94.));
#1613 = DIRECTION('',(-0.,1.,-0.));
#1614 = DIRECTION('',(1.,0.,0.));
#1615 = DEFINITIONAL_REPRESENTATION('',(#1616),#1620);
#1616 = LINE('',#1617,#1618);
#1617 = CARTESIAN_POINT('',(-9.662211218505,5.));
#1618 = VECTOR('',#1619,1.);
#1619 = DIRECTION('',(1.,-0.));
#1620 = ( GEOMETRIC_REPRESENTATION_CONTEXT(2) 
PARAMETRIC_REPRESENTATION_CONTEXT() REPRESENTATION_CONTEXT('2D SPACE',''
  ) );
#1621 = ORIENTED_EDGE('',*,*,#1622,.F.);
#1622 = EDGE_CURVE('',#1623,#1594,#1625,.T.);
#1623 = VERTEX_POINT('',#1624);
#1624 = CARTESIAN_POINT('',(-4.244206500914,5.,80.006428457648));
#1625 = SURFACE_CURVE('',#1626,(#1645,#1667),.PCURVE_S1.);
#1626 = B_SPLINE_CURVE_WITH_KNOTS('',5,(#1627,#1628,#1629,#1630,#1631,
    #1632,#1633,#1634,#1635,#1636,#1637,#1638,#1639,#1640,#1641,#1642,
    #1643,#1644),.UNSPECIFIED.,.F.,.F.,(6,4,4,4,6),(0.,0.249930637,
    0.499999999832,0.749069280989,1.),.UNSPECIFIED.);
#1627 = CARTESIAN_POINT('',(-4.244206500914,5.,80.006428457648));
#1628 = CARTESIAN_POINT('',(-4.211219995518,5.,80.049863745364));
#1629 = CARTESIAN_POINT('',(-4.174613430092,5.,80.091917952472));
#1630 = CARTESIAN_POINT('',(-4.134427592629,5.,80.132043858475));
#1631 = CARTESIAN_POINT('',(-4.090865065396,5.,80.169658561821));
#1632 = CARTESIAN_POINT('',(-3.997707754462,5.,80.238887384612));
#1633 = CARTESIAN_POINT('',(-3.948109479344,5.,80.270498616402));
#1634 = CARTESIAN_POINT('',(-3.89587391083,5.,80.29859629809));
#1635 = CARTESIAN_POINT('',(-3.841540175179,5.,80.322773449521));
#1636 = CARTESIAN_POINT('',(-3.730125565763,5.,80.362772031593));
#1637 = CARTESIAN_POINT('',(-3.673056007256,5.,80.378626679513));
#1638 = CARTESIAN_POINT('',(-3.615116463734,5.,80.390157215167));
#1639 = CARTESIAN_POINT('',(-3.556973509595,5.,80.39733429961));
#1640 = CARTESIAN_POINT('',(-3.441042978253,5.,80.403300368429));
#1641 = CARTESIAN_POINT('',(-3.383260884368,5.,80.402026020301));
#1642 = CARTESIAN_POINT('',(-3.326491022818,5.,80.3966308483));
#1643 = CARTESIAN_POINT('',(-3.271267469047,5.,80.387439339575));
#1644 = CARTESIAN_POINT('',(-3.217974298508,5.,80.374852609452));
#1645 = PCURVE('',#580,#1646);
#1646 = DEFINITIONAL_REPRESENTATION('',(#1647),#1666);
#1647 = B_SPLINE_CURVE_WITH_KNOTS('',5,(#1648,#1649,#1650,#1651,#1652,
    #1653,#1654,#1655,#1656,#1657,#1658,#1659,#1660,#1661,#1662,#1663,
    #1664,#1665),.UNSPECIFIED.,.F.,.F.,(6,4,4,4,6),(0.,0.249930637,
    0.499999999832,0.749069280989,1.),.UNSPECIFIED.);
#1648 = CARTESIAN_POINT('',(26.006428457648,6.655647843676));
#1649 = CARTESIAN_POINT('',(26.049863745364,6.688634349072));
#1650 = CARTESIAN_POINT('',(26.091917952472,6.725240914497));
#1651 = CARTESIAN_POINT('',(26.132043858475,6.76542675196));
#1652 = CARTESIAN_POINT('',(26.169658561821,6.808989279194));
#1653 = CARTESIAN_POINT('',(26.238887384612,6.902146590128));
#1654 = CARTESIAN_POINT('',(26.270498616402,6.951744865246));
#1655 = CARTESIAN_POINT('',(26.29859629809,7.00398043376));
#1656 = CARTESIAN_POINT('',(26.322773449521,7.058314169411));
#1657 = CARTESIAN_POINT('',(26.362772031593,7.169728778827));
#1658 = CARTESIAN_POINT('',(26.378626679513,7.226798337334));
#1659 = CARTESIAN_POINT('',(26.390157215167,7.284737880856));
#1660 = CARTESIAN_POINT('',(26.39733429961,7.342880834994));
#1661 = CARTESIAN_POINT('',(26.403300368429,7.458811366337));
#1662 = CARTESIAN_POINT('',(26.402026020301,7.516593460222));
#1663 = CARTESIAN_POINT('',(26.3966308483,7.573363321772));
#1664 = CARTESIAN_POINT('',(26.387439339575,7.628586875542));
#1665 = CARTESIAN_POINT('',(26.374852609452,7.681880046082));
#1666 = ( GEOMETRIC_REPRESENTATION_CONTEXT(2) 
PARAMETRIC_REPRESENTATION_CONTEXT() REPRESENTATION_CONTEXT('2D SPACE',''
  ) );
#1667 = PCURVE('',#1668,#1684);
#1668 = ( BOUNDED_SURFACE() B_SPLINE_SURFACE(2,2,(
    (#1669,#1670,#1671,#1672,#1673)
    ,(#1674,#1675,#1676,#1677,#1678)
    ,(#1679,#1680,#1681,#1682,#1683
)),.UNSPECIFIED.,.F.,.F.,.F.) B_SPLINE_SURFACE_WITH_KNOTS((3,3),(3,1,1,3
    ),(0.,10.),(-0.612,-2.455305923854E-14,10.,10.612),.UNSPECIFIED.) 
GEOMETRIC_REPRESENTATION_ITEM() RATIONAL_B_SPLINE_SURFACE((
    (1.,1.,1.,1.,1.)
    ,(0.838318422664,0.838318422664,0.838318422664,0.838318422664
      ,0.838318422664)
,(1.,1.,1.,1.,1.))) REPRESENTATION_ITEM('') SURFACE() );
#1669 = CARTESIAN_POINT('',(-4.244206500914,5.612,80.006428457648));
#1670 = CARTESIAN_POINT('',(-4.244206500914,5.306,80.006428457648));
#1671 = CARTESIAN_POINT('',(-4.244206500914,0.,80.006428457648));
#1672 = CARTESIAN_POINT('',(-4.244206500914,-5.306,80.006428457648));
#1673 = CARTESIAN_POINT('',(-4.244206500914,-5.612,80.006428457648));
#1674 = CARTESIAN_POINT('',(-3.850888443094,5.612,80.52433366768));
#1675 = CARTESIAN_POINT('',(-3.850888443094,5.306,80.52433366768));
#1676 = CARTESIAN_POINT('',(-3.850888443094,0.,80.52433366768));
#1677 = CARTESIAN_POINT('',(-3.850888443094,-5.306,80.52433366768));
#1678 = CARTESIAN_POINT('',(-3.850888443094,-5.612,80.52433366768));
#1679 = CARTESIAN_POINT('',(-3.217974298508,5.612,80.374852609452));
#1680 = CARTESIAN_POINT('',(-3.217974298508,5.306,80.374852609452));
#1681 = CARTESIAN_POINT('',(-3.217974298508,0.,80.374852609452));
#1682 = CARTESIAN_POINT('',(-3.217974298508,-5.306,80.374852609452));
#1683 = CARTESIAN_POINT('',(-3.217974298508,-5.612,80.374852609452));
#1684 = DEFINITIONAL_REPRESENTATION('',(#1685),#1704);
#1685 = B_SPLINE_CURVE_WITH_KNOTS('',5,(#1686,#1687,#1688,#1689,#1690,
    #1691,#1692,#1693,#1694,#1695,#1696,#1697,#1698,#1699,#1700,#1701,
    #1702,#1703),.UNSPECIFIED.,.F.,.F.,(6,4,4,4,6),(0.,0.249930637,
    0.499999999832,0.749069280989,1.),.UNSPECIFIED.);
#1686 = CARTESIAN_POINT('',(0.,-2.501124307663E-14));
#1687 = CARTESIAN_POINT('',(0.500211206001,-2.490017387702E-14));
#1688 = CARTESIAN_POINT('',(1.000304345704,-2.615175368595E-14));
#1689 = CARTESIAN_POINT('',(1.500287722349,-2.62150874392E-14));
#1690 = CARTESIAN_POINT('',(2.000179792793,-2.451683993481E-14));
#1691 = CARTESIAN_POINT('',(3.000097636074,-2.44222972084E-14));
#1692 = CARTESIAN_POINT('',(3.500124680525,-2.584842419727E-14));
#1693 = CARTESIAN_POINT('',(4.000099288922,-2.542456100352E-14));
#1694 = CARTESIAN_POINT('',(4.500050037338,-2.437420805902E-14));
#1695 = CARTESIAN_POINT('',(5.497950554217,-2.440343562539E-14));
#1696 = CARTESIAN_POINT('',(5.995901879248,-2.706793882032E-14));
#1697 = CARTESIAN_POINT('',(6.493876790771,-2.355207499851E-14));
#1698 = CARTESIAN_POINT('',(6.991903499527,-2.542711385095E-14));
#1699 = CARTESIAN_POINT('',(7.991819061829,-2.556895463257E-14));
#1700 = CARTESIAN_POINT('',(8.493710316636,-2.35720162629E-14));
#1701 = CARTESIAN_POINT('',(8.995693463986,-2.908489221189E-14));
#1702 = CARTESIAN_POINT('',(9.497787230814,-2.492736218296E-14));
#1703 = CARTESIAN_POINT('',(10.,-2.506675422786E-14));
#1704 = ( GEOMETRIC_REPRESENTATION_CONTEXT(2) 
PARAMETRIC_REPRESENTATION_CONTEXT() REPRESENTATION_CONTEXT('2D SPACE',''
  ) );
#1705 = ORIENTED_EDGE('',*,*,#1706,.T.);
#1706 = EDGE_CURVE('',#1623,#1286,#1707,.T.);
#1707 = SURFACE_CURVE('',#1708,(#1713,#1724),.PCURVE_S1.);
#1708 = CIRCLE('',#1709,43.);
#1709 = AXIS2_PLACEMENT_3D('',#1710,#1711,#1712);
#1710 = CARTESIAN_POINT('',(30.,5.,54.));
#1711 = DIRECTION('',(0.,-1.,-0.));
#1712 = DIRECTION('',(-0.6,-0.,0.8));
#1713 = PCURVE('',#580,#1714);
#1714 = DEFINITIONAL_REPRESENTATION('',(#1715),#1723);
#1715 = ( BOUNDED_CURVE() B_SPLINE_CURVE(2,(#1716,#1717,#1718,#1719,
#1720,#1721,#1722),.UNSPECIFIED.,.T.,.F.) B_SPLINE_CURVE_WITH_KNOTS((1,2
    ,2,2,2,1),(-2.094395102393,0.,2.094395102393,4.188790204786,
6.28318530718,8.377580409573),.UNSPECIFIED.) CURVE() 
GEOMETRIC_REPRESENTATION_ITEM() RATIONAL_B_SPLINE_CURVE((1.,0.5,1.,0.5,
1.,0.5,1.)) REPRESENTATION_ITEM('') );
#1716 = CARTESIAN_POINT('',(34.4,15.09985434459));
#1717 = CARTESIAN_POINT('',(-10.28691083527,-44.48269343578));
#1718 = CARTESIAN_POINT('',(-39.54345541763,24.008580454405));
#1719 = CARTESIAN_POINT('',(-68.8,92.49985434459));
#1720 = CARTESIAN_POINT('',(5.143455417638,83.591128234774));
#1721 = CARTESIAN_POINT('',(79.086910835277,74.682402124959));
#1722 = CARTESIAN_POINT('',(34.4,15.09985434459));
#1723 = ( GEOMETRIC_REPRESENTATION_CONTEXT(2) 
PARAMETRIC_REPRESENTATION_CONTEXT() REPRESENTATION_CONTEXT('2D SPACE',''
  ) );
#1724 = PCURVE('',#1725,#1730);
#1725 = CYLINDRICAL_SURFACE('',#1726,43.);
#1726 = AXIS2_PLACEMENT_3D('',#1727,#1728,#1729);
#1727 = CARTESIAN_POINT('',(30.,0.,54.));
#1728 = DIRECTION('',(-0.,1.,0.));
#1729 = DIRECTION('',(-0.6,-0.,0.8));
#1730 = DEFINITIONAL_REPRESENTATION('',(#1731),#1735);
#1731 = LINE('',#1732,#1733);
#1732 = CARTESIAN_POINT('',(0.,5.));
#1733 = VECTOR('',#1734,1.);
#1734 = DIRECTION('',(-1.,-0.));
#1735 = ( GEOMETRIC_REPRESENTATION_CONTEXT(2) 
PARAMETRIC_REPRESENTATION_CONTEXT() REPRESENTATION_CONTEXT('2D SPACE',''
  ) );
#1736 = ADVANCED_FACE('',(#1737),#554,.T.);
#1737 = FACE_BOUND('',#1738,.T.);
#1738 = EDGE_LOOP('',(#1739,#1740,#1741,#1765));
#1739 = ORIENTED_EDGE('',*,*,#1393,.F.);
#1740 = ORIENTED_EDGE('',*,*,#539,.T.);
#1741 = ORIENTED_EDGE('',*,*,#1742,.T.);
#1742 = EDGE_CURVE('',#513,#1743,#1745,.T.);
#1743 = VERTEX_POINT('',#1744);
#1744 = CARTESIAN_POINT('',(-13.71129941527,-5.,16.828474561453));
#1745 = SURFACE_CURVE('',#1746,(#1751,#1758),.PCURVE_S1.);
#1746 = CIRCLE('',#1747,14.);
#1747 = AXIS2_PLACEMENT_3D('',#1748,#1749,#1750);
#1748 = CARTESIAN_POINT('',(0.,-5.,14.));
#1749 = DIRECTION('',(0.,1.,-0.));
#1750 = DIRECTION('',(-0.273980376464,0.,0.961735282348));
#1751 = PCURVE('',#554,#1752);
#1752 = DEFINITIONAL_REPRESENTATION('',(#1753),#1757);
#1753 = LINE('',#1754,#1755);
#1754 = CARTESIAN_POINT('',(8.131510984552,5.));
#1755 = VECTOR('',#1756,1.);
#1756 = DIRECTION('',(-1.,0.));
#1757 = ( GEOMETRIC_REPRESENTATION_CONTEXT(2) 
PARAMETRIC_REPRESENTATION_CONTEXT() REPRESENTATION_CONTEXT('2D SPACE',''
  ) );
#1758 = PCURVE('',#527,#1759);
#1759 = DEFINITIONAL_REPRESENTATION('',(#1760),#1764);
#1760 = CIRCLE('',#1761,14.);
#1761 = AXIS2_PLACEMENT_2D('',#1762,#1763);
#1762 = CARTESIAN_POINT('',(-40.,10.89985434459));
#1763 = DIRECTION('',(0.961735282348,-0.273980376464));
#1764 = ( GEOMETRIC_REPRESENTATION_CONTEXT(2) 
PARAMETRIC_REPRESENTATION_CONTEXT() REPRESENTATION_CONTEXT('2D SPACE',''
  ) );
#1765 = ORIENTED_EDGE('',*,*,#1766,.T.);
#1766 = EDGE_CURVE('',#1743,#1394,#1767,.T.);
#1767 = SURFACE_CURVE('',#1768,(#1774,#1780),.PCURVE_S1.);
#1768 = B_SPLINE_CURVE_WITH_KNOTS('',2,(#1769,#1770,#1771,#1772,#1773),
  .UNSPECIFIED.,.F.,.F.,(3,1,1,3),(-0.612,-2.322144213029E-14,10.,10.612
    ),.UNSPECIFIED.);
#1769 = CARTESIAN_POINT('',(-13.71129941527,-5.612,16.828474561453));
#1770 = CARTESIAN_POINT('',(-13.71129941527,-5.306,16.828474561453));
#1771 = CARTESIAN_POINT('',(-13.71129941527,0.,16.828474561453));
#1772 = CARTESIAN_POINT('',(-13.71129941527,5.306,16.828474561453));
#1773 = CARTESIAN_POINT('',(-13.71129941527,5.612,16.828474561453));
#1774 = PCURVE('',#554,#1775);
#1775 = DEFINITIONAL_REPRESENTATION('',(#1776),#1779);
#1776 = B_SPLINE_CURVE_WITH_KNOTS('',1,(#1777,#1778),.UNSPECIFIED.,.F.,
  .F.,(2,2),(-2.322144213029E-14,10.),.PIECEWISE_BEZIER_KNOTS.);
#1777 = CARTESIAN_POINT('',(2.93815845364,5.));
#1778 = CARTESIAN_POINT('',(2.93815845364,-5.));
#1779 = ( GEOMETRIC_REPRESENTATION_CONTEXT(2) 
PARAMETRIC_REPRESENTATION_CONTEXT() REPRESENTATION_CONTEXT('2D SPACE',''
  ) );
#1780 = PCURVE('',#1451,#1781);
#1781 = DEFINITIONAL_REPRESENTATION('',(#1782),#1786);
#1782 = LINE('',#1783,#1784);
#1783 = CARTESIAN_POINT('',(0.,0.));
#1784 = VECTOR('',#1785,1.);
#1785 = DIRECTION('',(0.,1.));
#1786 = ( GEOMETRIC_REPRESENTATION_CONTEXT(2) 
PARAMETRIC_REPRESENTATION_CONTEXT() REPRESENTATION_CONTEXT('2D SPACE',''
  ) );
#1787 = ADVANCED_FACE('',(#1788,#2384,#2491),#527,.F.);
#1788 = FACE_BOUND('',#1789,.F.);
#1789 = EDGE_LOOP('',(#1790,#1812,#1813,#1814,#1864,#1888,#1916,#1944,
    #1972,#1996,#2024,#2052,#2080,#2104,#2170,#2198,#2266,#2294,#2362));
#1790 = ORIENTED_EDGE('',*,*,#1791,.F.);
#1791 = EDGE_CURVE('',#489,#1792,#1794,.T.);
#1792 = VERTEX_POINT('',#1793);
#1793 = CARTESIAN_POINT('',(-1.13578166916,-5.,27.953852514628));
#1794 = SURFACE_CURVE('',#1795,(#1799,#1806),.PCURVE_S1.);
#1795 = LINE('',#1796,#1797);
#1796 = CARTESIAN_POINT('',(-1.13578166916,-5.,5.2));
#1797 = VECTOR('',#1798,1.);
#1798 = DIRECTION('',(0.,0.,1.));
#1799 = PCURVE('',#527,#1800);
#1800 = DEFINITIONAL_REPRESENTATION('',(#1801),#1805);
#1801 = LINE('',#1802,#1803);
#1802 = CARTESIAN_POINT('',(-48.8,9.76407267543));
#1803 = VECTOR('',#1804,1.);
#1804 = DIRECTION('',(1.,0.));
#1805 = ( GEOMETRIC_REPRESENTATION_CONTEXT(2) 
PARAMETRIC_REPRESENTATION_CONTEXT() REPRESENTATION_CONTEXT('2D SPACE',''
  ) );
#1806 = PCURVE('',#476,#1807);
#1807 = DEFINITIONAL_REPRESENTATION('',(#1808),#1811);
#1808 = B_SPLINE_CURVE_WITH_KNOTS('',1,(#1809,#1810),.UNSPECIFIED.,.F.,
  .F.,(2,2),(-5.999999999062E-07,35.8000006),.PIECEWISE_BEZIER_KNOTS.);
#1809 = CARTESIAN_POINT('',(2.087271467642,-5.999999999062E-07));
#1810 = CARTESIAN_POINT('',(2.087271467642,35.8000006));
#1811 = ( GEOMETRIC_REPRESENTATION_CONTEXT(2) 
PARAMETRIC_REPRESENTATION_CONTEXT() REPRESENTATION_CONTEXT('2D SPACE',''
  ) );
#1812 = ORIENTED_EDGE('',*,*,#512,.T.);
#1813 = ORIENTED_EDGE('',*,*,#1742,.T.);
#1814 = ORIENTED_EDGE('',*,*,#1815,.T.);
#1815 = EDGE_CURVE('',#1743,#1816,#1818,.T.);
#1816 = VERTEX_POINT('',#1817);
#1817 = CARTESIAN_POINT('',(-13.92014901484,-5.,17.667913485274));
#1818 = SURFACE_CURVE('',#1819,(#1832,#1848),.PCURVE_S1.);
#1819 = B_SPLINE_CURVE_WITH_KNOTS('',6,(#1820,#1821,#1822,#1823,#1824,
    #1825,#1826,#1827,#1828,#1829,#1830,#1831),.UNSPECIFIED.,.F.,.F.,(7,
    5,7),(0.,0.5,1.),.UNSPECIFIED.);
#1820 = CARTESIAN_POINT('',(-13.71129941527,-5.,16.828474561453));
#1821 = CARTESIAN_POINT('',(-13.69673189696,-5.,16.899091991754));
#1822 = CARTESIAN_POINT('',(-13.68799017677,-5.,16.972349366885));
#1823 = CARTESIAN_POINT('',(-13.68571408855,-5.,17.047401197423));
#1824 = CARTESIAN_POINT('',(-13.69034869533,-5.,17.123156101179));
#1825 = CARTESIAN_POINT('',(-13.70195932806,-5.,17.198382890355));
#1826 = CARTESIAN_POINT('',(-13.73856328084,-5.,17.345506862785));
#1827 = CARTESIAN_POINT('',(-13.7635566098,-5.,17.417404081847));
#1828 = CARTESIAN_POINT('',(-13.79496014614,-5.,17.48649896537));
#1829 = CARTESIAN_POINT('',(-13.83213925575,-5.,17.551734474511));
#1830 = CARTESIAN_POINT('',(-13.87418935402,-5.,17.612355014911));
#1831 = CARTESIAN_POINT('',(-13.92014901484,-5.,17.667913485274));
#1832 = PCURVE('',#527,#1833);
#1833 = DEFINITIONAL_REPRESENTATION('',(#1834),#1847);
#1834 = B_SPLINE_CURVE_WITH_KNOTS('',6,(#1835,#1836,#1837,#1838,#1839,
    #1840,#1841,#1842,#1843,#1844,#1845,#1846),.UNSPECIFIED.,.F.,.F.,(7,
    5,7),(0.,0.5,1.),.UNSPECIFIED.);
#1835 = CARTESIAN_POINT('',(-37.17152543854,-2.811445070681));
#1836 = CARTESIAN_POINT('',(-37.10090800824,-2.796877552378));
#1837 = CARTESIAN_POINT('',(-37.02765063311,-2.788135832187));
#1838 = CARTESIAN_POINT('',(-36.95259880257,-2.785859743967));
#1839 = CARTESIAN_POINT('',(-36.87684389882,-2.790494350748));
#1840 = CARTESIAN_POINT('',(-36.80161710964,-2.80210498347));
#1841 = CARTESIAN_POINT('',(-36.65449313721,-2.838708936251));
#1842 = CARTESIAN_POINT('',(-36.58259591815,-2.863702265219));
#1843 = CARTESIAN_POINT('',(-36.51350103463,-2.895105801552));
#1844 = CARTESIAN_POINT('',(-36.44826552548,-2.932284911167));
#1845 = CARTESIAN_POINT('',(-36.38764498508,-2.974335009439));
#1846 = CARTESIAN_POINT('',(-36.33208651472,-3.020294670258));
#1847 = ( GEOMETRIC_REPRESENTATION_CONTEXT(2) 
PARAMETRIC_REPRESENTATION_CONTEXT() REPRESENTATION_CONTEXT('2D SPACE',''
  ) );
#1848 = PCURVE('',#1451,#1849);
#1849 = DEFINITIONAL_REPRESENTATION('',(#1850),#1863);
#1850 = B_SPLINE_CURVE_WITH_KNOTS('',6,(#1851,#1852,#1853,#1854,#1855,
    #1856,#1857,#1858,#1859,#1860,#1861,#1862),.UNSPECIFIED.,.F.,.F.,(7,
    5,7),(0.,0.5,1.),.UNSPECIFIED.);
#1851 = CARTESIAN_POINT('',(0.,-2.306575069833E-14));
#1852 = CARTESIAN_POINT('',(0.833547710524,-2.290380152276E-14));
#1853 = CARTESIAN_POINT('',(1.666977616341,-1.876643927955E-14));
#1854 = CARTESIAN_POINT('',(2.500303390271,-2.997835325577E-14));
#1855 = CARTESIAN_POINT('',(3.333557169643,-1.91099767257E-14));
#1856 = CARTESIAN_POINT('',(4.166780056798,-2.210996109259E-14));
#1857 = CARTESIAN_POINT('',(5.833219943203,-2.207955752163E-14));
#1858 = CARTESIAN_POINT('',(6.666442830355,-2.20868768885E-14));
#1859 = CARTESIAN_POINT('',(7.499696609732,-2.2205793107E-14));
#1860 = CARTESIAN_POINT('',(8.333022383656,-2.21985851361E-14));
#1861 = CARTESIAN_POINT('',(9.166452289477,-2.241275231988E-14));
#1862 = CARTESIAN_POINT('',(10.,-2.25401294851E-14));
#1863 = ( GEOMETRIC_REPRESENTATION_CONTEXT(2) 
PARAMETRIC_REPRESENTATION_CONTEXT() REPRESENTATION_CONTEXT('2D SPACE',''
  ) );
#1864 = ORIENTED_EDGE('',*,*,#1865,.T.);
#1865 = EDGE_CURVE('',#1816,#1866,#1868,.T.);
#1866 = VERTEX_POINT('',#1867);
#1867 = CARTESIAN_POINT('',(-24.40588203494,-5.,37.));
#1868 = SURFACE_CURVE('',#1869,(#1874,#1881),.PCURVE_S1.);
#1869 = CIRCLE('',#1870,57.);
#1870 = AXIS2_PLACEMENT_3D('',#1871,#1872,#1873);
#1871 = CARTESIAN_POINT('',(30.,-5.,54.));
#1872 = DIRECTION('',(0.,1.,0.));
#1873 = DIRECTION('',(-0.6,0.,-0.8));
#1874 = PCURVE('',#527,#1875);
#1875 = DEFINITIONAL_REPRESENTATION('',(#1876),#1880);
#1876 = CIRCLE('',#1877,57.);
#1877 = AXIS2_PLACEMENT_2D('',#1878,#1879);
#1878 = CARTESIAN_POINT('',(-1.42108547152E-14,40.89985434459));
#1879 = DIRECTION('',(-0.8,-0.6));
#1880 = ( GEOMETRIC_REPRESENTATION_CONTEXT(2) 
PARAMETRIC_REPRESENTATION_CONTEXT() REPRESENTATION_CONTEXT('2D SPACE',''
  ) );
#1881 = PCURVE('',#1500,#1882);
#1882 = DEFINITIONAL_REPRESENTATION('',(#1883),#1887);
#1883 = LINE('',#1884,#1885);
#1884 = CARTESIAN_POINT('',(0.,-5.));
#1885 = VECTOR('',#1886,1.);
#1886 = DIRECTION('',(1.,0.));
#1887 = ( GEOMETRIC_REPRESENTATION_CONTEXT(2) 
PARAMETRIC_REPRESENTATION_CONTEXT() REPRESENTATION_CONTEXT('2D SPACE',''
  ) );
#1888 = ORIENTED_EDGE('',*,*,#1889,.F.);
#1889 = EDGE_CURVE('',#1890,#1866,#1892,.T.);
#1890 = VERTEX_POINT('',#1891);
#1891 = CARTESIAN_POINT('',(-30.,-5.,37.));
#1892 = SURFACE_CURVE('',#1893,(#1897,#1904),.PCURVE_S1.);
#1893 = LINE('',#1894,#1895);
#1894 = CARTESIAN_POINT('',(-30.,-5.,37.));
#1895 = VECTOR('',#1896,1.);
#1896 = DIRECTION('',(1.,0.,0.));
#1897 = PCURVE('',#527,#1898);
#1898 = DEFINITIONAL_REPRESENTATION('',(#1899),#1903);
#1899 = LINE('',#1900,#1901);
#1900 = CARTESIAN_POINT('',(-17.,-19.10014565541));
#1901 = VECTOR('',#1902,1.);
#1902 = DIRECTION('',(0.,1.));
#1903 = ( GEOMETRIC_REPRESENTATION_CONTEXT(2) 
PARAMETRIC_REPRESENTATION_CONTEXT() REPRESENTATION_CONTEXT('2D SPACE',''
  ) );
#1904 = PCURVE('',#1905,#1910);
#1905 = PLANE('',#1906);
#1906 = AXIS2_PLACEMENT_3D('',#1907,#1908,#1909);
#1907 = CARTESIAN_POINT('',(-30.,-5.,37.));
#1908 = DIRECTION('',(0.,0.,1.));
#1909 = DIRECTION('',(1.,0.,0.));
#1910 = DEFINITIONAL_REPRESENTATION('',(#1911),#1915);
#1911 = LINE('',#1912,#1913);
#1912 = CARTESIAN_POINT('',(0.,0.));
#1913 = VECTOR('',#1914,1.);
#1914 = DIRECTION('',(1.,0.));
#1915 = ( GEOMETRIC_REPRESENTATION_CONTEXT(2) 
PARAMETRIC_REPRESENTATION_CONTEXT() REPRESENTATION_CONTEXT('2D SPACE',''
  ) );
#1916 = ORIENTED_EDGE('',*,*,#1917,.T.);
#1917 = EDGE_CURVE('',#1890,#1918,#1920,.T.);
#1918 = VERTEX_POINT('',#1919);
#1919 = CARTESIAN_POINT('',(-30.,-5.,43.));
#1920 = SURFACE_CURVE('',#1921,(#1925,#1932),.PCURVE_S1.);
#1921 = LINE('',#1922,#1923);
#1922 = CARTESIAN_POINT('',(-30.,-5.,37.));
#1923 = VECTOR('',#1924,1.);
#1924 = DIRECTION('',(0.,0.,1.));
#1925 = PCURVE('',#527,#1926);
#1926 = DEFINITIONAL_REPRESENTATION('',(#1927),#1931);
#1927 = LINE('',#1928,#1929);
#1928 = CARTESIAN_POINT('',(-17.,-19.10014565541));
#1929 = VECTOR('',#1930,1.);
#1930 = DIRECTION('',(1.,0.));
#1931 = ( GEOMETRIC_REPRESENTATION_CONTEXT(2) 
PARAMETRIC_REPRESENTATION_CONTEXT() REPRESENTATION_CONTEXT('2D SPACE',''
  ) );
#1932 = PCURVE('',#1933,#1938);
#1933 = PLANE('',#1934);
#1934 = AXIS2_PLACEMENT_3D('',#1935,#1936,#1937);
#1935 = CARTESIAN_POINT('',(-30.,-5.,37.));
#1936 = DIRECTION('',(1.,0.,0.));
#1937 = DIRECTION('',(0.,0.,1.));
#1938 = DEFINITIONAL_REPRESENTATION('',(#1939),#1943);
#1939 = LINE('',#1940,#1941);
#1940 = CARTESIAN_POINT('',(0.,0.));
#1941 = VECTOR('',#1942,1.);
#1942 = DIRECTION('',(1.,0.));
#1943 = ( GEOMETRIC_REPRESENTATION_CONTEXT(2) 
PARAMETRIC_REPRESENTATION_CONTEXT() REPRESENTATION_CONTEXT('2D SPACE',''
  ) );
#1944 = ORIENTED_EDGE('',*,*,#1945,.T.);
#1945 = EDGE_CURVE('',#1918,#1946,#1948,.T.);
#1946 = VERTEX_POINT('',#1947);
#1947 = CARTESIAN_POINT('',(-25.92852581643,-5.,43.));
#1948 = SURFACE_CURVE('',#1949,(#1953,#1960),.PCURVE_S1.);
#1949 = LINE('',#1950,#1951);
#1950 = CARTESIAN_POINT('',(-30.,-5.,43.));
#1951 = VECTOR('',#1952,1.);
#1952 = DIRECTION('',(1.,0.,0.));
#1953 = PCURVE('',#527,#1954);
#1954 = DEFINITIONAL_REPRESENTATION('',(#1955),#1959);
#1955 = LINE('',#1956,#1957);
#1956 = CARTESIAN_POINT('',(-11.,-19.10014565541));
#1957 = VECTOR('',#1958,1.);
#1958 = DIRECTION('',(0.,1.));
#1959 = ( GEOMETRIC_REPRESENTATION_CONTEXT(2) 
PARAMETRIC_REPRESENTATION_CONTEXT() REPRESENTATION_CONTEXT('2D SPACE',''
  ) );
#1960 = PCURVE('',#1961,#1966);
#1961 = PLANE('',#1962);
#1962 = AXIS2_PLACEMENT_3D('',#1963,#1964,#1965);
#1963 = CARTESIAN_POINT('',(-30.,-5.,43.));
#1964 = DIRECTION('',(0.,0.,1.));
#1965 = DIRECTION('',(1.,0.,0.));
#1966 = DEFINITIONAL_REPRESENTATION('',(#1967),#1971);
#1967 = LINE('',#1968,#1969);
#1968 = CARTESIAN_POINT('',(0.,0.));
#1969 = VECTOR('',#1970,1.);
#1970 = DIRECTION('',(1.,0.));
#1971 = ( GEOMETRIC_REPRESENTATION_CONTEXT(2) 
PARAMETRIC_REPRESENTATION_CONTEXT() REPRESENTATION_CONTEXT('2D SPACE',''
  ) );
#1972 = ORIENTED_EDGE('',*,*,#1973,.T.);
#1973 = EDGE_CURVE('',#1946,#1974,#1976,.T.);
#1974 = VERTEX_POINT('',#1975);
#1975 = CARTESIAN_POINT('',(-26.43580423809,-5.,62.));
#1976 = SURFACE_CURVE('',#1977,(#1982,#1989),.PCURVE_S1.);
#1977 = CIRCLE('',#1978,57.);
#1978 = AXIS2_PLACEMENT_3D('',#1979,#1980,#1981);
#1979 = CARTESIAN_POINT('',(30.,-5.,54.));
#1980 = DIRECTION('',(0.,1.,0.));
#1981 = DIRECTION('',(-0.6,0.,-0.8));
#1982 = PCURVE('',#527,#1983);
#1983 = DEFINITIONAL_REPRESENTATION('',(#1984),#1988);
#1984 = CIRCLE('',#1985,57.);
#1985 = AXIS2_PLACEMENT_2D('',#1986,#1987);
#1986 = CARTESIAN_POINT('',(-1.42108547152E-14,40.89985434459));
#1987 = DIRECTION('',(-0.8,-0.6));
#1988 = ( GEOMETRIC_REPRESENTATION_CONTEXT(2) 
PARAMETRIC_REPRESENTATION_CONTEXT() REPRESENTATION_CONTEXT('2D SPACE',''
  ) );
#1989 = PCURVE('',#1500,#1990);
#1990 = DEFINITIONAL_REPRESENTATION('',(#1991),#1995);
#1991 = LINE('',#1992,#1993);
#1992 = CARTESIAN_POINT('',(0.,-5.));
#1993 = VECTOR('',#1994,1.);
#1994 = DIRECTION('',(1.,0.));
#1995 = ( GEOMETRIC_REPRESENTATION_CONTEXT(2) 
PARAMETRIC_REPRESENTATION_CONTEXT() REPRESENTATION_CONTEXT('2D SPACE',''
  ) );
#1996 = ORIENTED_EDGE('',*,*,#1997,.F.);
#1997 = EDGE_CURVE('',#1998,#1974,#2000,.T.);
#1998 = VERTEX_POINT('',#1999);
#1999 = CARTESIAN_POINT('',(-30.,-5.,62.));
#2000 = SURFACE_CURVE('',#2001,(#2005,#2012),.PCURVE_S1.);
#2001 = LINE('',#2002,#2003);
#2002 = CARTESIAN_POINT('',(-30.,-5.,62.));
#2003 = VECTOR('',#2004,1.);
#2004 = DIRECTION('',(1.,0.,0.));
#2005 = PCURVE('',#527,#2006);
#2006 = DEFINITIONAL_REPRESENTATION('',(#2007),#2011);
#2007 = LINE('',#2008,#2009);
#2008 = CARTESIAN_POINT('',(8.,-19.10014565541));
#2009 = VECTOR('',#2010,1.);
#2010 = DIRECTION('',(0.,1.));
#2011 = ( GEOMETRIC_REPRESENTATION_CONTEXT(2) 
PARAMETRIC_REPRESENTATION_CONTEXT() REPRESENTATION_CONTEXT('2D SPACE',''
  ) );
#2012 = PCURVE('',#2013,#2018);
#2013 = PLANE('',#2014);
#2014 = AXIS2_PLACEMENT_3D('',#2015,#2016,#2017);
#2015 = CARTESIAN_POINT('',(-30.,-5.,62.));
#2016 = DIRECTION('',(0.,0.,1.));
#2017 = DIRECTION('',(1.,0.,0.));
#2018 = DEFINITIONAL_REPRESENTATION('',(#2019),#2023);
#2019 = LINE('',#2020,#2021);
#2020 = CARTESIAN_POINT('',(0.,0.));
#2021 = VECTOR('',#2022,1.);
#2022 = DIRECTION('',(1.,0.));
#2023 = ( GEOMETRIC_REPRESENTATION_CONTEXT(2) 
PARAMETRIC_REPRESENTATION_CONTEXT() REPRESENTATION_CONTEXT('2D SPACE',''
  ) );
#2024 = ORIENTED_EDGE('',*,*,#2025,.T.);
#2025 = EDGE_CURVE('',#1998,#2026,#2028,.T.);
#2026 = VERTEX_POINT('',#2027);
#2027 = CARTESIAN_POINT('',(-30.,-5.,68.));
#2028 = SURFACE_CURVE('',#2029,(#2033,#2040),.PCURVE_S1.);
#2029 = LINE('',#2030,#2031);
#2030 = CARTESIAN_POINT('',(-30.,-5.,62.));
#2031 = VECTOR('',#2032,1.);
#2032 = DIRECTION('',(0.,0.,1.));
#2033 = PCURVE('',#527,#2034);
#2034 = DEFINITIONAL_REPRESENTATION('',(#2035),#2039);
#2035 = LINE('',#2036,#2037);
#2036 = CARTESIAN_POINT('',(8.,-19.10014565541));
#2037 = VECTOR('',#2038,1.);
#2038 = DIRECTION('',(1.,0.));
#2039 = ( GEOMETRIC_REPRESENTATION_CONTEXT(2) 
PARAMETRIC_REPRESENTATION_CONTEXT() REPRESENTATION_CONTEXT('2D SPACE',''
  ) );
#2040 = PCURVE('',#2041,#2046);
#2041 = PLANE('',#2042);
#2042 = AXIS2_PLACEMENT_3D('',#2043,#2044,#2045);
#2043 = CARTESIAN_POINT('',(-30.,-5.,62.));
#2044 = DIRECTION('',(1.,0.,0.));
#2045 = DIRECTION('',(0.,0.,1.));
#2046 = DEFINITIONAL_REPRESENTATION('',(#2047),#2051);
#2047 = LINE('',#2048,#2049);
#2048 = CARTESIAN_POINT('',(0.,0.));
#2049 = VECTOR('',#2050,1.);
#2050 = DIRECTION('',(1.,0.));
#2051 = ( GEOMETRIC_REPRESENTATION_CONTEXT(2) 
PARAMETRIC_REPRESENTATION_CONTEXT() REPRESENTATION_CONTEXT('2D SPACE',''
  ) );
#2052 = ORIENTED_EDGE('',*,*,#2053,.T.);
#2053 = EDGE_CURVE('',#2026,#2054,#2056,.T.);
#2054 = VERTEX_POINT('',#2055);
#2055 = CARTESIAN_POINT('',(-25.25395913416,-5.,67.999999999998));
#2056 = SURFACE_CURVE('',#2057,(#2061,#2068),.PCURVE_S1.);
#2057 = LINE('',#2058,#2059);
#2058 = CARTESIAN_POINT('',(-30.,-5.,68.));
#2059 = VECTOR('',#2060,1.);
#2060 = DIRECTION('',(1.,0.,0.));
#2061 = PCURVE('',#527,#2062);
#2062 = DEFINITIONAL_REPRESENTATION('',(#2063),#2067);
#2063 = LINE('',#2064,#2065);
#2064 = CARTESIAN_POINT('',(14.,-19.10014565541));
#2065 = VECTOR('',#2066,1.);
#2066 = DIRECTION('',(0.,1.));
#2067 = ( GEOMETRIC_REPRESENTATION_CONTEXT(2) 
PARAMETRIC_REPRESENTATION_CONTEXT() REPRESENTATION_CONTEXT('2D SPACE',''
  ) );
#2068 = PCURVE('',#2069,#2074);
#2069 = PLANE('',#2070);
#2070 = AXIS2_PLACEMENT_3D('',#2071,#2072,#2073);
#2071 = CARTESIAN_POINT('',(-30.,-5.,68.));
#2072 = DIRECTION('',(0.,0.,1.));
#2073 = DIRECTION('',(1.,0.,0.));
#2074 = DEFINITIONAL_REPRESENTATION('',(#2075),#2079);
#2075 = LINE('',#2076,#2077);
#2076 = CARTESIAN_POINT('',(0.,0.));
#2077 = VECTOR('',#2078,1.);
#2078 = DIRECTION('',(1.,0.));
#2079 = ( GEOMETRIC_REPRESENTATION_CONTEXT(2) 
PARAMETRIC_REPRESENTATION_CONTEXT() REPRESENTATION_CONTEXT('2D SPACE',''
  ) );
#2080 = ORIENTED_EDGE('',*,*,#2081,.T.);
#2081 = EDGE_CURVE('',#2054,#2082,#2084,.T.);
#2082 = VERTEX_POINT('',#2083);
#2083 = CARTESIAN_POINT('',(-13.92014901484,-5.,90.332086514726));
#2084 = SURFACE_CURVE('',#2085,(#2090,#2097),.PCURVE_S1.);
#2085 = CIRCLE('',#2086,57.);
#2086 = AXIS2_PLACEMENT_3D('',#2087,#2088,#2089);
#2087 = CARTESIAN_POINT('',(30.,-5.,54.));
#2088 = DIRECTION('',(0.,1.,0.));
#2089 = DIRECTION('',(-0.6,0.,-0.8));
#2090 = PCURVE('',#527,#2091);
#2091 = DEFINITIONAL_REPRESENTATION('',(#2092),#2096);
#2092 = CIRCLE('',#2093,57.);
#2093 = AXIS2_PLACEMENT_2D('',#2094,#2095);
#2094 = CARTESIAN_POINT('',(-1.42108547152E-14,40.89985434459));
#2095 = DIRECTION('',(-0.8,-0.6));
#2096 = ( GEOMETRIC_REPRESENTATION_CONTEXT(2) 
PARAMETRIC_REPRESENTATION_CONTEXT() REPRESENTATION_CONTEXT('2D SPACE',''
  ) );
#2097 = PCURVE('',#1500,#2098);
#2098 = DEFINITIONAL_REPRESENTATION('',(#2099),#2103);
#2099 = LINE('',#2100,#2101);
#2100 = CARTESIAN_POINT('',(0.,-5.));
#2101 = VECTOR('',#2102,1.);
#2102 = DIRECTION('',(1.,0.));
#2103 = ( GEOMETRIC_REPRESENTATION_CONTEXT(2) 
PARAMETRIC_REPRESENTATION_CONTEXT() REPRESENTATION_CONTEXT('2D SPACE',''
  ) );
#2104 = ORIENTED_EDGE('',*,*,#2105,.T.);
#2105 = EDGE_CURVE('',#2082,#2106,#2108,.T.);
#2106 = VERTEX_POINT('',#2107);
#2107 = CARTESIAN_POINT('',(-13.71129941527,-5.,91.171525438547));
#2108 = SURFACE_CURVE('',#2109,(#2122,#2138),.PCURVE_S1.);
#2109 = B_SPLINE_CURVE_WITH_KNOTS('',6,(#2110,#2111,#2112,#2113,#2114,
    #2115,#2116,#2117,#2118,#2119,#2120,#2121),.UNSPECIFIED.,.F.,.F.,(7,
    5,7),(0.,0.5,1.),.UNSPECIFIED.);
#2110 = CARTESIAN_POINT('',(-13.92014901484,-5.,90.332086514726));
#2111 = CARTESIAN_POINT('',(-13.87418935402,-5.,90.387644985089));
#2112 = CARTESIAN_POINT('',(-13.83213925575,-5.,90.448265525489));
#2113 = CARTESIAN_POINT('',(-13.79496014614,-5.,90.51350103463));
#2114 = CARTESIAN_POINT('',(-13.7635566098,-5.,90.582595918152));
#2115 = CARTESIAN_POINT('',(-13.73856328084,-5.,90.654493137215));
#2116 = CARTESIAN_POINT('',(-13.70195932806,-5.,90.801617109645));
#2117 = CARTESIAN_POINT('',(-13.69034869533,-5.,90.876843898821));
#2118 = CARTESIAN_POINT('',(-13.68571408855,-5.,90.952598802577));
#2119 = CARTESIAN_POINT('',(-13.68799017677,-5.,91.027650633115));
#2120 = CARTESIAN_POINT('',(-13.69673189696,-5.,91.100908008246));
#2121 = CARTESIAN_POINT('',(-13.71129941527,-5.,91.171525438547));
#2122 = PCURVE('',#527,#2123);
#2123 = DEFINITIONAL_REPRESENTATION('',(#2124),#2137);
#2124 = B_SPLINE_CURVE_WITH_KNOTS('',6,(#2125,#2126,#2127,#2128,#2129,
    #2130,#2131,#2132,#2133,#2134,#2135,#2136),.UNSPECIFIED.,.F.,.F.,(7,
    5,7),(0.,0.5,1.),.UNSPECIFIED.);
#2125 = CARTESIAN_POINT('',(36.332086514726,-3.020294670258));
#2126 = CARTESIAN_POINT('',(36.387644985089,-2.974335009439));
#2127 = CARTESIAN_POINT('',(36.448265525489,-2.932284911167));
#2128 = CARTESIAN_POINT('',(36.51350103463,-2.895105801552));
#2129 = CARTESIAN_POINT('',(36.582595918152,-2.863702265219));
#2130 = CARTESIAN_POINT('',(36.654493137215,-2.838708936251));
#2131 = CARTESIAN_POINT('',(36.801617109645,-2.80210498347));
#2132 = CARTESIAN_POINT('',(36.876843898821,-2.790494350748));
#2133 = CARTESIAN_POINT('',(36.952598802577,-2.785859743967));
#2134 = CARTESIAN_POINT('',(37.027650633115,-2.788135832187));
#2135 = CARTESIAN_POINT('',(37.100908008246,-2.796877552378));
#2136 = CARTESIAN_POINT('',(37.171525438547,-2.811445070681));
#2137 = ( GEOMETRIC_REPRESENTATION_CONTEXT(2) 
PARAMETRIC_REPRESENTATION_CONTEXT() REPRESENTATION_CONTEXT('2D SPACE',''
  ) );
#2138 = PCURVE('',#2139,#2155);
#2139 = ( BOUNDED_SURFACE() B_SPLINE_SURFACE(2,2,(
    (#2140,#2141,#2142,#2143,#2144)
    ,(#2145,#2146,#2147,#2148,#2149)
    ,(#2150,#2151,#2152,#2153,#2154
)),.UNSPECIFIED.,.F.,.F.,.F.) B_SPLINE_SURFACE_WITH_KNOTS((3,3),(3,1,1,3
    ),(0.,10.),(-0.612,-2.321926835247E-14,10.,10.612),.UNSPECIFIED.) 
GEOMETRIC_REPRESENTATION_ITEM() RATIONAL_B_SPLINE_SURFACE((
    (1.,1.,1.,1.,1.)
    ,(0.901626882076,0.901626882076,0.901626882076,0.901626882076
      ,0.901626882076)
,(1.,1.,1.,1.,1.))) REPRESENTATION_ITEM('') SURFACE() );
#2140 = CARTESIAN_POINT('',(-13.92014901484,-5.612,90.332086514726));
#2141 = CARTESIAN_POINT('',(-13.92014901484,-5.306,90.332086514726));
#2142 = CARTESIAN_POINT('',(-13.92014901484,0.,90.332086514726));
#2143 = CARTESIAN_POINT('',(-13.92014901484,5.306,90.332086514726));
#2144 = CARTESIAN_POINT('',(-13.92014901484,5.612,90.332086514726));
#2145 = CARTESIAN_POINT('',(-13.61438279471,-5.612,90.701712903962));
#2146 = CARTESIAN_POINT('',(-13.61438279471,-5.306,90.701712903962));
#2147 = CARTESIAN_POINT('',(-13.61438279471,0.,90.701712903962));
#2148 = CARTESIAN_POINT('',(-13.61438279471,5.306,90.701712903962));
#2149 = CARTESIAN_POINT('',(-13.61438279471,5.612,90.701712903962));
#2150 = CARTESIAN_POINT('',(-13.71129941527,-5.612,91.171525438547));
#2151 = CARTESIAN_POINT('',(-13.71129941527,-5.306,91.171525438547));
#2152 = CARTESIAN_POINT('',(-13.71129941527,0.,91.171525438547));
#2153 = CARTESIAN_POINT('',(-13.71129941527,5.306,91.171525438547));
#2154 = CARTESIAN_POINT('',(-13.71129941527,5.612,91.171525438547));
#2155 = DEFINITIONAL_REPRESENTATION('',(#2156),#2169);
#2156 = B_SPLINE_CURVE_WITH_KNOTS('',6,(#2157,#2158,#2159,#2160,#2161,
    #2162,#2163,#2164,#2165,#2166,#2167,#2168),.UNSPECIFIED.,.F.,.F.,(7,
    5,7),(0.,0.5,1.),.UNSPECIFIED.);
#2157 = CARTESIAN_POINT('',(0.,-2.314988478691E-14));
#2158 = CARTESIAN_POINT('',(0.833547710523,-2.323085937469E-14));
#2159 = CARTESIAN_POINT('',(1.666977616342,-2.758368545716E-14));
#2160 = CARTESIAN_POINT('',(2.50030339027,-1.97158136427E-14));
#2161 = CARTESIAN_POINT('',(3.333557169644,-2.738324027131E-14));
#2162 = CARTESIAN_POINT('',(4.166780056798,-2.394379997378E-14));
#2163 = CARTESIAN_POINT('',(5.833219943202,-2.396672011773E-14));
#2164 = CARTESIAN_POINT('',(6.666442830358,-2.702325359646E-14));
#2165 = CARTESIAN_POINT('',(7.499696609728,-1.940179606515E-14));
#2166 = CARTESIAN_POINT('',(8.333022383659,-2.916553612436E-14));
#2167 = CARTESIAN_POINT('',(9.166452289476,-2.287646384788E-14));
#2168 = CARTESIAN_POINT('',(10.,-2.2818552603E-14));
#2169 = ( GEOMETRIC_REPRESENTATION_CONTEXT(2) 
PARAMETRIC_REPRESENTATION_CONTEXT() REPRESENTATION_CONTEXT('2D SPACE',''
  ) );
#2170 = ORIENTED_EDGE('',*,*,#2171,.F.);
#2171 = EDGE_CURVE('',#2172,#2106,#2174,.T.);
#2172 = VERTEX_POINT('',#2173);
#2173 = CARTESIAN_POINT('',(-3.217974298508,-5.,80.374852609452));
#2174 = SURFACE_CURVE('',#2175,(#2180,#2191),.PCURVE_S1.);
#2175 = CIRCLE('',#2176,14.);
#2176 = AXIS2_PLACEMENT_3D('',#2177,#2178,#2179);
#2177 = CARTESIAN_POINT('',(0.,-5.,94.));
#2178 = DIRECTION('',(0.,-1.,-0.));
#2179 = DIRECTION('',(-0.273980376464,0.,-0.961735282348));
#2180 = PCURVE('',#527,#2181);
#2181 = DEFINITIONAL_REPRESENTATION('',(#2182),#2190);
#2182 = ( BOUNDED_CURVE() B_SPLINE_CURVE(2,(#2183,#2184,#2185,#2186,
#2187,#2188,#2189),.UNSPECIFIED.,.T.,.F.) B_SPLINE_CURVE_WITH_KNOTS((1,2
    ,2,2,2,1),(-2.094395102393,0.,2.094395102393,4.188790204786,
6.28318530718,8.377580409573),.UNSPECIFIED.) CURVE() 
GEOMETRIC_REPRESENTATION_ITEM() RATIONAL_B_SPLINE_CURVE((1.,0.5,1.,0.5,
1.,0.5,1.)) REPRESENTATION_ITEM('') );
#2183 = CARTESIAN_POINT('',(26.53570604713,7.064129074096));
#2184 = CARTESIAN_POINT('',(19.892034994759,30.38497028851));
#2185 = CARTESIAN_POINT('',(43.41031145025,24.478137587043));
#2186 = CARTESIAN_POINT('',(66.92858790574,18.571304885577));
#2187 = CARTESIAN_POINT('',(50.05398250262,1.15729637263));
#2188 = CARTESIAN_POINT('',(33.1793770995,-16.25671214031));
#2189 = CARTESIAN_POINT('',(26.53570604713,7.064129074096));
#2190 = ( GEOMETRIC_REPRESENTATION_CONTEXT(2) 
PARAMETRIC_REPRESENTATION_CONTEXT() REPRESENTATION_CONTEXT('2D SPACE',''
  ) );
#2191 = PCURVE('',#1610,#2192);
#2192 = DEFINITIONAL_REPRESENTATION('',(#2193),#2197);
#2193 = LINE('',#2194,#2195);
#2194 = CARTESIAN_POINT('',(-4.434859629807,-5.));
#2195 = VECTOR('',#2196,1.);
#2196 = DIRECTION('',(-1.,0.));
#2197 = ( GEOMETRIC_REPRESENTATION_CONTEXT(2) 
PARAMETRIC_REPRESENTATION_CONTEXT() REPRESENTATION_CONTEXT('2D SPACE',''
  ) );
#2198 = ORIENTED_EDGE('',*,*,#2199,.F.);
#2199 = EDGE_CURVE('',#2200,#2172,#2202,.T.);
#2200 = VERTEX_POINT('',#2201);
#2201 = CARTESIAN_POINT('',(-4.244206500914,-5.,80.006428457648));
#2202 = SURFACE_CURVE('',#2203,(#2222,#2244),.PCURVE_S1.);
#2203 = B_SPLINE_CURVE_WITH_KNOTS('',5,(#2204,#2205,#2206,#2207,#2208,
    #2209,#2210,#2211,#2212,#2213,#2214,#2215,#2216,#2217,#2218,#2219,
    #2220,#2221),.UNSPECIFIED.,.F.,.F.,(6,4,4,4,6),(0.,0.249930637,
    0.499999999832,0.749069280989,1.),.UNSPECIFIED.);
#2204 = CARTESIAN_POINT('',(-4.244206500914,-5.,80.006428457648));
#2205 = CARTESIAN_POINT('',(-4.211219995518,-5.,80.049863745364));
#2206 = CARTESIAN_POINT('',(-4.174613430092,-5.,80.091917952472));
#2207 = CARTESIAN_POINT('',(-4.134427592629,-5.,80.132043858475));
#2208 = CARTESIAN_POINT('',(-4.090865065396,-5.,80.169658561821));
#2209 = CARTESIAN_POINT('',(-3.997707754462,-5.,80.238887384612));
#2210 = CARTESIAN_POINT('',(-3.948109479344,-5.,80.270498616402));
#2211 = CARTESIAN_POINT('',(-3.89587391083,-5.,80.29859629809));
#2212 = CARTESIAN_POINT('',(-3.841540175179,-5.,80.322773449521));
#2213 = CARTESIAN_POINT('',(-3.730125565763,-5.,80.362772031593));
#2214 = CARTESIAN_POINT('',(-3.673056007256,-5.,80.378626679513));
#2215 = CARTESIAN_POINT('',(-3.615116463734,-5.,80.390157215167));
#2216 = CARTESIAN_POINT('',(-3.556973509596,-5.,80.39733429961));
#2217 = CARTESIAN_POINT('',(-3.441042978253,-5.,80.403300368429));
#2218 = CARTESIAN_POINT('',(-3.383260884368,-5.,80.402026020301));
#2219 = CARTESIAN_POINT('',(-3.326491022818,-5.,80.3966308483));
#2220 = CARTESIAN_POINT('',(-3.271267469047,-5.,80.387439339575));
#2221 = CARTESIAN_POINT('',(-3.217974298508,-5.,80.374852609452));
#2222 = PCURVE('',#527,#2223);
#2223 = DEFINITIONAL_REPRESENTATION('',(#2224),#2243);
#2224 = B_SPLINE_CURVE_WITH_KNOTS('',5,(#2225,#2226,#2227,#2228,#2229,
    #2230,#2231,#2232,#2233,#2234,#2235,#2236,#2237,#2238,#2239,#2240,
    #2241,#2242),.UNSPECIFIED.,.F.,.F.,(6,4,4,4,6),(0.,0.249930637,
    0.499999999832,0.749069280989,1.),.UNSPECIFIED.);
#2225 = CARTESIAN_POINT('',(26.006428457648,6.655647843676));
#2226 = CARTESIAN_POINT('',(26.049863745364,6.688634349072));
#2227 = CARTESIAN_POINT('',(26.091917952472,6.725240914497));
#2228 = CARTESIAN_POINT('',(26.132043858475,6.76542675196));
#2229 = CARTESIAN_POINT('',(26.169658561821,6.808989279194));
#2230 = CARTESIAN_POINT('',(26.238887384612,6.902146590128));
#2231 = CARTESIAN_POINT('',(26.270498616402,6.951744865246));
#2232 = CARTESIAN_POINT('',(26.29859629809,7.00398043376));
#2233 = CARTESIAN_POINT('',(26.322773449521,7.058314169411));
#2234 = CARTESIAN_POINT('',(26.362772031593,7.169728778827));
#2235 = CARTESIAN_POINT('',(26.378626679513,7.226798337334));
#2236 = CARTESIAN_POINT('',(26.390157215167,7.284737880856));
#2237 = CARTESIAN_POINT('',(26.39733429961,7.342880834994));
#2238 = CARTESIAN_POINT('',(26.403300368429,7.458811366337));
#2239 = CARTESIAN_POINT('',(26.402026020301,7.516593460222));
#2240 = CARTESIAN_POINT('',(26.3966308483,7.573363321772));
#2241 = CARTESIAN_POINT('',(26.387439339575,7.628586875542));
#2242 = CARTESIAN_POINT('',(26.374852609452,7.681880046082));
#2243 = ( GEOMETRIC_REPRESENTATION_CONTEXT(2) 
PARAMETRIC_REPRESENTATION_CONTEXT() REPRESENTATION_CONTEXT('2D SPACE',''
  ) );
#2244 = PCURVE('',#1668,#2245);
#2245 = DEFINITIONAL_REPRESENTATION('',(#2246),#2265);
#2246 = B_SPLINE_CURVE_WITH_KNOTS('',5,(#2247,#2248,#2249,#2250,#2251,
    #2252,#2253,#2254,#2255,#2256,#2257,#2258,#2259,#2260,#2261,#2262,
    #2263,#2264),.UNSPECIFIED.,.F.,.F.,(6,4,4,4,6),(0.,0.249930637,
    0.499999999832,0.749069280989,1.),.UNSPECIFIED.);
#2247 = CARTESIAN_POINT('',(0.,10.));
#2248 = CARTESIAN_POINT('',(0.500211206001,10.));
#2249 = CARTESIAN_POINT('',(1.000304345704,10.));
#2250 = CARTESIAN_POINT('',(1.500287722349,10.));
#2251 = CARTESIAN_POINT('',(2.000179792793,10.));
#2252 = CARTESIAN_POINT('',(3.000097636074,10.));
#2253 = CARTESIAN_POINT('',(3.500124680525,10.));
#2254 = CARTESIAN_POINT('',(4.000099288922,10.));
#2255 = CARTESIAN_POINT('',(4.500050037338,10.));
#2256 = CARTESIAN_POINT('',(5.497950554217,10.));
#2257 = CARTESIAN_POINT('',(5.995901879247,10.));
#2258 = CARTESIAN_POINT('',(6.493876790772,10.));
#2259 = CARTESIAN_POINT('',(6.991903499527,10.));
#2260 = CARTESIAN_POINT('',(7.991819061829,10.));
#2261 = CARTESIAN_POINT('',(8.493710316636,10.));
#2262 = CARTESIAN_POINT('',(8.995693463986,10.));
#2263 = CARTESIAN_POINT('',(9.497787230814,10.));
#2264 = CARTESIAN_POINT('',(10.,10.));
#2265 = ( GEOMETRIC_REPRESENTATION_CONTEXT(2) 
PARAMETRIC_REPRESENTATION_CONTEXT() REPRESENTATION_CONTEXT('2D SPACE',''
  ) );
#2266 = ORIENTED_EDGE('',*,*,#2267,.T.);
#2267 = EDGE_CURVE('',#2200,#2268,#2270,.T.);
#2268 = VERTEX_POINT('',#2269);
#2269 = CARTESIAN_POINT('',(-4.244206500914,-5.,27.993571542352));
#2270 = SURFACE_CURVE('',#2271,(#2276,#2287),.PCURVE_S1.);
#2271 = CIRCLE('',#2272,43.);
#2272 = AXIS2_PLACEMENT_3D('',#2273,#2274,#2275);
#2273 = CARTESIAN_POINT('',(30.,-5.,54.));
#2274 = DIRECTION('',(0.,-1.,-0.));
#2275 = DIRECTION('',(-0.6,-0.,0.8));
#2276 = PCURVE('',#527,#2277);
#2277 = DEFINITIONAL_REPRESENTATION('',(#2278),#2286);
#2278 = ( BOUNDED_CURVE() B_SPLINE_CURVE(2,(#2279,#2280,#2281,#2282,
#2283,#2284,#2285),.UNSPECIFIED.,.T.,.F.) B_SPLINE_CURVE_WITH_KNOTS((1,2
    ,2,2,2,1),(-2.094395102393,0.,2.094395102393,4.188790204786,
6.28318530718,8.377580409573),.UNSPECIFIED.) CURVE() 
GEOMETRIC_REPRESENTATION_ITEM() RATIONAL_B_SPLINE_CURVE((1.,0.5,1.,0.5,
1.,0.5,1.)) REPRESENTATION_ITEM('') );
#2279 = CARTESIAN_POINT('',(34.4,15.09985434459));
#2280 = CARTESIAN_POINT('',(-10.28691083527,-44.48269343578));
#2281 = CARTESIAN_POINT('',(-39.54345541763,24.008580454405));
#2282 = CARTESIAN_POINT('',(-68.8,92.49985434459));
#2283 = CARTESIAN_POINT('',(5.143455417638,83.591128234774));
#2284 = CARTESIAN_POINT('',(79.086910835277,74.682402124959));
#2285 = CARTESIAN_POINT('',(34.4,15.09985434459));
#2286 = ( GEOMETRIC_REPRESENTATION_CONTEXT(2) 
PARAMETRIC_REPRESENTATION_CONTEXT() REPRESENTATION_CONTEXT('2D SPACE',''
  ) );
#2287 = PCURVE('',#1725,#2288);
#2288 = DEFINITIONAL_REPRESENTATION('',(#2289),#2293);
#2289 = LINE('',#2290,#2291);
#2290 = CARTESIAN_POINT('',(-0.,-5.));
#2291 = VECTOR('',#2292,1.);
#2292 = DIRECTION('',(-1.,0.));
#2293 = ( GEOMETRIC_REPRESENTATION_CONTEXT(2) 
PARAMETRIC_REPRESENTATION_CONTEXT() REPRESENTATION_CONTEXT('2D SPACE',''
  ) );
#2294 = ORIENTED_EDGE('',*,*,#2295,.F.);
#2295 = EDGE_CURVE('',#2296,#2268,#2298,.T.);
#2296 = VERTEX_POINT('',#2297);
#2297 = CARTESIAN_POINT('',(-3.217974298508,-5.,27.625147390547));
#2298 = SURFACE_CURVE('',#2299,(#2318,#2340),.PCURVE_S1.);
#2299 = B_SPLINE_CURVE_WITH_KNOTS('',5,(#2300,#2301,#2302,#2303,#2304,
    #2305,#2306,#2307,#2308,#2309,#2310,#2311,#2312,#2313,#2314,#2315,
    #2316,#2317),.UNSPECIFIED.,.F.,.F.,(6,4,4,4,6),(0.,0.249930637,
    0.499999999832,0.749069280989,1.),.UNSPECIFIED.);
#2300 = CARTESIAN_POINT('',(-3.217974298508,-5.,27.625147390547));
#2301 = CARTESIAN_POINT('',(-3.271055069732,-5.,27.612610824692));
#2302 = CARTESIAN_POINT('',(-3.326050872407,-5.,27.603442473915));
#2303 = CARTESIAN_POINT('',(-3.382582179585,-5.,27.598038662869));
#2304 = CARTESIAN_POINT('',(-3.440121919926,-5.,27.596720342632));
#2305 = CARTESIAN_POINT('',(-3.556039648322,-5.,27.602550842524));
#2306 = CARTESIAN_POINT('',(-3.614418493904,-5.,27.609704111609));
#2307 = CARTESIAN_POINT('',(-3.672597680998,-5.,27.621246057859));
#2308 = CARTESIAN_POINT('',(-3.72990233378,-5.,27.637147826648));
#2309 = CARTESIAN_POINT('',(-3.841316943196,-5.,27.67714640872));
#2310 = CARTESIAN_POINT('',(-3.895439295738,-5.,27.701210392684));
#2311 = CARTESIAN_POINT('',(-3.947482683697,-5.,27.729164457249));
#2312 = CARTESIAN_POINT('',(-3.996914078638,-5.,27.760607276004));
#2313 = CARTESIAN_POINT('',(-4.090167495943,-5.,27.829739629035));
#2314 = CARTESIAN_POINT('',(-4.133945005234,-5.,27.867474546778));
#2315 = CARTESIAN_POINT('',(-4.174320419951,-5.,27.907745515823));
#2316 = CARTESIAN_POINT('',(-4.211088002124,-5.,27.949962451107));
#2317 = CARTESIAN_POINT('',(-4.244206500914,-5.,27.993571542352));
#2318 = PCURVE('',#527,#2319);
#2319 = DEFINITIONAL_REPRESENTATION('',(#2320),#2339);
#2320 = B_SPLINE_CURVE_WITH_KNOTS('',5,(#2321,#2322,#2323,#2324,#2325,
    #2326,#2327,#2328,#2329,#2330,#2331,#2332,#2333,#2334,#2335,#2336,
    #2337,#2338),.UNSPECIFIED.,.F.,.F.,(6,4,4,4,6),(0.,0.249930637,
    0.499999999832,0.749069280989,1.),.UNSPECIFIED.);
#2321 = CARTESIAN_POINT('',(-26.37485260945,7.681880046082));
#2322 = CARTESIAN_POINT('',(-26.3873891753,7.628799274857));
#2323 = CARTESIAN_POINT('',(-26.39655752608,7.573803472183));
#2324 = CARTESIAN_POINT('',(-26.40196133713,7.517272165004));
#2325 = CARTESIAN_POINT('',(-26.40327965736,7.459732424663));
#2326 = CARTESIAN_POINT('',(-26.39744915747,7.343814696267));
#2327 = CARTESIAN_POINT('',(-26.39029588839,7.285435850686));
#2328 = CARTESIAN_POINT('',(-26.37875394214,7.227256663591));
#2329 = CARTESIAN_POINT('',(-26.36285217335,7.16995201081));
#2330 = CARTESIAN_POINT('',(-26.32285359128,7.058537401393));
#2331 = CARTESIAN_POINT('',(-26.29878960731,7.004415048852));
#2332 = CARTESIAN_POINT('',(-26.27083554275,6.952371660892));
#2333 = CARTESIAN_POINT('',(-26.23939272399,6.902940265952));
#2334 = CARTESIAN_POINT('',(-26.17026037096,6.809686848647));
#2335 = CARTESIAN_POINT('',(-26.13252545322,6.765909339355));
#2336 = CARTESIAN_POINT('',(-26.09225448417,6.725533924639));
#2337 = CARTESIAN_POINT('',(-26.05003754889,6.688766342466));
#2338 = CARTESIAN_POINT('',(-26.00642845764,6.655647843676));
#2339 = ( GEOMETRIC_REPRESENTATION_CONTEXT(2) 
PARAMETRIC_REPRESENTATION_CONTEXT() REPRESENTATION_CONTEXT('2D SPACE',''
  ) );
#2340 = PCURVE('',#1331,#2341);
#2341 = DEFINITIONAL_REPRESENTATION('',(#2342),#2361);
#2342 = B_SPLINE_CURVE_WITH_KNOTS('',5,(#2343,#2344,#2345,#2346,#2347,
    #2348,#2349,#2350,#2351,#2352,#2353,#2354,#2355,#2356,#2357,#2358,
    #2359,#2360),.UNSPECIFIED.,.F.,.F.,(6,4,4,4,6),(0.,0.249930637,
    0.499999999832,0.749069280989,1.),.UNSPECIFIED.);
#2343 = CARTESIAN_POINT('',(0.,10.));
#2344 = CARTESIAN_POINT('',(0.500211206001,10.));
#2345 = CARTESIAN_POINT('',(1.000304345704,10.));
#2346 = CARTESIAN_POINT('',(1.500287722349,10.));
#2347 = CARTESIAN_POINT('',(2.000179792793,10.));
#2348 = CARTESIAN_POINT('',(3.000097636074,10.));
#2349 = CARTESIAN_POINT('',(3.500124680525,10.));
#2350 = CARTESIAN_POINT('',(4.000099288921,10.));
#2351 = CARTESIAN_POINT('',(4.500050037339,10.));
#2352 = CARTESIAN_POINT('',(5.497950554217,10.));
#2353 = CARTESIAN_POINT('',(5.995901879248,10.));
#2354 = CARTESIAN_POINT('',(6.493876790771,10.));
#2355 = CARTESIAN_POINT('',(6.991903499527,10.));
#2356 = CARTESIAN_POINT('',(7.991819061829,10.));
#2357 = CARTESIAN_POINT('',(8.493710316636,10.));
#2358 = CARTESIAN_POINT('',(8.995693463987,10.));
#2359 = CARTESIAN_POINT('',(9.497787230814,10.));
#2360 = CARTESIAN_POINT('',(10.,10.));
#2361 = ( GEOMETRIC_REPRESENTATION_CONTEXT(2) 
PARAMETRIC_REPRESENTATION_CONTEXT() REPRESENTATION_CONTEXT('2D SPACE',''
  ) );
#2362 = ORIENTED_EDGE('',*,*,#2363,.T.);
#2363 = EDGE_CURVE('',#2296,#1792,#2364,.T.);
#2364 = SURFACE_CURVE('',#2365,(#2370,#2377),.PCURVE_S1.);
#2365 = CIRCLE('',#2366,14.);
#2366 = AXIS2_PLACEMENT_3D('',#2367,#2368,#2369);
#2367 = CARTESIAN_POINT('',(0.,-5.,14.));
#2368 = DIRECTION('',(0.,1.,-0.));
#2369 = DIRECTION('',(-0.273980376464,0.,0.961735282348));
#2370 = PCURVE('',#527,#2371);
#2371 = DEFINITIONAL_REPRESENTATION('',(#2372),#2376);
#2372 = CIRCLE('',#2373,14.);
#2373 = AXIS2_PLACEMENT_2D('',#2374,#2375);
#2374 = CARTESIAN_POINT('',(-40.,10.89985434459));
#2375 = DIRECTION('',(0.961735282348,-0.273980376464));
#2376 = ( GEOMETRIC_REPRESENTATION_CONTEXT(2) 
PARAMETRIC_REPRESENTATION_CONTEXT() REPRESENTATION_CONTEXT('2D SPACE',''
  ) );
#2377 = PCURVE('',#422,#2378);
#2378 = DEFINITIONAL_REPRESENTATION('',(#2379),#2383);
#2379 = LINE('',#2380,#2381);
#2380 = CARTESIAN_POINT('',(8.131510984552,5.));
#2381 = VECTOR('',#2382,1.);
#2382 = DIRECTION('',(-1.,0.));
#2383 = ( GEOMETRIC_REPRESENTATION_CONTEXT(2) 
PARAMETRIC_REPRESENTATION_CONTEXT() REPRESENTATION_CONTEXT('2D SPACE',''
  ) );
#2384 = FACE_BOUND('',#2385,.F.);
#2385 = EDGE_LOOP('',(#2386,#2412,#2439,#2466));
#2386 = ORIENTED_EDGE('',*,*,#2387,.T.);
#2387 = EDGE_CURVE('',#2388,#2390,#2392,.T.);
#2388 = VERTEX_POINT('',#2389);
#2389 = CARTESIAN_POINT('',(-24.99090833947,-5.,39.));
#2390 = VERTEX_POINT('',#2391);
#2391 = CARTESIAN_POINT('',(-25.49774770204,-5.,41.));
#2392 = SURFACE_CURVE('',#2393,(#2398,#2405),.PCURVE_S1.);
#2393 = CIRCLE('',#2394,57.);
#2394 = AXIS2_PLACEMENT_3D('',#2395,#2396,#2397);
#2395 = CARTESIAN_POINT('',(30.,-5.,54.));
#2396 = DIRECTION('',(0.,1.,0.));
#2397 = DIRECTION('',(-0.6,0.,-0.8));
#2398 = PCURVE('',#527,#2399);
#2399 = DEFINITIONAL_REPRESENTATION('',(#2400),#2404);
#2400 = CIRCLE('',#2401,57.);
#2401 = AXIS2_PLACEMENT_2D('',#2402,#2403);
#2402 = CARTESIAN_POINT('',(-1.42108547152E-14,40.89985434459));
#2403 = DIRECTION('',(-0.8,-0.6));
#2404 = ( GEOMETRIC_REPRESENTATION_CONTEXT(2) 
PARAMETRIC_REPRESENTATION_CONTEXT() REPRESENTATION_CONTEXT('2D SPACE',''
  ) );
#2405 = PCURVE('',#1500,#2406);
#2406 = DEFINITIONAL_REPRESENTATION('',(#2407),#2411);
#2407 = LINE('',#2408,#2409);
#2408 = CARTESIAN_POINT('',(0.,-5.));
#2409 = VECTOR('',#2410,1.);
#2410 = DIRECTION('',(1.,0.));
#2411 = ( GEOMETRIC_REPRESENTATION_CONTEXT(2) 
PARAMETRIC_REPRESENTATION_CONTEXT() REPRESENTATION_CONTEXT('2D SPACE',''
  ) );
#2412 = ORIENTED_EDGE('',*,*,#2413,.F.);
#2413 = EDGE_CURVE('',#2414,#2390,#2416,.T.);
#2414 = VERTEX_POINT('',#2415);
#2415 = CARTESIAN_POINT('',(-28.,-5.,41.));
#2416 = SURFACE_CURVE('',#2417,(#2421,#2428),.PCURVE_S1.);
#2417 = LINE('',#2418,#2419);
#2418 = CARTESIAN_POINT('',(-29.,-5.,41.));
#2419 = VECTOR('',#2420,1.);
#2420 = DIRECTION('',(1.,0.,0.));
#2421 = PCURVE('',#527,#2422);
#2422 = DEFINITIONAL_REPRESENTATION('',(#2423),#2427);
#2423 = LINE('',#2424,#2425);
#2424 = CARTESIAN_POINT('',(-13.,-18.10014565541));
#2425 = VECTOR('',#2426,1.);
#2426 = DIRECTION('',(0.,1.));
#2427 = ( GEOMETRIC_REPRESENTATION_CONTEXT(2) 
PARAMETRIC_REPRESENTATION_CONTEXT() REPRESENTATION_CONTEXT('2D SPACE',''
  ) );
#2428 = PCURVE('',#2429,#2434);
#2429 = PLANE('',#2430);
#2430 = AXIS2_PLACEMENT_3D('',#2431,#2432,#2433);
#2431 = CARTESIAN_POINT('',(-28.,-5.5,41.));
#2432 = DIRECTION('',(0.,0.,1.));
#2433 = DIRECTION('',(1.,0.,0.));
#2434 = DEFINITIONAL_REPRESENTATION('',(#2435),#2438);
#2435 = B_SPLINE_CURVE_WITH_KNOTS('',1,(#2436,#2437),.UNSPECIFIED.,.F.,
  .F.,(2,2),(1.,5.),.PIECEWISE_BEZIER_KNOTS.);
#2436 = CARTESIAN_POINT('',(0.,0.5));
#2437 = CARTESIAN_POINT('',(4.,0.5));
#2438 = ( GEOMETRIC_REPRESENTATION_CONTEXT(2) 
PARAMETRIC_REPRESENTATION_CONTEXT() REPRESENTATION_CONTEXT('2D SPACE',''
  ) );
#2439 = ORIENTED_EDGE('',*,*,#2440,.T.);
#2440 = EDGE_CURVE('',#2414,#2441,#2443,.T.);
#2441 = VERTEX_POINT('',#2442);
#2442 = CARTESIAN_POINT('',(-28.,-5.,39.));
#2443 = SURFACE_CURVE('',#2444,(#2448,#2455),.PCURVE_S1.);
#2444 = LINE('',#2445,#2446);
#2445 = CARTESIAN_POINT('',(-28.,-5.,38.));
#2446 = VECTOR('',#2447,1.);
#2447 = DIRECTION('',(0.,0.,-1.));
#2448 = PCURVE('',#527,#2449);
#2449 = DEFINITIONAL_REPRESENTATION('',(#2450),#2454);
#2450 = LINE('',#2451,#2452);
#2451 = CARTESIAN_POINT('',(-16.,-17.10014565541));
#2452 = VECTOR('',#2453,1.);
#2453 = DIRECTION('',(-1.,0.));
#2454 = ( GEOMETRIC_REPRESENTATION_CONTEXT(2) 
PARAMETRIC_REPRESENTATION_CONTEXT() REPRESENTATION_CONTEXT('2D SPACE',''
  ) );
#2455 = PCURVE('',#2456,#2461);
#2456 = PLANE('',#2457);
#2457 = AXIS2_PLACEMENT_3D('',#2458,#2459,#2460);
#2458 = CARTESIAN_POINT('',(-28.,-5.5,39.));
#2459 = DIRECTION('',(1.,0.,0.));
#2460 = DIRECTION('',(0.,0.,1.));
#2461 = DEFINITIONAL_REPRESENTATION('',(#2462),#2465);
#2462 = B_SPLINE_CURVE_WITH_KNOTS('',1,(#2463,#2464),.UNSPECIFIED.,.F.,
  .F.,(2,2),(-3.,-1.),.PIECEWISE_BEZIER_KNOTS.);
#2463 = CARTESIAN_POINT('',(2.,-0.5));
#2464 = CARTESIAN_POINT('',(0.,-0.5));
#2465 = ( GEOMETRIC_REPRESENTATION_CONTEXT(2) 
PARAMETRIC_REPRESENTATION_CONTEXT() REPRESENTATION_CONTEXT('2D SPACE',''
  ) );
#2466 = ORIENTED_EDGE('',*,*,#2467,.T.);
#2467 = EDGE_CURVE('',#2441,#2388,#2468,.T.);
#2468 = SURFACE_CURVE('',#2469,(#2473,#2480),.PCURVE_S1.);
#2469 = LINE('',#2470,#2471);
#2470 = CARTESIAN_POINT('',(-29.,-5.,39.));
#2471 = VECTOR('',#2472,1.);
#2472 = DIRECTION('',(1.,0.,0.));
#2473 = PCURVE('',#527,#2474);
#2474 = DEFINITIONAL_REPRESENTATION('',(#2475),#2479);
#2475 = LINE('',#2476,#2477);
#2476 = CARTESIAN_POINT('',(-15.,-18.10014565541));
#2477 = VECTOR('',#2478,1.);
#2478 = DIRECTION('',(0.,1.));
#2479 = ( GEOMETRIC_REPRESENTATION_CONTEXT(2) 
PARAMETRIC_REPRESENTATION_CONTEXT() REPRESENTATION_CONTEXT('2D SPACE',''
  ) );
#2480 = PCURVE('',#2481,#2486);
#2481 = PLANE('',#2482);
#2482 = AXIS2_PLACEMENT_3D('',#2483,#2484,#2485);
#2483 = CARTESIAN_POINT('',(-28.,-5.5,39.));
#2484 = DIRECTION('',(0.,0.,1.));
#2485 = DIRECTION('',(1.,0.,0.));
#2486 = DEFINITIONAL_REPRESENTATION('',(#2487),#2490);
#2487 = B_SPLINE_CURVE_WITH_KNOTS('',1,(#2488,#2489),.UNSPECIFIED.,.F.,
  .F.,(2,2),(1.,5.),.PIECEWISE_BEZIER_KNOTS.);
#2488 = CARTESIAN_POINT('',(0.,0.5));
#2489 = CARTESIAN_POINT('',(4.,0.5));
#2490 = ( GEOMETRIC_REPRESENTATION_CONTEXT(2) 
PARAMETRIC_REPRESENTATION_CONTEXT() REPRESENTATION_CONTEXT('2D SPACE',''
  ) );
#2491 = FACE_BOUND('',#2492,.F.);
#2492 = EDGE_LOOP('',(#2493,#2522,#2546,#2573));
#2493 = ORIENTED_EDGE('',*,*,#2494,.T.);
#2494 = EDGE_CURVE('',#2495,#2497,#2499,.T.);
#2495 = VERTEX_POINT('',#2496);
#2496 = CARTESIAN_POINT('',(-28.,-5.,64.));
#2497 = VERTEX_POINT('',#2498);
#2498 = CARTESIAN_POINT('',(-26.11595138639,-5.,64.));
#2499 = SURFACE_CURVE('',#2500,(#2504,#2511),.PCURVE_S1.);
#2500 = LINE('',#2501,#2502);
#2501 = CARTESIAN_POINT('',(-29.,-5.,64.));
#2502 = VECTOR('',#2503,1.);
#2503 = DIRECTION('',(1.,0.,0.));
#2504 = PCURVE('',#527,#2505);
#2505 = DEFINITIONAL_REPRESENTATION('',(#2506),#2510);
#2506 = LINE('',#2507,#2508);
#2507 = CARTESIAN_POINT('',(10.,-18.10014565541));
#2508 = VECTOR('',#2509,1.);
#2509 = DIRECTION('',(0.,1.));
#2510 = ( GEOMETRIC_REPRESENTATION_CONTEXT(2) 
PARAMETRIC_REPRESENTATION_CONTEXT() REPRESENTATION_CONTEXT('2D SPACE',''
  ) );
#2511 = PCURVE('',#2512,#2517);
#2512 = PLANE('',#2513);
#2513 = AXIS2_PLACEMENT_3D('',#2514,#2515,#2516);
#2514 = CARTESIAN_POINT('',(-28.,-5.5,64.));
#2515 = DIRECTION('',(0.,0.,1.));
#2516 = DIRECTION('',(1.,0.,0.));
#2517 = DEFINITIONAL_REPRESENTATION('',(#2518),#2521);
#2518 = B_SPLINE_CURVE_WITH_KNOTS('',1,(#2519,#2520),.UNSPECIFIED.,.F.,
  .F.,(2,2),(1.,5.),.PIECEWISE_BEZIER_KNOTS.);
#2519 = CARTESIAN_POINT('',(0.,0.5));
#2520 = CARTESIAN_POINT('',(4.,0.5));
#2521 = ( GEOMETRIC_REPRESENTATION_CONTEXT(2) 
PARAMETRIC_REPRESENTATION_CONTEXT() REPRESENTATION_CONTEXT('2D SPACE',''
  ) );
#2522 = ORIENTED_EDGE('',*,*,#2523,.T.);
#2523 = EDGE_CURVE('',#2497,#2524,#2526,.T.);
#2524 = VERTEX_POINT('',#2525);
#2525 = CARTESIAN_POINT('',(-25.72252686302,-5.,66.000000000001));
#2526 = SURFACE_CURVE('',#2527,(#2532,#2539),.PCURVE_S1.);
#2527 = CIRCLE('',#2528,57.);
#2528 = AXIS2_PLACEMENT_3D('',#2529,#2530,#2531);
#2529 = CARTESIAN_POINT('',(30.,-5.,54.));
#2530 = DIRECTION('',(0.,1.,0.));
#2531 = DIRECTION('',(-0.6,0.,-0.8));
#2532 = PCURVE('',#527,#2533);
#2533 = DEFINITIONAL_REPRESENTATION('',(#2534),#2538);
#2534 = CIRCLE('',#2535,57.);
#2535 = AXIS2_PLACEMENT_2D('',#2536,#2537);
#2536 = CARTESIAN_POINT('',(-1.42108547152E-14,40.89985434459));
#2537 = DIRECTION('',(-0.8,-0.6));
#2538 = ( GEOMETRIC_REPRESENTATION_CONTEXT(2) 
PARAMETRIC_REPRESENTATION_CONTEXT() REPRESENTATION_CONTEXT('2D SPACE',''
  ) );
#2539 = PCURVE('',#1500,#2540);
#2540 = DEFINITIONAL_REPRESENTATION('',(#2541),#2545);
#2541 = LINE('',#2542,#2543);
#2542 = CARTESIAN_POINT('',(0.,-5.));
#2543 = VECTOR('',#2544,1.);
#2544 = DIRECTION('',(1.,0.));
#2545 = ( GEOMETRIC_REPRESENTATION_CONTEXT(2) 
PARAMETRIC_REPRESENTATION_CONTEXT() REPRESENTATION_CONTEXT('2D SPACE',''
  ) );
#2546 = ORIENTED_EDGE('',*,*,#2547,.F.);
#2547 = EDGE_CURVE('',#2548,#2524,#2550,.T.);
#2548 = VERTEX_POINT('',#2549);
#2549 = CARTESIAN_POINT('',(-28.,-5.,66.));
#2550 = SURFACE_CURVE('',#2551,(#2555,#2562),.PCURVE_S1.);
#2551 = LINE('',#2552,#2553);
#2552 = CARTESIAN_POINT('',(-29.,-5.,66.));
#2553 = VECTOR('',#2554,1.);
#2554 = DIRECTION('',(1.,0.,0.));
#2555 = PCURVE('',#527,#2556);
#2556 = DEFINITIONAL_REPRESENTATION('',(#2557),#2561);
#2557 = LINE('',#2558,#2559);
#2558 = CARTESIAN_POINT('',(12.,-18.10014565541));
#2559 = VECTOR('',#2560,1.);
#2560 = DIRECTION('',(0.,1.));
#2561 = ( GEOMETRIC_REPRESENTATION_CONTEXT(2) 
PARAMETRIC_REPRESENTATION_CONTEXT() REPRESENTATION_CONTEXT('2D SPACE',''
  ) );
#2562 = PCURVE('',#2563,#2568);
#2563 = PLANE('',#2564);
#2564 = AXIS2_PLACEMENT_3D('',#2565,#2566,#2567);
#2565 = CARTESIAN_POINT('',(-28.,-5.5,66.));
#2566 = DIRECTION('',(0.,0.,1.));
#2567 = DIRECTION('',(1.,0.,0.));
#2568 = DEFINITIONAL_REPRESENTATION('',(#2569),#2572);
#2569 = B_SPLINE_CURVE_WITH_KNOTS('',1,(#2570,#2571),.UNSPECIFIED.,.F.,
  .F.,(2,2),(1.,5.),.PIECEWISE_BEZIER_KNOTS.);
#2570 = CARTESIAN_POINT('',(0.,0.5));
#2571 = CARTESIAN_POINT('',(4.,0.5));
#2572 = ( GEOMETRIC_REPRESENTATION_CONTEXT(2) 
PARAMETRIC_REPRESENTATION_CONTEXT() REPRESENTATION_CONTEXT('2D SPACE',''
  ) );
#2573 = ORIENTED_EDGE('',*,*,#2574,.T.);
#2574 = EDGE_CURVE('',#2548,#2495,#2575,.T.);
#2575 = SURFACE_CURVE('',#2576,(#2580,#2587),.PCURVE_S1.);
#2576 = LINE('',#2577,#2578);
#2577 = CARTESIAN_POINT('',(-28.,-5.,63.));
#2578 = VECTOR('',#2579,1.);
#2579 = DIRECTION('',(0.,0.,-1.));
#2580 = PCURVE('',#527,#2581);
#2581 = DEFINITIONAL_REPRESENTATION('',(#2582),#2586);
#2582 = LINE('',#2583,#2584);
#2583 = CARTESIAN_POINT('',(9.,-17.10014565541));
#2584 = VECTOR('',#2585,1.);
#2585 = DIRECTION('',(-1.,0.));
#2586 = ( GEOMETRIC_REPRESENTATION_CONTEXT(2) 
PARAMETRIC_REPRESENTATION_CONTEXT() REPRESENTATION_CONTEXT('2D SPACE',''
  ) );
#2587 = PCURVE('',#2588,#2593);
#2588 = PLANE('',#2589);
#2589 = AXIS2_PLACEMENT_3D('',#2590,#2591,#2592);
#2590 = CARTESIAN_POINT('',(-28.,-5.5,64.));
#2591 = DIRECTION('',(1.,0.,0.));
#2592 = DIRECTION('',(0.,0.,1.));
#2593 = DEFINITIONAL_REPRESENTATION('',(#2594),#2597);
#2594 = B_SPLINE_CURVE_WITH_KNOTS('',1,(#2595,#2596),.UNSPECIFIED.,.F.,
  .F.,(2,2),(-3.,-1.),.PIECEWISE_BEZIER_KNOTS.);
#2595 = CARTESIAN_POINT('',(2.,-0.5));
#2596 = CARTESIAN_POINT('',(0.,-0.5));
#2597 = ( GEOMETRIC_REPRESENTATION_CONTEXT(2) 
PARAMETRIC_REPRESENTATION_CONTEXT() REPRESENTATION_CONTEXT('2D SPACE',''
  ) );
#2598 = ADVANCED_FACE('',(#2599),#476,.F.);
#2599 = FACE_BOUND('',#2600,.F.);
#2600 = EDGE_LOOP('',(#2601,#2602,#2625,#2647,#2648,#2649,#2650,#2715));
#2601 = ORIENTED_EDGE('',*,*,#459,.F.);
#2602 = ORIENTED_EDGE('',*,*,#2603,.F.);
#2603 = EDGE_CURVE('',#2604,#460,#2606,.T.);
#2604 = VERTEX_POINT('',#2605);
#2605 = CARTESIAN_POINT('',(2.3,-7.,5.2));
#2606 = SEAM_CURVE('',#2607,(#2611,#2618),.PCURVE_S1.);
#2607 = LINE('',#2608,#2609);
#2608 = CARTESIAN_POINT('',(2.3,-7.,5.2));
#2609 = VECTOR('',#2610,1.);
#2610 = DIRECTION('',(0.,0.,1.));
#2611 = PCURVE('',#476,#2612);
#2612 = DEFINITIONAL_REPRESENTATION('',(#2613),#2617);
#2613 = LINE('',#2614,#2615);
#2614 = CARTESIAN_POINT('',(6.28318530718,-0.));
#2615 = VECTOR('',#2616,1.);
#2616 = DIRECTION('',(0.,1.));
#2617 = ( GEOMETRIC_REPRESENTATION_CONTEXT(2) 
PARAMETRIC_REPRESENTATION_CONTEXT() REPRESENTATION_CONTEXT('2D SPACE',''
  ) );
#2618 = PCURVE('',#476,#2619);
#2619 = DEFINITIONAL_REPRESENTATION('',(#2620),#2624);
#2620 = LINE('',#2621,#2622);
#2621 = CARTESIAN_POINT('',(0.,-0.));
#2622 = VECTOR('',#2623,1.);
#2623 = DIRECTION('',(0.,1.));
#2624 = ( GEOMETRIC_REPRESENTATION_CONTEXT(2) 
PARAMETRIC_REPRESENTATION_CONTEXT() REPRESENTATION_CONTEXT('2D SPACE',''
  ) );
#2625 = ORIENTED_EDGE('',*,*,#2626,.T.);
#2626 = EDGE_CURVE('',#2604,#2604,#2627,.T.);
#2627 = SURFACE_CURVE('',#2628,(#2633,#2640),.PCURVE_S1.);
#2628 = CIRCLE('',#2629,2.3);
#2629 = AXIS2_PLACEMENT_3D('',#2630,#2631,#2632);
#2630 = CARTESIAN_POINT('',(0.,-7.,5.2));
#2631 = DIRECTION('',(0.,0.,1.));
#2632 = DIRECTION('',(1.,0.,-0.));
#2633 = PCURVE('',#476,#2634);
#2634 = DEFINITIONAL_REPRESENTATION('',(#2635),#2639);
#2635 = LINE('',#2636,#2637);
#2636 = CARTESIAN_POINT('',(0.,0.));
#2637 = VECTOR('',#2638,1.);
#2638 = DIRECTION('',(1.,0.));
#2639 = ( GEOMETRIC_REPRESENTATION_CONTEXT(2) 
PARAMETRIC_REPRESENTATION_CONTEXT() REPRESENTATION_CONTEXT('2D SPACE',''
  ) );
#2640 = PCURVE('',#662,#2641);
#2641 = DEFINITIONAL_REPRESENTATION('',(#2642),#2646);
#2642 = CIRCLE('',#2643,2.3);
#2643 = AXIS2_PLACEMENT_2D('',#2644,#2645);
#2644 = CARTESIAN_POINT('',(0.,0.));
#2645 = DIRECTION('',(1.,0.));
#2646 = ( GEOMETRIC_REPRESENTATION_CONTEXT(2) 
PARAMETRIC_REPRESENTATION_CONTEXT() REPRESENTATION_CONTEXT('2D SPACE',''
  ) );
#2647 = ORIENTED_EDGE('',*,*,#2603,.T.);
#2648 = ORIENTED_EDGE('',*,*,#488,.F.);
#2649 = ORIENTED_EDGE('',*,*,#1791,.T.);
#2650 = ORIENTED_EDGE('',*,*,#2651,.F.);
#2651 = EDGE_CURVE('',#2652,#1792,#2654,.T.);
#2652 = VERTEX_POINT('',#2653);
#2653 = CARTESIAN_POINT('',(1.13578166916,-5.,27.953852514628));
#2654 = SURFACE_CURVE('',#2655,(#2673,#2694),.PCURVE_S1.);
#2655 = B_SPLINE_CURVE_WITH_KNOTS('',6,(#2656,#2657,#2658,#2659,#2660,
    #2661,#2662,#2663,#2664,#2665,#2666,#2667,#2668,#2669,#2670,#2671,
    #2672),.UNSPECIFIED.,.F.,.F.,(7,5,5,7),(0.,0.293143008097,
    0.706856991737,1.),.UNSPECIFIED.);
#2656 = CARTESIAN_POINT('',(1.1357827257,-5.0000006,27.953852428631));
#2657 = CARTESIAN_POINT('',(1.040937411128,-4.946138748889,
    27.961572423554));
#2658 = CARTESIAN_POINT('',(0.941220052959,-4.896648425453,
    27.968910243931));
#2659 = CARTESIAN_POINT('',(0.836979358157,-4.852236279926,
    27.975689484288));
#2660 = CARTESIAN_POINT('',(0.72864060771,-4.813532297012,
    27.981734229802));
#2661 = CARTESIAN_POINT('',(0.616701743507,-4.781090798774,
    27.98688366241));
#2662 = CARTESIAN_POINT('',(0.33946857201,-4.719121843007,
    27.996825480852));
#2663 = CARTESIAN_POINT('',(0.17128212565,-4.696306616701,
    28.000595684771));
#2664 = CARTESIAN_POINT('',(-5.284661597216E-14,-4.68852782245,
    28.001910516604));
#2665 = CARTESIAN_POINT('',(-0.17128212565,-4.696306616701,
    28.000595684771));
#2666 = CARTESIAN_POINT('',(-0.33946857201,-4.719121843007,
    27.996825480852));
#2667 = CARTESIAN_POINT('',(-0.616701743572,-4.781090798789,
    27.986883662408));
#2668 = CARTESIAN_POINT('',(-0.728640607687,-4.813532297014,
    27.981734229802));
#2669 = CARTESIAN_POINT('',(-0.836979358097,-4.852236279903,
    27.975689484292));
#2670 = CARTESIAN_POINT('',(-0.94122005295,-4.896648425438,
    27.968910243933));
#2671 = CARTESIAN_POINT('',(-1.040937411185,-4.946138748921,
    27.961572423549));
#2672 = CARTESIAN_POINT('',(-1.1357827257,-5.0000006,27.953852428631));
#2673 = PCURVE('',#476,#2674);
#2674 = DEFINITIONAL_REPRESENTATION('',(#2675),#2693);
#2675 = B_SPLINE_CURVE_WITH_KNOTS('',6,(#2676,#2677,#2678,#2679,#2680,
    #2681,#2682,#2683,#2684,#2685,#2686,#2687,#2688,#2689,#2690,#2691,
    #2692),.UNSPECIFIED.,.F.,.F.,(7,5,5,7),(0.,0.293143008097,
    0.706856991737,1.),.UNSPECIFIED.);
#2676 = CARTESIAN_POINT('',(1.054320657678,22.753852428631));
#2677 = CARTESIAN_POINT('',(1.101743329191,22.761572423554));
#2678 = CARTESIAN_POINT('',(1.150069366751,22.768910243931));
#2679 = CARTESIAN_POINT('',(1.199207349155,22.775689484288));
#2680 = CARTESIAN_POINT('',(1.249089387591,22.781734229802));
#2681 = CARTESIAN_POINT('',(1.299663309268,22.78688366241));
#2682 = CARTESIAN_POINT('',(1.423174008357,22.796825480852));
#2683 = CARTESIAN_POINT('',(1.496701331328,22.800595684771));
#2684 = CARTESIAN_POINT('',(1.570796326795,22.801910516604));
#2685 = CARTESIAN_POINT('',(1.644891322262,22.800595684771));
#2686 = CARTESIAN_POINT('',(1.718418645233,22.796825480852));
#2687 = CARTESIAN_POINT('',(1.841929344351,22.786883662408));
#2688 = CARTESIAN_POINT('',(1.89250326599,22.781734229802));
#2689 = CARTESIAN_POINT('',(1.942385304407,22.775689484292));
#2690 = CARTESIAN_POINT('',(1.991523286833,22.768910243933));
#2691 = CARTESIAN_POINT('',(2.039849324427,22.761572423549));
#2692 = CARTESIAN_POINT('',(2.087271995912,22.753852428631));
#2693 = ( GEOMETRIC_REPRESENTATION_CONTEXT(2) 
PARAMETRIC_REPRESENTATION_CONTEXT() REPRESENTATION_CONTEXT('2D SPACE',''
  ) );
#2694 = PCURVE('',#422,#2695);
#2695 = DEFINITIONAL_REPRESENTATION('',(#2696),#2714);
#2696 = B_SPLINE_CURVE_WITH_KNOTS('',6,(#2697,#2698,#2699,#2700,#2701,
    #2702,#2703,#2704,#2705,#2706,#2707,#2708,#2709,#2710,#2711,#2712,
    #2713),.UNSPECIFIED.,.F.,.F.,(7,5,5,7),(0.,0.293143008097,
    0.706856991737,1.),.UNSPECIFIED.);
#2697 = CARTESIAN_POINT('',(7.772765039928,5.0000006));
#2698 = CARTESIAN_POINT('',(7.779562110132,4.946138748889));
#2699 = CARTESIAN_POINT('',(7.786703824619,4.896648425453));
#2700 = CARTESIAN_POINT('',(7.79416488722,4.852236279926));
#2701 = CARTESIAN_POINT('',(7.801914878991,4.813532297012));
#2702 = CARTESIAN_POINT('',(7.809918554802,4.781090798774));
#2703 = CARTESIAN_POINT('',(7.829733653036,4.719121843007));
#2704 = CARTESIAN_POINT('',(7.841748910475,4.696306616701));
#2705 = CARTESIAN_POINT('',(7.853981633974,4.68852782245));
#2706 = CARTESIAN_POINT('',(7.866214357474,4.696306616701));
#2707 = CARTESIAN_POINT('',(7.878229614913,4.719121843007));
#2708 = CARTESIAN_POINT('',(7.898044713151,4.781090798789));
#2709 = CARTESIAN_POINT('',(7.906048388957,4.813532297014));
#2710 = CARTESIAN_POINT('',(7.913798380725,4.852236279903));
#2711 = CARTESIAN_POINT('',(7.921259443329,4.896648425438));
#2712 = CARTESIAN_POINT('',(7.928401157821,4.946138748921));
#2713 = CARTESIAN_POINT('',(7.93519822802,5.0000006));
#2714 = ( GEOMETRIC_REPRESENTATION_CONTEXT(2) 
PARAMETRIC_REPRESENTATION_CONTEXT() REPRESENTATION_CONTEXT('2D SPACE',''
  ) );
#2715 = ORIENTED_EDGE('',*,*,#2716,.F.);
#2716 = EDGE_CURVE('',#434,#2652,#2717,.T.);
#2717 = SURFACE_CURVE('',#2718,(#2722,#2728),.PCURVE_S1.);
#2718 = LINE('',#2719,#2720);
#2719 = CARTESIAN_POINT('',(1.13578166916,-5.,5.2));
#2720 = VECTOR('',#2721,1.);
#2721 = DIRECTION('',(0.,0.,1.));
#2722 = PCURVE('',#476,#2723);
#2723 = DEFINITIONAL_REPRESENTATION('',(#2724),#2727);
#2724 = B_SPLINE_CURVE_WITH_KNOTS('',1,(#2725,#2726),.UNSPECIFIED.,.F.,
  .F.,(2,2),(-5.999999999062E-07,35.8000006),.PIECEWISE_BEZIER_KNOTS.);
#2725 = CARTESIAN_POINT('',(1.054321185948,-5.999999999062E-07));
#2726 = CARTESIAN_POINT('',(1.054321185948,35.8000006));
#2727 = ( GEOMETRIC_REPRESENTATION_CONTEXT(2) 
PARAMETRIC_REPRESENTATION_CONTEXT() REPRESENTATION_CONTEXT('2D SPACE',''
  ) );
#2728 = PCURVE('',#448,#2729);
#2729 = DEFINITIONAL_REPRESENTATION('',(#2730),#2733);
#2730 = B_SPLINE_CURVE_WITH_KNOTS('',1,(#2731,#2732),.UNSPECIFIED.,.F.,
  .F.,(2,2),(-5.999999999062E-07,35.8000006),.PIECEWISE_BEZIER_KNOTS.);
#2731 = CARTESIAN_POINT('',(-48.8000006,12.03563601375));
#2732 = CARTESIAN_POINT('',(-12.9999994,12.03563601375));
#2733 = ( GEOMETRIC_REPRESENTATION_CONTEXT(2) 
PARAMETRIC_REPRESENTATION_CONTEXT() REPRESENTATION_CONTEXT('2D SPACE',''
  ) );
#2734 = ADVANCED_FACE('',(#2735),#448,.F.);
#2735 = FACE_BOUND('',#2736,.F.);
#2736 = EDGE_LOOP('',(#2737,#2738,#2739));
#2737 = ORIENTED_EDGE('',*,*,#433,.T.);
#2738 = ORIENTED_EDGE('',*,*,#2716,.T.);
#2739 = ORIENTED_EDGE('',*,*,#2740,.T.);
#2740 = EDGE_CURVE('',#2652,#408,#2741,.T.);
#2741 = SURFACE_CURVE('',#2742,(#2747,#2754),.PCURVE_S1.);
#2742 = CIRCLE('',#2743,14.);
#2743 = AXIS2_PLACEMENT_3D('',#2744,#2745,#2746);
#2744 = CARTESIAN_POINT('',(0.,-5.,14.));
#2745 = DIRECTION('',(0.,1.,-0.));
#2746 = DIRECTION('',(-0.273980376464,0.,0.961735282348));
#2747 = PCURVE('',#448,#2748);
#2748 = DEFINITIONAL_REPRESENTATION('',(#2749),#2753);
#2749 = CIRCLE('',#2750,14.);
#2750 = AXIS2_PLACEMENT_2D('',#2751,#2752);
#2751 = CARTESIAN_POINT('',(-40.,10.89985434459));
#2752 = DIRECTION('',(0.961735282348,-0.273980376464));
#2753 = ( GEOMETRIC_REPRESENTATION_CONTEXT(2) 
PARAMETRIC_REPRESENTATION_CONTEXT() REPRESENTATION_CONTEXT('2D SPACE',''
  ) );
#2754 = PCURVE('',#422,#2755);
#2755 = DEFINITIONAL_REPRESENTATION('',(#2756),#2760);
#2756 = LINE('',#2757,#2758);
#2757 = CARTESIAN_POINT('',(8.131510984552,5.));
#2758 = VECTOR('',#2759,1.);
#2759 = DIRECTION('',(-1.,0.));
#2760 = ( GEOMETRIC_REPRESENTATION_CONTEXT(2) 
PARAMETRIC_REPRESENTATION_CONTEXT() REPRESENTATION_CONTEXT('2D SPACE',''
  ) );
#2761 = ADVANCED_FACE('',(#2762,#2793),#422,.T.);
#2762 = FACE_BOUND('',#2763,.T.);
#2763 = EDGE_LOOP('',(#2764,#2765,#2787,#2788,#2789,#2790,#2791,#2792));
#2764 = ORIENTED_EDGE('',*,*,#1369,.F.);
#2765 = ORIENTED_EDGE('',*,*,#2766,.T.);
#2766 = EDGE_CURVE('',#1284,#2296,#2767,.T.);
#2767 = SURFACE_CURVE('',#2768,(#2774,#2780),.PCURVE_S1.);
#2768 = B_SPLINE_CURVE_WITH_KNOTS('',2,(#2769,#2770,#2771,#2772,#2773),
  .UNSPECIFIED.,.F.,.F.,(3,1,1,3),(-0.612,-2.322144213029E-14,10.,10.612
    ),.UNSPECIFIED.);
#2769 = CARTESIAN_POINT('',(-3.217974298508,5.612,27.625147390547));
#2770 = CARTESIAN_POINT('',(-3.217974298508,5.306,27.625147390547));
#2771 = CARTESIAN_POINT('',(-3.217974298508,0.,27.625147390547));
#2772 = CARTESIAN_POINT('',(-3.217974298508,-5.306,27.625147390547));
#2773 = CARTESIAN_POINT('',(-3.217974298508,-5.612,27.625147390547));
#2774 = PCURVE('',#422,#2775);
#2775 = DEFINITIONAL_REPRESENTATION('',(#2776),#2779);
#2776 = B_SPLINE_CURVE_WITH_KNOTS('',1,(#2777,#2778),.UNSPECIFIED.,.F.,
  .F.,(2,2),(-2.322144213029E-14,10.),.PIECEWISE_BEZIER_KNOTS.);
#2777 = CARTESIAN_POINT('',(8.085910640496,-5.));
#2778 = CARTESIAN_POINT('',(8.085910640496,5.));
#2779 = ( GEOMETRIC_REPRESENTATION_CONTEXT(2) 
PARAMETRIC_REPRESENTATION_CONTEXT() REPRESENTATION_CONTEXT('2D SPACE',''
  ) );
#2780 = PCURVE('',#1331,#2781);
#2781 = DEFINITIONAL_REPRESENTATION('',(#2782),#2786);
#2782 = LINE('',#2783,#2784);
#2783 = CARTESIAN_POINT('',(0.,0.));
#2784 = VECTOR('',#2785,1.);
#2785 = DIRECTION('',(0.,1.));
#2786 = ( GEOMETRIC_REPRESENTATION_CONTEXT(2) 
PARAMETRIC_REPRESENTATION_CONTEXT() REPRESENTATION_CONTEXT('2D SPACE',''
  ) );
#2787 = ORIENTED_EDGE('',*,*,#2363,.T.);
#2788 = ORIENTED_EDGE('',*,*,#2651,.F.);
#2789 = ORIENTED_EDGE('',*,*,#2740,.T.);
#2790 = ORIENTED_EDGE('',*,*,#407,.F.);
#2791 = ORIENTED_EDGE('',*,*,#1121,.F.);
#2792 = ORIENTED_EDGE('',*,*,#1196,.F.);
#2793 = FACE_BOUND('',#2794,.T.);
#2794 = EDGE_LOOP('',(#2795));
#2795 = ORIENTED_EDGE('',*,*,#755,.F.);
#2796 = ADVANCED_FACE('',(#2797,#2800),#662,.T.);
#2797 = FACE_BOUND('',#2798,.T.);
#2798 = EDGE_LOOP('',(#2799));
#2799 = ORIENTED_EDGE('',*,*,#2626,.T.);
#2800 = FACE_BOUND('',#2801,.T.);
#2801 = EDGE_LOOP('',(#2802));
#2802 = ORIENTED_EDGE('',*,*,#645,.F.);
#2803 = ADVANCED_FACE('',(#2804),#739,.F.);
#2804 = FACE_BOUND('',#2805,.F.);
#2805 = EDGE_LOOP('',(#2806));
#2806 = ORIENTED_EDGE('',*,*,#724,.T.);
#2807 = ADVANCED_FACE('',(#2808),#1029,.F.);
#2808 = FACE_BOUND('',#2809,.F.);
#2809 = EDGE_LOOP('',(#2810));
#2810 = ORIENTED_EDGE('',*,*,#1014,.T.);
#2811 = ADVANCED_FACE('',(#2812,#2815),#1062,.T.);
#2812 = FACE_BOUND('',#2813,.T.);
#2813 = EDGE_LOOP('',(#2814));
#2814 = ORIENTED_EDGE('',*,*,#1171,.T.);
#2815 = FACE_BOUND('',#2816,.T.);
#2816 = EDGE_LOOP('',(#2817));
#2817 = ORIENTED_EDGE('',*,*,#1045,.F.);
#2818 = ADVANCED_FACE('',(#2819),#1331,.T.);
#2819 = FACE_BOUND('',#2820,.T.);
#2820 = EDGE_LOOP('',(#2821,#2822,#2844,#2845));
#2821 = ORIENTED_EDGE('',*,*,#1283,.T.);
#2822 = ORIENTED_EDGE('',*,*,#2823,.T.);
#2823 = EDGE_CURVE('',#1286,#2268,#2824,.T.);
#2824 = SURFACE_CURVE('',#2825,(#2831,#2838),.PCURVE_S1.);
#2825 = B_SPLINE_CURVE_WITH_KNOTS('',2,(#2826,#2827,#2828,#2829,#2830),
  .UNSPECIFIED.,.F.,.F.,(3,1,1,3),(-0.612,-2.322144213029E-14,10.,10.612
    ),.UNSPECIFIED.);
#2826 = CARTESIAN_POINT('',(-4.244206500914,5.612,27.993571542352));
#2827 = CARTESIAN_POINT('',(-4.244206500914,5.306,27.993571542352));
#2828 = CARTESIAN_POINT('',(-4.244206500914,0.,27.993571542352));
#2829 = CARTESIAN_POINT('',(-4.244206500914,-5.306,27.993571542352));
#2830 = CARTESIAN_POINT('',(-4.244206500914,-5.612,27.993571542352));
#2831 = PCURVE('',#1331,#2832);
#2832 = DEFINITIONAL_REPRESENTATION('',(#2833),#2837);
#2833 = LINE('',#2834,#2835);
#2834 = CARTESIAN_POINT('',(10.,0.));
#2835 = VECTOR('',#2836,1.);
#2836 = DIRECTION('',(0.,1.));
#2837 = ( GEOMETRIC_REPRESENTATION_CONTEXT(2) 
PARAMETRIC_REPRESENTATION_CONTEXT() REPRESENTATION_CONTEXT('2D SPACE',''
  ) );
#2838 = PCURVE('',#1725,#2839);
#2839 = DEFINITIONAL_REPRESENTATION('',(#2840),#2843);
#2840 = B_SPLINE_CURVE_WITH_KNOTS('',1,(#2841,#2842),.UNSPECIFIED.,.F.,
  .F.,(2,2),(-2.322144213029E-14,10.),.PIECEWISE_BEZIER_KNOTS.);
#2841 = CARTESIAN_POINT('',(-1.576810755278,5.));
#2842 = CARTESIAN_POINT('',(-1.576810755278,-5.));
#2843 = ( GEOMETRIC_REPRESENTATION_CONTEXT(2) 
PARAMETRIC_REPRESENTATION_CONTEXT() REPRESENTATION_CONTEXT('2D SPACE',''
  ) );
#2844 = ORIENTED_EDGE('',*,*,#2295,.F.);
#2845 = ORIENTED_EDGE('',*,*,#2766,.F.);
#2846 = ADVANCED_FACE('',(#2847),#1725,.F.);
#2847 = FACE_BOUND('',#2848,.T.);
#2848 = EDGE_LOOP('',(#2849,#2850,#2851,#2852));
#2849 = ORIENTED_EDGE('',*,*,#2267,.T.);
#2850 = ORIENTED_EDGE('',*,*,#2823,.F.);
#2851 = ORIENTED_EDGE('',*,*,#1706,.F.);
#2852 = ORIENTED_EDGE('',*,*,#2853,.T.);
#2853 = EDGE_CURVE('',#1623,#2200,#2854,.T.);
#2854 = SURFACE_CURVE('',#2855,(#2861,#2867),.PCURVE_S1.);
#2855 = B_SPLINE_CURVE_WITH_KNOTS('',2,(#2856,#2857,#2858,#2859,#2860),
  .UNSPECIFIED.,.F.,.F.,(3,1,1,3),(-0.612,-2.455305923854E-14,10.,10.612
    ),.UNSPECIFIED.);
#2856 = CARTESIAN_POINT('',(-4.244206500914,5.612,80.006428457648));
#2857 = CARTESIAN_POINT('',(-4.244206500914,5.306,80.006428457648));
#2858 = CARTESIAN_POINT('',(-4.244206500914,0.,80.006428457648));
#2859 = CARTESIAN_POINT('',(-4.244206500914,-5.306,80.006428457648));
#2860 = CARTESIAN_POINT('',(-4.244206500914,-5.612,80.006428457648));
#2861 = PCURVE('',#1725,#2862);
#2862 = DEFINITIONAL_REPRESENTATION('',(#2863),#2866);
#2863 = B_SPLINE_CURVE_WITH_KNOTS('',1,(#2864,#2865),.UNSPECIFIED.,.F.,
  .F.,(2,2),(-2.455305923854E-14,10.),.PIECEWISE_BEZIER_KNOTS.);
#2864 = CARTESIAN_POINT('',(-0.277779680726,5.));
#2865 = CARTESIAN_POINT('',(-0.277779680726,-5.));
#2866 = ( GEOMETRIC_REPRESENTATION_CONTEXT(2) 
PARAMETRIC_REPRESENTATION_CONTEXT() REPRESENTATION_CONTEXT('2D SPACE',''
  ) );
#2867 = PCURVE('',#1668,#2868);
#2868 = DEFINITIONAL_REPRESENTATION('',(#2869),#2873);
#2869 = LINE('',#2870,#2871);
#2870 = CARTESIAN_POINT('',(0.,0.));
#2871 = VECTOR('',#2872,1.);
#2872 = DIRECTION('',(0.,1.));
#2873 = ( GEOMETRIC_REPRESENTATION_CONTEXT(2) 
PARAMETRIC_REPRESENTATION_CONTEXT() REPRESENTATION_CONTEXT('2D SPACE',''
  ) );
#2874 = ADVANCED_FACE('',(#2875),#1668,.T.);
#2875 = FACE_BOUND('',#2876,.T.);
#2876 = EDGE_LOOP('',(#2877,#2878,#2900,#2901));
#2877 = ORIENTED_EDGE('',*,*,#1622,.T.);
#2878 = ORIENTED_EDGE('',*,*,#2879,.T.);
#2879 = EDGE_CURVE('',#1594,#2172,#2880,.T.);
#2880 = SURFACE_CURVE('',#2881,(#2887,#2894),.PCURVE_S1.);
#2881 = B_SPLINE_CURVE_WITH_KNOTS('',2,(#2882,#2883,#2884,#2885,#2886),
  .UNSPECIFIED.,.F.,.F.,(3,1,1,3),(-0.612,-2.455305923854E-14,10.,10.612
    ),.UNSPECIFIED.);
#2882 = CARTESIAN_POINT('',(-3.217974298508,5.612,80.374852609452));
#2883 = CARTESIAN_POINT('',(-3.217974298508,5.306,80.374852609452));
#2884 = CARTESIAN_POINT('',(-3.217974298508,0.,80.374852609452));
#2885 = CARTESIAN_POINT('',(-3.217974298508,-5.306,80.374852609452));
#2886 = CARTESIAN_POINT('',(-3.217974298508,-5.612,80.374852609452));
#2887 = PCURVE('',#1668,#2888);
#2888 = DEFINITIONAL_REPRESENTATION('',(#2889),#2893);
#2889 = LINE('',#2890,#2891);
#2890 = CARTESIAN_POINT('',(10.,0.));
#2891 = VECTOR('',#2892,1.);
#2892 = DIRECTION('',(0.,1.));
#2893 = ( GEOMETRIC_REPRESENTATION_CONTEXT(2) 
PARAMETRIC_REPRESENTATION_CONTEXT() REPRESENTATION_CONTEXT('2D SPACE',''
  ) );
#2894 = PCURVE('',#1610,#2895);
#2895 = DEFINITIONAL_REPRESENTATION('',(#2896),#2899);
#2896 = B_SPLINE_CURVE_WITH_KNOTS('',1,(#2897,#2898),.UNSPECIFIED.,.F.,
  .F.,(2,2),(-2.455305923854E-14,10.),.PIECEWISE_BEZIER_KNOTS.);
#2897 = CARTESIAN_POINT('',(-4.480459973863,5.));
#2898 = CARTESIAN_POINT('',(-4.480459973863,-5.));
#2899 = ( GEOMETRIC_REPRESENTATION_CONTEXT(2) 
PARAMETRIC_REPRESENTATION_CONTEXT() REPRESENTATION_CONTEXT('2D SPACE',''
  ) );
#2900 = ORIENTED_EDGE('',*,*,#2199,.F.);
#2901 = ORIENTED_EDGE('',*,*,#2853,.F.);
#2902 = ADVANCED_FACE('',(#2903,#3143,#3359),#1610,.T.);
#2903 = FACE_BOUND('',#2904,.F.);
#2904 = EDGE_LOOP('',(#2905,#2906,#2907,#2931,#2960,#2989,#3015,#3044,
    #3065,#3094,#3123,#3142));
#2905 = ORIENTED_EDGE('',*,*,#2879,.T.);
#2906 = ORIENTED_EDGE('',*,*,#2171,.T.);
#2907 = ORIENTED_EDGE('',*,*,#2908,.T.);
#2908 = EDGE_CURVE('',#2106,#2909,#2911,.T.);
#2909 = VERTEX_POINT('',#2910);
#2910 = CARTESIAN_POINT('',(-13.71129941527,2.5,91.171525438547));
#2911 = SURFACE_CURVE('',#2912,(#2918,#2924),.PCURVE_S1.);
#2912 = B_SPLINE_CURVE_WITH_KNOTS('',2,(#2913,#2914,#2915,#2916,#2917),
  .UNSPECIFIED.,.F.,.F.,(3,1,1,3),(-0.612,-2.321926835247E-14,10.,10.612
    ),.UNSPECIFIED.);
#2913 = CARTESIAN_POINT('',(-13.71129941527,-5.612,91.171525438547));
#2914 = CARTESIAN_POINT('',(-13.71129941527,-5.306,91.171525438547));
#2915 = CARTESIAN_POINT('',(-13.71129941527,0.,91.171525438547));
#2916 = CARTESIAN_POINT('',(-13.71129941527,5.306,91.171525438547));
#2917 = CARTESIAN_POINT('',(-13.71129941527,5.612,91.171525438547));
#2918 = PCURVE('',#1610,#2919);
#2919 = DEFINITIONAL_REPRESENTATION('',(#2920),#2923);
#2920 = B_SPLINE_CURVE_WITH_KNOTS('',1,(#2921,#2922),.UNSPECIFIED.,.F.,
  .F.,(2,2),(-2.321926835247E-14,10.),.PIECEWISE_BEZIER_KNOTS.);
#2921 = CARTESIAN_POINT('',(-9.628212160719,-5.));
#2922 = CARTESIAN_POINT('',(-9.628212160719,5.));
#2923 = ( GEOMETRIC_REPRESENTATION_CONTEXT(2) 
PARAMETRIC_REPRESENTATION_CONTEXT() REPRESENTATION_CONTEXT('2D SPACE',''
  ) );
#2924 = PCURVE('',#2139,#2925);
#2925 = DEFINITIONAL_REPRESENTATION('',(#2926),#2930);
#2926 = LINE('',#2927,#2928);
#2927 = CARTESIAN_POINT('',(10.,0.));
#2928 = VECTOR('',#2929,1.);
#2929 = DIRECTION('',(0.,1.));
#2930 = ( GEOMETRIC_REPRESENTATION_CONTEXT(2) 
PARAMETRIC_REPRESENTATION_CONTEXT() REPRESENTATION_CONTEXT('2D SPACE',''
  ) );
#2931 = ORIENTED_EDGE('',*,*,#2932,.T.);
#2932 = EDGE_CURVE('',#2909,#2933,#2935,.T.);
#2933 = VERTEX_POINT('',#2934);
#2934 = CARTESIAN_POINT('',(-14.,2.5,94.));
#2935 = SURFACE_CURVE('',#2936,(#2941,#2948),.PCURVE_S1.);
#2936 = CIRCLE('',#2937,14.);
#2937 = AXIS2_PLACEMENT_3D('',#2938,#2939,#2940);
#2938 = CARTESIAN_POINT('',(0.,2.5,94.));
#2939 = DIRECTION('',(-0.,1.,0.));
#2940 = DIRECTION('',(1.,0.,0.));
#2941 = PCURVE('',#1610,#2942);
#2942 = DEFINITIONAL_REPRESENTATION('',(#2943),#2947);
#2943 = LINE('',#2944,#2945);
#2944 = CARTESIAN_POINT('',(-12.56637061435,2.5));
#2945 = VECTOR('',#2946,1.);
#2946 = DIRECTION('',(1.,-0.));
#2947 = ( GEOMETRIC_REPRESENTATION_CONTEXT(2) 
PARAMETRIC_REPRESENTATION_CONTEXT() REPRESENTATION_CONTEXT('2D SPACE',''
  ) );
#2948 = PCURVE('',#2949,#2954);
#2949 = PLANE('',#2950);
#2950 = AXIS2_PLACEMENT_3D('',#2951,#2952,#2953);
#2951 = CARTESIAN_POINT('',(-17.,2.5,84.));
#2952 = DIRECTION('',(0.,1.,0.));
#2953 = DIRECTION('',(0.,0.,1.));
#2954 = DEFINITIONAL_REPRESENTATION('',(#2955),#2959);
#2955 = CIRCLE('',#2956,14.);
#2956 = AXIS2_PLACEMENT_2D('',#2957,#2958);
#2957 = CARTESIAN_POINT('',(10.,17.));
#2958 = DIRECTION('',(0.,1.));
#2959 = ( GEOMETRIC_REPRESENTATION_CONTEXT(2) 
PARAMETRIC_REPRESENTATION_CONTEXT() REPRESENTATION_CONTEXT('2D SPACE',''
  ) );
#2960 = ORIENTED_EDGE('',*,*,#2961,.T.);
#2961 = EDGE_CURVE('',#2933,#2962,#2964,.T.);
#2962 = VERTEX_POINT('',#2963);
#2963 = CARTESIAN_POINT('',(-9.797958971133,2.5,104.));
#2964 = SURFACE_CURVE('',#2965,(#2970,#2977),.PCURVE_S1.);
#2965 = CIRCLE('',#2966,14.);
#2966 = AXIS2_PLACEMENT_3D('',#2967,#2968,#2969);
#2967 = CARTESIAN_POINT('',(0.,2.5,94.));
#2968 = DIRECTION('',(-0.,1.,0.));
#2969 = DIRECTION('',(1.,0.,0.));
#2970 = PCURVE('',#1610,#2971);
#2971 = DEFINITIONAL_REPRESENTATION('',(#2972),#2976);
#2972 = LINE('',#2973,#2974);
#2973 = CARTESIAN_POINT('',(-12.56637061435,2.5));
#2974 = VECTOR('',#2975,1.);
#2975 = DIRECTION('',(1.,-0.));
#2976 = ( GEOMETRIC_REPRESENTATION_CONTEXT(2) 
PARAMETRIC_REPRESENTATION_CONTEXT() REPRESENTATION_CONTEXT('2D SPACE',''
  ) );
#2977 = PCURVE('',#2978,#2983);
#2978 = PLANE('',#2979);
#2979 = AXIS2_PLACEMENT_3D('',#2980,#2981,#2982);
#2980 = CARTESIAN_POINT('',(-17.,2.5,84.));
#2981 = DIRECTION('',(0.,1.,0.));
#2982 = DIRECTION('',(0.,0.,1.));
#2983 = DEFINITIONAL_REPRESENTATION('',(#2984),#2988);
#2984 = CIRCLE('',#2985,14.);
#2985 = AXIS2_PLACEMENT_2D('',#2986,#2987);
#2986 = CARTESIAN_POINT('',(10.,17.));
#2987 = DIRECTION('',(0.,1.));
#2988 = ( GEOMETRIC_REPRESENTATION_CONTEXT(2) 
PARAMETRIC_REPRESENTATION_CONTEXT() REPRESENTATION_CONTEXT('2D SPACE',''
  ) );
#2989 = ORIENTED_EDGE('',*,*,#2990,.T.);
#2990 = EDGE_CURVE('',#2962,#2991,#2993,.T.);
#2991 = VERTEX_POINT('',#2992);
#2992 = CARTESIAN_POINT('',(-9.797958971133,5.,104.));
#2993 = SURFACE_CURVE('',#2994,(#2998,#3004),.PCURVE_S1.);
#2994 = LINE('',#2995,#2996);
#2995 = CARTESIAN_POINT('',(-9.797958971133,0.,104.));
#2996 = VECTOR('',#2997,1.);
#2997 = DIRECTION('',(-0.,1.,-0.));
#2998 = PCURVE('',#1610,#2999);
#2999 = DEFINITIONAL_REPRESENTATION('',(#3000),#3003);
#3000 = B_SPLINE_CURVE_WITH_KNOTS('',1,(#3001,#3002),.UNSPECIFIED.,.F.,
  .F.,(2,2),(0.35,5.0000006),.PIECEWISE_BEZIER_KNOTS.);
#3001 = CARTESIAN_POINT('',(-8.629175007285,0.35));
#3002 = CARTESIAN_POINT('',(-8.629175007285,5.0000006));
#3003 = ( GEOMETRIC_REPRESENTATION_CONTEXT(2) 
PARAMETRIC_REPRESENTATION_CONTEXT() REPRESENTATION_CONTEXT('2D SPACE',''
  ) );
#3004 = PCURVE('',#3005,#3010);
#3005 = PLANE('',#3006);
#3006 = AXIS2_PLACEMENT_3D('',#3007,#3008,#3009);
#3007 = CARTESIAN_POINT('',(-17.,2.5,104.));
#3008 = DIRECTION('',(0.,0.,1.));
#3009 = DIRECTION('',(1.,0.,0.));
#3010 = DEFINITIONAL_REPRESENTATION('',(#3011),#3014);
#3011 = B_SPLINE_CURVE_WITH_KNOTS('',1,(#3012,#3013),.UNSPECIFIED.,.F.,
  .F.,(2,2),(0.35,5.0000006),.PIECEWISE_BEZIER_KNOTS.);
#3012 = CARTESIAN_POINT('',(7.202041028867,-2.15));
#3013 = CARTESIAN_POINT('',(7.202041028867,2.5000006));
#3014 = ( GEOMETRIC_REPRESENTATION_CONTEXT(2) 
PARAMETRIC_REPRESENTATION_CONTEXT() REPRESENTATION_CONTEXT('2D SPACE',''
  ) );
#3015 = ORIENTED_EDGE('',*,*,#3016,.T.);
#3016 = EDGE_CURVE('',#2991,#3017,#3019,.T.);
#3017 = VERTEX_POINT('',#3018);
#3018 = CARTESIAN_POINT('',(9.797958971133,5.,104.));
#3019 = SURFACE_CURVE('',#3020,(#3025,#3032),.PCURVE_S1.);
#3020 = CIRCLE('',#3021,14.);
#3021 = AXIS2_PLACEMENT_3D('',#3022,#3023,#3024);
#3022 = CARTESIAN_POINT('',(0.,5.,94.));
#3023 = DIRECTION('',(0.,1.,0.));
#3024 = DIRECTION('',(-0.971944895894,0.,-0.23520867192));
#3025 = PCURVE('',#1610,#3026);
#3026 = DEFINITIONAL_REPRESENTATION('',(#3027),#3031);
#3027 = LINE('',#3028,#3029);
#3028 = CARTESIAN_POINT('',(-9.662211218505,5.));
#3029 = VECTOR('',#3030,1.);
#3030 = DIRECTION('',(1.,-0.));
#3031 = ( GEOMETRIC_REPRESENTATION_CONTEXT(2) 
PARAMETRIC_REPRESENTATION_CONTEXT() REPRESENTATION_CONTEXT('2D SPACE',''
  ) );
#3032 = PCURVE('',#3033,#3038);
#3033 = PLANE('',#3034);
#3034 = AXIS2_PLACEMENT_3D('',#3035,#3036,#3037);
#3035 = CARTESIAN_POINT('',(-10.89985434459,5.,54.));
#3036 = DIRECTION('',(0.,1.,0.));
#3037 = DIRECTION('',(0.,-0.,1.));
#3038 = DEFINITIONAL_REPRESENTATION('',(#3039),#3043);
#3039 = CIRCLE('',#3040,14.);
#3040 = AXIS2_PLACEMENT_2D('',#3041,#3042);
#3041 = CARTESIAN_POINT('',(40.,10.89985434459));
#3042 = DIRECTION('',(-0.23520867192,-0.971944895894));
#3043 = ( GEOMETRIC_REPRESENTATION_CONTEXT(2) 
PARAMETRIC_REPRESENTATION_CONTEXT() REPRESENTATION_CONTEXT('2D SPACE',''
  ) );
#3044 = ORIENTED_EDGE('',*,*,#3045,.F.);
#3045 = EDGE_CURVE('',#3046,#3017,#3048,.T.);
#3046 = VERTEX_POINT('',#3047);
#3047 = CARTESIAN_POINT('',(9.797958971133,2.5,104.));
#3048 = SURFACE_CURVE('',#3049,(#3053,#3059),.PCURVE_S1.);
#3049 = LINE('',#3050,#3051);
#3050 = CARTESIAN_POINT('',(9.797958971133,0.,104.));
#3051 = VECTOR('',#3052,1.);
#3052 = DIRECTION('',(-0.,1.,-0.));
#3053 = PCURVE('',#1610,#3054);
#3054 = DEFINITIONAL_REPRESENTATION('',(#3055),#3058);
#3055 = B_SPLINE_CURVE_WITH_KNOTS('',1,(#3056,#3057),.UNSPECIFIED.,.F.,
  .F.,(2,2),(0.35,5.0000006),.PIECEWISE_BEZIER_KNOTS.);
#3056 = CARTESIAN_POINT('',(-7.078788260664,0.35));
#3057 = CARTESIAN_POINT('',(-7.078788260664,5.0000006));
#3058 = ( GEOMETRIC_REPRESENTATION_CONTEXT(2) 
PARAMETRIC_REPRESENTATION_CONTEXT() REPRESENTATION_CONTEXT('2D SPACE',''
  ) );
#3059 = PCURVE('',#3005,#3060);
#3060 = DEFINITIONAL_REPRESENTATION('',(#3061),#3064);
#3061 = B_SPLINE_CURVE_WITH_KNOTS('',1,(#3062,#3063),.UNSPECIFIED.,.F.,
  .F.,(2,2),(0.35,5.0000006),.PIECEWISE_BEZIER_KNOTS.);
#3062 = CARTESIAN_POINT('',(26.797958971133,-2.15));
#3063 = CARTESIAN_POINT('',(26.797958971133,2.5000006));
#3064 = ( GEOMETRIC_REPRESENTATION_CONTEXT(2) 
PARAMETRIC_REPRESENTATION_CONTEXT() REPRESENTATION_CONTEXT('2D SPACE',''
  ) );
#3065 = ORIENTED_EDGE('',*,*,#3066,.T.);
#3066 = EDGE_CURVE('',#3046,#3067,#3069,.T.);
#3067 = VERTEX_POINT('',#3068);
#3068 = CARTESIAN_POINT('',(14.,2.5,94.));
#3069 = SURFACE_CURVE('',#3070,(#3075,#3082),.PCURVE_S1.);
#3070 = CIRCLE('',#3071,14.);
#3071 = AXIS2_PLACEMENT_3D('',#3072,#3073,#3074);
#3072 = CARTESIAN_POINT('',(0.,2.5,94.));
#3073 = DIRECTION('',(-0.,1.,0.));
#3074 = DIRECTION('',(1.,0.,0.));
#3075 = PCURVE('',#1610,#3076);
#3076 = DEFINITIONAL_REPRESENTATION('',(#3077),#3081);
#3077 = LINE('',#3078,#3079);
#3078 = CARTESIAN_POINT('',(-12.56637061435,2.5));
#3079 = VECTOR('',#3080,1.);
#3080 = DIRECTION('',(1.,-0.));
#3081 = ( GEOMETRIC_REPRESENTATION_CONTEXT(2) 
PARAMETRIC_REPRESENTATION_CONTEXT() REPRESENTATION_CONTEXT('2D SPACE',''
  ) );
#3082 = PCURVE('',#3083,#3088);
#3083 = PLANE('',#3084);
#3084 = AXIS2_PLACEMENT_3D('',#3085,#3086,#3087);
#3085 = CARTESIAN_POINT('',(-17.,2.5,84.));
#3086 = DIRECTION('',(0.,1.,0.));
#3087 = DIRECTION('',(0.,0.,1.));
#3088 = DEFINITIONAL_REPRESENTATION('',(#3089),#3093);
#3089 = CIRCLE('',#3090,14.);
#3090 = AXIS2_PLACEMENT_2D('',#3091,#3092);
#3091 = CARTESIAN_POINT('',(10.,17.));
#3092 = DIRECTION('',(0.,1.));
#3093 = ( GEOMETRIC_REPRESENTATION_CONTEXT(2) 
PARAMETRIC_REPRESENTATION_CONTEXT() REPRESENTATION_CONTEXT('2D SPACE',''
  ) );
#3094 = ORIENTED_EDGE('',*,*,#3095,.T.);
#3095 = EDGE_CURVE('',#3067,#3096,#3098,.T.);
#3096 = VERTEX_POINT('',#3097);
#3097 = CARTESIAN_POINT('',(9.797958971133,2.5,84.));
#3098 = SURFACE_CURVE('',#3099,(#3104,#3111),.PCURVE_S1.);
#3099 = CIRCLE('',#3100,14.);
#3100 = AXIS2_PLACEMENT_3D('',#3101,#3102,#3103);
#3101 = CARTESIAN_POINT('',(0.,2.5,94.));
#3102 = DIRECTION('',(-0.,1.,0.));
#3103 = DIRECTION('',(1.,0.,0.));
#3104 = PCURVE('',#1610,#3105);
#3105 = DEFINITIONAL_REPRESENTATION('',(#3106),#3110);
#3106 = LINE('',#3107,#3108);
#3107 = CARTESIAN_POINT('',(-12.56637061435,2.5));
#3108 = VECTOR('',#3109,1.);
#3109 = DIRECTION('',(1.,-0.));
#3110 = ( GEOMETRIC_REPRESENTATION_CONTEXT(2) 
PARAMETRIC_REPRESENTATION_CONTEXT() REPRESENTATION_CONTEXT('2D SPACE',''
  ) );
#3111 = PCURVE('',#3112,#3117);
#3112 = PLANE('',#3113);
#3113 = AXIS2_PLACEMENT_3D('',#3114,#3115,#3116);
#3114 = CARTESIAN_POINT('',(-17.,2.5,84.));
#3115 = DIRECTION('',(0.,1.,0.));
#3116 = DIRECTION('',(0.,0.,1.));
#3117 = DEFINITIONAL_REPRESENTATION('',(#3118),#3122);
#3118 = CIRCLE('',#3119,14.);
#3119 = AXIS2_PLACEMENT_2D('',#3120,#3121);
#3120 = CARTESIAN_POINT('',(10.,17.));
#3121 = DIRECTION('',(0.,1.));
#3122 = ( GEOMETRIC_REPRESENTATION_CONTEXT(2) 
PARAMETRIC_REPRESENTATION_CONTEXT() REPRESENTATION_CONTEXT('2D SPACE',''
  ) );
#3123 = ORIENTED_EDGE('',*,*,#3124,.T.);
#3124 = EDGE_CURVE('',#3096,#1568,#3125,.T.);
#3125 = SURFACE_CURVE('',#3126,(#3130,#3136),.PCURVE_S1.);
#3126 = LINE('',#3127,#3128);
#3127 = CARTESIAN_POINT('',(9.797958971133,0.,84.));
#3128 = VECTOR('',#3129,1.);
#3129 = DIRECTION('',(-0.,1.,-0.));
#3130 = PCURVE('',#1610,#3131);
#3131 = DEFINITIONAL_REPRESENTATION('',(#3132),#3135);
#3132 = B_SPLINE_CURVE_WITH_KNOTS('',1,(#3133,#3134),.UNSPECIFIED.,.F.,
  .F.,(2,2),(0.35,5.0000006),.PIECEWISE_BEZIER_KNOTS.);
#3133 = CARTESIAN_POINT('',(-5.487582353695,0.35));
#3134 = CARTESIAN_POINT('',(-5.487582353695,5.0000006));
#3135 = ( GEOMETRIC_REPRESENTATION_CONTEXT(2) 
PARAMETRIC_REPRESENTATION_CONTEXT() REPRESENTATION_CONTEXT('2D SPACE',''
  ) );
#3136 = PCURVE('',#1582,#3137);
#3137 = DEFINITIONAL_REPRESENTATION('',(#3138),#3141);
#3138 = B_SPLINE_CURVE_WITH_KNOTS('',1,(#3139,#3140),.UNSPECIFIED.,.F.,
  .F.,(2,2),(0.35,5.0000006),.PIECEWISE_BEZIER_KNOTS.);
#3139 = CARTESIAN_POINT('',(26.797958971133,-2.15));
#3140 = CARTESIAN_POINT('',(26.797958971133,2.5000006));
#3141 = ( GEOMETRIC_REPRESENTATION_CONTEXT(2) 
PARAMETRIC_REPRESENTATION_CONTEXT() REPRESENTATION_CONTEXT('2D SPACE',''
  ) );
#3142 = ORIENTED_EDGE('',*,*,#1593,.T.);
#3143 = FACE_BOUND('',#3144,.F.);
#3144 = EDGE_LOOP('',(#3145));
#3145 = ORIENTED_EDGE('',*,*,#3146,.F.);
#3146 = EDGE_CURVE('',#3147,#3147,#3149,.T.);
#3147 = VERTEX_POINT('',#3148);
#3148 = CARTESIAN_POINT('',(3.2,-7.837739514543E-16,80.370619970079));
#3149 = SURFACE_CURVE('',#3150,(#3216,#3285),.PCURVE_S1.);
#3150 = B_SPLINE_CURVE_WITH_KNOTS('',8,(#3151,#3152,#3153,#3154,#3155,
    #3156,#3157,#3158,#3159,#3160,#3161,#3162,#3163,#3164,#3165,#3166,
    #3167,#3168,#3169,#3170,#3171,#3172,#3173,#3174,#3175,#3176,#3177,
    #3178,#3179,#3180,#3181,#3182,#3183,#3184,#3185,#3186,#3187,#3188,
    #3189,#3190,#3191,#3192,#3193,#3194,#3195,#3196,#3197,#3198,#3199,
    #3200,#3201,#3202,#3203,#3204,#3205,#3206,#3207,#3208,#3209,#3210,
    #3211,#3212,#3213,#3214,#3215),.UNSPECIFIED.,.T.,.F.,(9,7,7,7,7,7,7,
    7,7,9),(0.,0.124386131484,0.235189787644,0.323098531242,
    0.428392006726,0.533876163278,0.642920053207,0.734010654258,
    0.826223180201,1.),.UNSPECIFIED.);
#3151 = CARTESIAN_POINT('',(3.2,-8.881784197001E-16,80.370619970079));
#3152 = CARTESIAN_POINT('',(3.2,0.266218402402,80.370619970079));
#3153 = CARTESIAN_POINT('',(3.17468895417,0.532186121034,80.36467727542)
  );
#3154 = CARTESIAN_POINT('',(3.124147458715,0.796496694162,
    80.352810763394));
#3155 = CARTESIAN_POINT('',(3.048093963442,1.057659959358,
    80.335232178971));
#3156 = CARTESIAN_POINT('',(2.945940785484,1.313976084741,
    80.312354504927));
#3157 = CARTESIAN_POINT('',(2.816847291225,1.563378868785,
    80.284841285902));
#3158 = CARTESIAN_POINT('',(2.659785510945,1.803231567693,
    80.253680118136));
#3159 = CARTESIAN_POINT('',(2.307808461879,2.232116842906,
    80.190495876295));
#3160 = CARTESIAN_POINT('',(2.116872999981,2.426307939755,
    80.158574827284));
#3161 = CARTESIAN_POINT('',(1.900407976851,2.608066585504,
    80.125651665308));
#3162 = CARTESIAN_POINT('',(1.658698168552,2.772760834104,
    80.093281427685));
#3163 = CARTESIAN_POINT('',(1.39270293177,2.915698015437,80.063332579362
    ));
#3164 = CARTESIAN_POINT('',(1.104069072636,3.032103078071,
    80.037842482182));
#3165 = CARTESIAN_POINT('',(0.795217777889,3.117054728953,
    80.018804923791));
#3166 = CARTESIAN_POINT('',(0.211151257091,3.203692813104,
    79.999205244405));
#3167 = CARTESIAN_POINT('',(-5.254705050666E-02,3.218173556792,
    79.995815726978));
#3168 = CARTESIAN_POINT('',(-0.317272397886,3.207590957805,
    79.998229322213));
#3169 = CARTESIAN_POINT('',(-0.578584616941,3.171986062379,
    80.006491575766));
#3170 = CARTESIAN_POINT('',(-0.832128317589,3.112604365836,
    80.020084796243));
#3171 = CARTESIAN_POINT('',(-1.073859935734,3.031879371663,
    80.038003799893));
#3172 = CARTESIAN_POINT('',(-1.300252603793,2.933442326548,
    80.058938107011));
#3173 = CARTESIAN_POINT('',(-1.757863256915,2.688844336525,
    80.10853339085));
#3174 = CARTESIAN_POINT('',(-1.984719491225,2.535204035882,
    80.138286917811));
#3175 = CARTESIAN_POINT('',(-2.18906282818,2.365335803665,
    80.169172980712));
#3176 = CARTESIAN_POINT('',(-2.371321878848,2.182541691543,
    80.199835701661));
#3177 = CARTESIAN_POINT('',(-2.532132968596,1.989486522033,
    80.229195389988));
#3178 = CARTESIAN_POINT('',(-2.67220402808,1.788319986645,80.25642254795
    ));
#3179 = CARTESIAN_POINT('',(-2.792219335123,1.58076380654,
    80.280886630859));
#3180 = CARTESIAN_POINT('',(-2.993494225231,1.155203806373,
    80.323392560369));
#3181 = CARTESIAN_POINT('',(-3.076326576519,0.933705703324,
    80.341769550684));
#3182 = CARTESIAN_POINT('',(-3.14038995966,0.705493763843,80.35652318942
    ));
#3183 = CARTESIAN_POINT('',(-3.185063143359,0.472442525323,
    80.367062908633));
#3184 = CARTESIAN_POINT('',(-3.209955578539,0.23647088491,
    80.372991564761));
#3185 = CARTESIAN_POINT('',(-3.214897229257,-4.776956311483E-04,
    80.374137020756));
#3186 = CARTESIAN_POINT('',(-3.199939153219,-0.236456376552,
    80.370559468575));
#3187 = CARTESIAN_POINT('',(-3.129623744194,-0.710484359862,
    80.35423869968));
#3188 = CARTESIAN_POINT('',(-3.072761128428,-0.949406375729,
    80.341153279718));
#3189 = CARTESIAN_POINT('',(-2.99459544152,-1.185241776629,
    80.323468992485));
#3190 = CARTESIAN_POINT('',(-2.894684880409,-1.416751198739,
    80.301511756062));
#3191 = CARTESIAN_POINT('',(-2.772377718923,-1.642428953024,
    80.27576451377));
#3192 = CARTESIAN_POINT('',(-2.626868618181,-1.86038811282,
    80.246917416057));
#3193 = CARTESIAN_POINT('',(-2.457274265878,-2.068209133716,
    80.215927264874));
#3194 = CARTESIAN_POINT('',(-2.100237515656,-2.425245883938,
    80.157452607176));
#3195 = CARTESIAN_POINT('',(-1.918736162061,-2.580071892646,
    80.129969963719));
#3196 = CARTESIAN_POINT('',(-1.718355332018,-2.723848341833,
    80.102538056224));
#3197 = CARTESIAN_POINT('',(-1.499692839975,-2.853295520489,
    80.076283414236));
#3198 = CARTESIAN_POINT('',(-1.263787878944,-2.965231532846,
    80.052461509812));
#3199 = CARTESIAN_POINT('',(-1.012108003621,-3.056564690659,
    80.032358311756));
#3200 = CARTESIAN_POINT('',(-0.746561839543,-3.124272155617,
    80.01717216321));
#3201 = CARTESIAN_POINT('',(-0.189101204097,-3.20696362949,
    79.998465304769));
#3202 = CARTESIAN_POINT('',(9.695373496347E-02,-3.220376692533,
    79.995297201466));
#3203 = CARTESIAN_POINT('',(0.383417340327,-3.20432027626,79.99897821856
    ));
#3204 = CARTESIAN_POINT('',(0.664907492845,-3.159090187189,
    80.009485296261));
#3205 = CARTESIAN_POINT('',(0.936195801554,-3.086485623359,
    80.026052322393));
#3206 = CARTESIAN_POINT('',(1.192516700451,-2.989786536821,
    80.047301221961));
#3207 = CARTESIAN_POINT('',(1.429845205166,-2.873767561807,
    80.071520590998));
#3208 = CARTESIAN_POINT('',(2.050836084772,-2.501559952544,
    80.145001824761));
#3209 = CARTESIAN_POINT('',(2.391075946231,-2.204472132264,80.1989824188
    ));
#3210 = CARTESIAN_POINT('',(2.667190018184,-1.872250052817,
    80.251531731804));
#3211 = CARTESIAN_POINT('',(2.882891461048,-1.517043273524,
    80.297375871939));
#3212 = CARTESIAN_POINT('',(3.041867428858,-1.147247013016,
    80.333495043442));
#3213 = CARTESIAN_POINT('',(3.147048880052,-0.76860415298,
    80.358187225697));
#3214 = CARTESIAN_POINT('',(3.2,-0.38504789869,80.370619970079));
#3215 = CARTESIAN_POINT('',(3.2,-8.881784197001E-16,80.370619970079));
#3216 = PCURVE('',#1610,#3217);
#3217 = DEFINITIONAL_REPRESENTATION('',(#3218),#3284);
#3218 = B_SPLINE_CURVE_WITH_KNOTS('',8,(#3219,#3220,#3221,#3222,#3223,
    #3224,#3225,#3226,#3227,#3228,#3229,#3230,#3231,#3232,#3233,#3234,
    #3235,#3236,#3237,#3238,#3239,#3240,#3241,#3242,#3243,#3244,#3245,
    #3246,#3247,#3248,#3249,#3250,#3251,#3252,#3253,#3254,#3255,#3256,
    #3257,#3258,#3259,#3260,#3261,#3262,#3263,#3264,#3265,#3266,#3267,
    #3268,#3269,#3270,#3271,#3272,#3273,#3274,#3275,#3276,#3277,#3278,
    #3279,#3280,#3281,#3282,#3283),.UNSPECIFIED.,.F.,.F.,(9,7,7,7,7,7,7,
    7,7,9),(0.,0.124386131484,0.235189787644,0.323098531242,
    0.428392006726,0.533876163278,0.642920053207,0.734010654258,
    0.826223180201,1.),.UNSPECIFIED.);
#3219 = CARTESIAN_POINT('',(-4.942998991671,-8.881784197001E-16));
#3220 = CARTESIAN_POINT('',(-4.942998991671,0.266218402402));
#3221 = CARTESIAN_POINT('',(-4.941141898861,0.532186121034));
#3222 = CARTESIAN_POINT('',(-4.937433616397,0.796496694162));
#3223 = CARTESIAN_POINT('',(-4.931858050271,1.057659959358));
#3224 = CARTESIAN_POINT('',(-4.92438102944,1.313976084741));
#3225 = CARTESIAN_POINT('',(-4.914954155697,1.563378868785));
#3226 = CARTESIAN_POINT('',(-4.903518688844,1.803231567693));
#3227 = CARTESIAN_POINT('',(-4.877975598852,2.232116842906));
#3228 = CARTESIAN_POINT('',(-4.864149057461,2.426307939755));
#3229 = CARTESIAN_POINT('',(-4.848512383875,2.608066585504));
#3230 = CARTESIAN_POINT('',(-4.831099178412,2.772760834104));
#3231 = CARTESIAN_POINT('',(-4.811989031258,2.915698015437));
#3232 = CARTESIAN_POINT('',(-4.791303635164,3.032103078071));
#3233 = CARTESIAN_POINT('',(-4.76920963525,3.117054728953));
#3234 = CARTESIAN_POINT('',(-4.727467114953,3.203692813104));
#3235 = CARTESIAN_POINT('',(-4.708633989816,3.218173556792));
#3236 = CARTESIAN_POINT('',(-4.689731892619,3.207590957805));
#3237 = CARTESIAN_POINT('',(-4.671066588077,3.171986062379));
#3238 = CARTESIAN_POINT('',(-4.65293824399,3.112604365836));
#3239 = CARTESIAN_POINT('',(-4.63562917456,3.031879371663));
#3240 = CARTESIAN_POINT('',(-4.619391304588,2.933442326548));
#3241 = CARTESIAN_POINT('',(-4.586513422776,2.688844336525));
#3242 = CARTESIAN_POINT('',(-4.570174753821,2.535204035882));
#3243 = CARTESIAN_POINT('',(-4.555417286005,2.365335803665));
#3244 = CARTESIAN_POINT('',(-4.542218808191,2.182541691543));
#3245 = CARTESIAN_POINT('',(-4.530544060322,1.989486522033));
#3246 = CARTESIAN_POINT('',(-4.52035245919,1.788319986645));
#3247 = CARTESIAN_POINT('',(-4.511603863556,1.58076380654));
#3248 = CARTESIAN_POINT('',(-4.496909991546,1.155203806373));
#3249 = CARTESIAN_POINT('',(-4.490849857808,0.933705703324));
#3250 = CARTESIAN_POINT('',(-4.486154271669,0.705493763843));
#3251 = CARTESIAN_POINT('',(-4.482875733253,0.472442525323));
#3252 = CARTESIAN_POINT('',(-4.481047954934,0.23647088491));
#3253 = CARTESIAN_POINT('',(-4.480685633373,-4.776956311485E-04));
#3254 = CARTESIAN_POINT('',(-4.481784182572,-0.236456376552));
#3255 = CARTESIAN_POINT('',(-4.486940229272,-0.710484359862));
#3256 = CARTESIAN_POINT('',(-4.491107994961,-0.949406375729));
#3257 = CARTESIAN_POINT('',(-4.496832303964,-1.185241776629));
#3258 = CARTESIAN_POINT('',(-4.504138793185,-1.416751198739));
#3259 = CARTESIAN_POINT('',(-4.51306567188,-1.642428953024));
#3260 = CARTESIAN_POINT('',(-4.523659811396,-1.86038811282));
#3261 = CARTESIAN_POINT('',(-4.535972193396,-2.068209133716));
#3262 = CARTESIAN_POINT('',(-4.561814585262,-2.425245883938));
#3263 = CARTESIAN_POINT('',(-4.574925762177,-2.580071892646));
#3264 = CARTESIAN_POINT('',(-4.589369745821,-2.723848341833));
#3265 = CARTESIAN_POINT('',(-4.605096024887,-2.853295520489));
#3266 = CARTESIAN_POINT('',(-4.622025360611,-2.965231532846));
#3267 = CARTESIAN_POINT('',(-4.640052443274,-3.056564690659));
#3268 = CARTESIAN_POINT('',(-4.659045705958,-3.124272155617));
#3269 = CARTESIAN_POINT('',(-4.698886736151,-3.20696362949));
#3270 = CARTESIAN_POINT('',(-4.719315341721,-3.220376692533));
#3271 = CARTESIAN_POINT('',(-4.739768905929,-3.20432027626));
#3272 = CARTESIAN_POINT('',(-4.759877751862,-3.159090187189));
#3273 = CARTESIAN_POINT('',(-4.779281905646,-3.086485623359));
#3274 = CARTESIAN_POINT('',(-4.797647770493,-2.989786536821));
#3275 = CARTESIAN_POINT('',(-4.814685629981,-2.873767561807));
#3276 = CARTESIAN_POINT('',(-4.859351576254,-2.501559952544));
#3277 = CARTESIAN_POINT('',(-4.883939117737,-2.204472132264));
#3278 = CARTESIAN_POINT('',(-4.904003962039,-1.872250052817));
#3279 = CARTESIAN_POINT('',(-4.919752390582,-1.517043273524));
#3280 = CARTESIAN_POINT('',(-4.931396620191,-1.147247013016));
#3281 = CARTESIAN_POINT('',(-4.939113928879,-0.76860415298));
#3282 = CARTESIAN_POINT('',(-4.942998991671,-0.38504789869));
#3283 = CARTESIAN_POINT('',(-4.942998991671,-8.881784197001E-16));
#3284 = ( GEOMETRIC_REPRESENTATION_CONTEXT(2) 
PARAMETRIC_REPRESENTATION_CONTEXT() REPRESENTATION_CONTEXT('2D SPACE',''
  ) );
#3285 = PCURVE('',#3286,#3291);
#3286 = CYLINDRICAL_SURFACE('',#3287,3.2);
#3287 = AXIS2_PLACEMENT_3D('',#3288,#3289,#3290);
#3288 = CARTESIAN_POINT('',(0.,0.,3.5));
#3289 = DIRECTION('',(0.,0.,1.));
#3290 = DIRECTION('',(1.,0.,-0.));
#3291 = DEFINITIONAL_REPRESENTATION('',(#3292),#3358);
#3292 = B_SPLINE_CURVE_WITH_KNOTS('',8,(#3293,#3294,#3295,#3296,#3297,
    #3298,#3299,#3300,#3301,#3302,#3303,#3304,#3305,#3306,#3307,#3308,
    #3309,#3310,#3311,#3312,#3313,#3314,#3315,#3316,#3317,#3318,#3319,
    #3320,#3321,#3322,#3323,#3324,#3325,#3326,#3327,#3328,#3329,#3330,
    #3331,#3332,#3333,#3334,#3335,#3336,#3337,#3338,#3339,#3340,#3341,
    #3342,#3343,#3344,#3345,#3346,#3347,#3348,#3349,#3350,#3351,#3352,
    #3353,#3354,#3355,#3356,#3357),.UNSPECIFIED.,.F.,.F.,(9,7,7,7,7,7,7,
    7,7,9),(0.,0.124386131484,0.235189787644,0.323098531242,
    0.428392006726,0.533876163278,0.642920053207,0.734010654258,
    0.826223180201,1.),.UNSPECIFIED.);
#3293 = CARTESIAN_POINT('',(0.,76.870619970079));
#3294 = CARTESIAN_POINT('',(8.319325075078E-02,76.870619970079));
#3295 = CARTESIAN_POINT('',(0.166308065389,76.86467727542));
#3296 = CARTESIAN_POINT('',(0.249782855967,76.852810763394));
#3297 = CARTESIAN_POINT('',(0.334021262425,76.835232178971));
#3298 = CARTESIAN_POINT('',(0.419433817277,76.812354504927));
#3299 = CARTESIAN_POINT('',(0.506448079404,76.784841285902));
#3300 = CARTESIAN_POINT('',(0.595525513661,76.753680118136));
#3301 = CARTESIAN_POINT('',(0.768908225267,76.690495876295));
#3302 = CARTESIAN_POINT('',(0.853670535633,76.658574827284));
#3303 = CARTESIAN_POINT('',(0.941322082288,76.625651665308));
#3304 = CARTESIAN_POINT('',(1.031778645952,76.593281427685));
#3305 = CARTESIAN_POINT('',(1.125060236454,76.563332579362));
#3306 = CARTESIAN_POINT('',(1.221278631256,76.537842482182));
#3307 = CARTESIAN_POINT('',(1.320645475248,76.518804923791));
#3308 = CARTESIAN_POINT('',(1.505163390818,76.499205244405));
#3309 = CARTESIAN_POINT('',(1.5873410907,76.495815726978));
#3310 = CARTESIAN_POINT('',(1.669516310148,76.498229322213));
#3311 = CARTESIAN_POINT('',(1.751192729986,76.506491575766));
#3312 = CARTESIAN_POINT('',(1.831871065848,76.520084796243));
#3313 = CARTESIAN_POINT('',(1.91099567231,76.538003799893));
#3314 = CARTESIAN_POINT('',(1.987890578889,76.558938107011));
#3315 = CARTESIAN_POINT('',(2.150040347674,76.60853339085));
#3316 = CARTESIAN_POINT('',(2.235195082818,76.638286917811));
#3317 = CARTESIAN_POINT('',(2.317586904608,76.669172980712));
#3318 = CARTESIAN_POINT('',(2.397579595968,76.699835701661));
#3319 = CARTESIAN_POINT('',(2.475498574029,76.729195389988));
#3320 = CARTESIAN_POINT('',(2.551647635102,76.75642254795));
#3321 = CARTESIAN_POINT('',(2.626316825003,76.780886630859));
#3322 = CARTESIAN_POINT('',(2.773428633808,76.823392560369));
#3323 = CARTESIAN_POINT('',(2.847068301471,76.841769550684));
#3324 = CARTESIAN_POINT('',(2.920705386421,76.85652318942));
#3325 = CARTESIAN_POINT('',(2.994335571579,76.867062908633));
#3326 = CARTESIAN_POINT('',(3.067961906216,76.872991564761));
#3327 = CARTESIAN_POINT('',(3.141589062219,76.874137020756));
#3328 = CARTESIAN_POINT('',(3.215219966457,76.870559468575));
#3329 = CARTESIAN_POINT('',(3.364974578796,76.85423869968));
#3330 = CARTESIAN_POINT('',(3.441436861256,76.841153279718));
#3331 = CARTESIAN_POINT('',(3.51859423549,76.823468992485));
#3332 = CARTESIAN_POINT('',(3.596780459381,76.801511756062));
#3333 = CARTESIAN_POINT('',(3.676336986371,76.77576451377));
#3334 = CARTESIAN_POINT('',(3.75762090033,76.746917416057));
#3335 = CARTESIAN_POINT('',(3.841018756589,76.715927264874));
#3336 = CARTESIAN_POINT('',(3.998808198598,76.657452607176));
#3337 = CARTESIAN_POINT('',(4.073127065069,76.629969963719));
#3338 = CARTESIAN_POINT('',(4.149739460529,76.602538056224));
#3339 = CARTESIAN_POINT('',(4.228520412145,76.576283414236));
#3340 = CARTESIAN_POINT('',(4.309412478171,76.552461509812));
#3341 = CARTESIAN_POINT('',(4.392419489008,76.532358311756));
#3342 = CARTESIAN_POINT('',(4.477609481251,76.51717216321));
#3343 = CARTESIAN_POINT('',(4.653722082816,76.498465304769));
#3344 = CARTESIAN_POINT('',(4.742761582311,76.495297201466));
#3345 = CARTESIAN_POINT('',(4.831636586653,76.49897821856));
#3346 = CARTESIAN_POINT('',(4.919798896322,76.509485296261));
#3347 = CARTESIAN_POINT('',(5.006687758961,76.526052322393));
#3348 = CARTESIAN_POINT('',(5.091662001627,76.547301221961));
#3349 = CARTESIAN_POINT('',(5.173915014797,76.571520590998));
#3350 = CARTESIAN_POINT('',(5.400163326459,76.645001824761));
#3351 = CARTESIAN_POINT('',(5.539091206809,76.6989824188));
#3352 = CARTESIAN_POINT('',(5.671391560456,76.751531731804));
#3353 = CARTESIAN_POINT('',(5.798569337206,76.797375871939));
#3354 = CARTESIAN_POINT('',(5.922018914215,76.833495043442));
#3355 = CARTESIAN_POINT('',(6.04299584383,76.858187225697));
#3356 = CARTESIAN_POINT('',(6.162857838839,76.870619970079));
#3357 = CARTESIAN_POINT('',(6.28318530718,76.870619970079));
#3358 = ( GEOMETRIC_REPRESENTATION_CONTEXT(2) 
PARAMETRIC_REPRESENTATION_CONTEXT() REPRESENTATION_CONTEXT('2D SPACE',''
  ) );
#3359 = FACE_BOUND('',#3360,.F.);
#3360 = EDGE_LOOP('',(#3361));
#3361 = ORIENTED_EDGE('',*,*,#3362,.T.);
#3362 = EDGE_CURVE('',#3363,#3363,#3365,.T.);
#3363 = VERTEX_POINT('',#3364);
#3364 = CARTESIAN_POINT('',(3.2,-7.837739514543E-16,107.62938002992));
#3365 = SURFACE_CURVE('',#3366,(#3425,#3487),.PCURVE_S1.);
#3366 = B_SPLINE_CURVE_WITH_KNOTS('',8,(#3367,#3368,#3369,#3370,#3371,
    #3372,#3373,#3374,#3375,#3376,#3377,#3378,#3379,#3380,#3381,#3382,
    #3383,#3384,#3385,#3386,#3387,#3388,#3389,#3390,#3391,#3392,#3393,
    #3394,#3395,#3396,#3397,#3398,#3399,#3400,#3401,#3402,#3403,#3404,
    #3405,#3406,#3407,#3408,#3409,#3410,#3411,#3412,#3413,#3414,#3415,
    #3416,#3417,#3418,#3419,#3420,#3421,#3422,#3423,#3424),
  .UNSPECIFIED.,.T.,.F.,(9,7,7,7,7,7,7,7,9),(0.,0.122048951295,
    0.230770638151,0.324388560126,0.438304276604,0.563444137663,
    0.677359854163,0.817601109206,1.),.UNSPECIFIED.);
#3367 = CARTESIAN_POINT('',(3.2,-8.881784197001E-16,107.62938002992));
#3368 = CARTESIAN_POINT('',(3.2,0.266218402403,107.62938002992));
#3369 = CARTESIAN_POINT('',(3.17468895417,0.532186121033,107.63532272458
    ));
#3370 = CARTESIAN_POINT('',(3.124147458715,0.796496694163,107.6471892366
    ));
#3371 = CARTESIAN_POINT('',(3.048093963442,1.057659959358,
    107.66476782102));
#3372 = CARTESIAN_POINT('',(2.945940785484,1.31397608474,107.68764549507
    ));
#3373 = CARTESIAN_POINT('',(2.816847291225,1.563378868786,
    107.71515871409));
#3374 = CARTESIAN_POINT('',(2.659785510945,1.803231567693,
    107.74631988186));
#3375 = CARTESIAN_POINT('',(2.307808461852,2.23211684294,107.80950412371
    ));
#3376 = CARTESIAN_POINT('',(2.116872999967,2.426307939759,
    107.84142517271));
#3377 = CARTESIAN_POINT('',(1.900407976869,2.608066585483,
    107.87434833468));
#3378 = CARTESIAN_POINT('',(1.658698168586,2.772760834084,
    107.90671857231));
#3379 = CARTESIAN_POINT('',(1.39270293179,2.915698015436,107.93666742063
    ));
#3380 = CARTESIAN_POINT('',(1.104069072619,3.032103078083,
    107.96215751782));
#3381 = CARTESIAN_POINT('',(0.795217777846,3.117054728959,
    107.98119507621));
#3382 = CARTESIAN_POINT('',(0.189101204097,3.20696362949,108.00153469523
    ));
#3383 = CARTESIAN_POINT('',(-9.695373496402E-02,3.220376692533,
    108.00470279853));
#3384 = CARTESIAN_POINT('',(-0.383417340327,3.20432027626,
    108.00102178144));
#3385 = CARTESIAN_POINT('',(-0.664907492845,3.159090187189,
    107.99051470373));
#3386 = CARTESIAN_POINT('',(-0.936195801555,3.086485623359,
    107.9739476776));
#3387 = CARTESIAN_POINT('',(-1.192516700451,2.989786536822,
    107.95269877803));
#3388 = CARTESIAN_POINT('',(-1.429845205166,2.873767561807,107.928479409
    ));
#3389 = CARTESIAN_POINT('',(-1.907089123172,2.587718565615,
    107.87200761037));
#3390 = CARTESIAN_POINT('',(-2.141707295204,2.408255929467,
    107.83852537311));
#3391 = CARTESIAN_POINT('',(-2.349321857447,2.211437619029,
    107.80455779253));
#3392 = CARTESIAN_POINT('',(-2.530727965402,2.001206666774,
    107.77173094465));
#3393 = CARTESIAN_POINT('',(-2.686901024507,1.780628056544,
    107.74127465613));
#3394 = CARTESIAN_POINT('',(-2.81881050588,1.552085398449,107.7140870724
    ));
#3395 = CARTESIAN_POINT('',(-2.927291427972,1.317422072712,
    107.69082382508));
#3396 = CARTESIAN_POINT('',(-3.107029664207,0.815087354377,
    107.6512142049));
#3397 = CARTESIAN_POINT('',(-3.173595022845,0.546360707697,
    107.63576902441));
#3398 = CARTESIAN_POINT('',(-3.213281493758,0.274042558755,
    107.6262608598));
#3399 = CARTESIAN_POINT('',(-3.226468551839,-3.560840511341E-11,
    107.62305257753));
#3400 = CARTESIAN_POINT('',(-3.213281493725,-0.274042558754,
    107.6262608598));
#3401 = CARTESIAN_POINT('',(-3.173595022883,-0.546360707619,
    107.6357690244));
#3402 = CARTESIAN_POINT('',(-3.107029664189,-0.815087354428,
    107.6512142049));
#3403 = CARTESIAN_POINT('',(-2.927291427972,-1.317422072712,
    107.69082382508));
#3404 = CARTESIAN_POINT('',(-2.81881050588,-1.55208539845,107.7140870724
    ));
#3405 = CARTESIAN_POINT('',(-2.686901024507,-1.780628056544,
    107.74127465613));
#3406 = CARTESIAN_POINT('',(-2.530727965402,-2.001206666774,
    107.77173094465));
#3407 = CARTESIAN_POINT('',(-2.349321857446,-2.211437619029,
    107.80455779253));
#3408 = CARTESIAN_POINT('',(-2.141707295205,-2.408255929467,
    107.83852537311));
#3409 = CARTESIAN_POINT('',(-1.907089123171,-2.587718565615,
    107.87200761037));
#3410 = CARTESIAN_POINT('',(-1.322630286677,-2.938029710896,
    107.94116604377));
#3411 = CARTESIAN_POINT('',(-0.94696314056,-3.104334661583,
    107.97694904051));
#3412 = CARTESIAN_POINT('',(-0.530183114868,-3.219012011613,
    108.00402159422));
#3413 = CARTESIAN_POINT('',(-8.963495803298E-02,-3.267318027312,
    108.01618020166));
#3414 = CARTESIAN_POINT('',(0.353915642668,-3.243785418603,
    108.01007034093));
#3415 = CARTESIAN_POINT('',(0.779518028162,-3.151719819768,
    107.98791515241));
#3416 = CARTESIAN_POINT('',(1.168822689398,-3.003693079389,
    107.95530610663));
#3417 = CARTESIAN_POINT('',(1.950216974087,-2.586029132655,
    107.87061954814));
#3418 = CARTESIAN_POINT('',(2.321174439097,-2.286147311184,
    107.81420330687));
#3419 = CARTESIAN_POINT('',(2.621819227221,-1.945223212332,
    107.75807265273));
#3420 = CARTESIAN_POINT('',(2.856234942079,-1.577781272168,
    107.70867302539));
#3421 = CARTESIAN_POINT('',(3.028629687443,-1.193892072418,
    107.66961122645));
#3422 = CARTESIAN_POINT('',(3.142576630486,-0.800156433388,
    107.64286318226));
#3423 = CARTESIAN_POINT('',(3.2,-0.400983687082,107.62938002992));
#3424 = CARTESIAN_POINT('',(3.2,-8.881784197001E-16,107.62938002992));
#3425 = PCURVE('',#1610,#3426);
#3426 = DEFINITIONAL_REPRESENTATION('',(#3427),#3486);
#3427 = B_SPLINE_CURVE_WITH_KNOTS('',8,(#3428,#3429,#3430,#3431,#3432,
    #3433,#3434,#3435,#3436,#3437,#3438,#3439,#3440,#3441,#3442,#3443,
    #3444,#3445,#3446,#3447,#3448,#3449,#3450,#3451,#3452,#3453,#3454,
    #3455,#3456,#3457,#3458,#3459,#3460,#3461,#3462,#3463,#3464,#3465,
    #3466,#3467,#3468,#3469,#3470,#3471,#3472,#3473,#3474,#3475,#3476,
    #3477,#3478,#3479,#3480,#3481,#3482,#3483,#3484,#3485),
  .UNSPECIFIED.,.F.,.F.,(9,7,7,7,7,7,7,7,9),(0.,0.122048951295,
    0.230770638151,0.324388560126,0.438304276604,0.563444137663,
    0.677359854163,0.817601109206,1.),.UNSPECIFIED.);
#3428 = CARTESIAN_POINT('',(-7.623371622688,-8.881784197001E-16));
#3429 = CARTESIAN_POINT('',(-7.623371622688,0.266218402403));
#3430 = CARTESIAN_POINT('',(-7.625228715499,0.532186121033));
#3431 = CARTESIAN_POINT('',(-7.628936997962,0.796496694163));
#3432 = CARTESIAN_POINT('',(-7.634512564088,1.057659959358));
#3433 = CARTESIAN_POINT('',(-7.64198958492,1.31397608474));
#3434 = CARTESIAN_POINT('',(-7.651416458662,1.563378868786));
#3435 = CARTESIAN_POINT('',(-7.662851925515,1.803231567693));
#3436 = CARTESIAN_POINT('',(-7.688395015509,2.23211684294));
#3437 = CARTESIAN_POINT('',(-7.7022215569,2.426307939759));
#3438 = CARTESIAN_POINT('',(-7.717858230483,2.608066585483));
#3439 = CARTESIAN_POINT('',(-7.735271435945,2.772760834084));
#3440 = CARTESIAN_POINT('',(-7.7543815831,2.915698015436));
#3441 = CARTESIAN_POINT('',(-7.775066979197,3.032103078083));
#3442 = CARTESIAN_POINT('',(-7.797160979112,3.117054728959));
#3443 = CARTESIAN_POINT('',(-7.840479389741,3.20696362949));
#3444 = CARTESIAN_POINT('',(-7.860907995311,3.220376692533));
#3445 = CARTESIAN_POINT('',(-7.881361559519,3.20432027626));
#3446 = CARTESIAN_POINT('',(-7.901470405452,3.159090187189));
#3447 = CARTESIAN_POINT('',(-7.920874559235,3.086485623359));
#3448 = CARTESIAN_POINT('',(-7.939240424083,2.989786536822));
#3449 = CARTESIAN_POINT('',(-7.956278283571,2.873767561807));
#3450 = CARTESIAN_POINT('',(-7.990604957119,2.587718565615));
#3451 = CARTESIAN_POINT('',(-8.007528320933,2.408255929467));
#3452 = CARTESIAN_POINT('',(-8.022550512059,2.211437619029));
#3453 = CARTESIAN_POINT('',(-8.035715665901,2.001206666774));
#3454 = CARTESIAN_POINT('',(-8.047079656475,1.780628056544));
#3455 = CARTESIAN_POINT('',(-8.056699270093,1.552085398449));
#3456 = CARTESIAN_POINT('',(-8.064623950146,1.317422072712));
#3457 = CARTESIAN_POINT('',(-8.077770447231,0.815087354377));
#3458 = CARTESIAN_POINT('',(-8.082651130853,0.546360707697));
#3459 = CARTESIAN_POINT('',(-8.085566103458,0.274042558755));
#3460 = CARTESIAN_POINT('',(-8.086535575318,-3.560840511341E-11));
#3461 = CARTESIAN_POINT('',(-8.085566103455,-0.274042558754));
#3462 = CARTESIAN_POINT('',(-8.082651130856,-0.546360707619));
#3463 = CARTESIAN_POINT('',(-8.07777044723,-0.815087354428));
#3464 = CARTESIAN_POINT('',(-8.064623950146,-1.317422072712));
#3465 = CARTESIAN_POINT('',(-8.056699270093,-1.55208539845));
#3466 = CARTESIAN_POINT('',(-8.047079656475,-1.780628056544));
#3467 = CARTESIAN_POINT('',(-8.035715665901,-2.001206666774));
#3468 = CARTESIAN_POINT('',(-8.022550512059,-2.211437619029));
#3469 = CARTESIAN_POINT('',(-8.007528320933,-2.408255929467));
#3470 = CARTESIAN_POINT('',(-7.990604957119,-2.587718565615));
#3471 = CARTESIAN_POINT('',(-7.948566647303,-2.938029710896));
#3472 = CARTESIAN_POINT('',(-7.921618949082,-3.104334661583));
#3473 = CARTESIAN_POINT('',(-7.89180831485,-3.219012011613));
#3474 = CARTESIAN_POINT('',(-7.860375550473,-3.267318027312));
#3475 = CARTESIAN_POINT('',(-7.828739732942,-3.243785418603));
#3476 = CARTESIAN_POINT('',(-7.798323227226,-3.151719819768));
#3477 = CARTESIAN_POINT('',(-7.770426782907,-3.003693079389));
#3478 = CARTESIAN_POINT('',(-7.714286068602,-2.586029132655));
#3479 = CARTESIAN_POINT('',(-7.687509199569,-2.286147311184));
#3480 = CARTESIAN_POINT('',(-7.66567869056,-1.945223212332));
#3481 = CARTESIAN_POINT('',(-7.648570472976,-1.577781272168));
#3482 = CARTESIAN_POINT('',(-7.635945287249,-1.193892072418));
#3483 = CARTESIAN_POINT('',(-7.627584812594,-0.800156433388));
#3484 = CARTESIAN_POINT('',(-7.623371622688,-0.400983687082));
#3485 = CARTESIAN_POINT('',(-7.623371622688,-8.881784197001E-16));
#3486 = ( GEOMETRIC_REPRESENTATION_CONTEXT(2) 
PARAMETRIC_REPRESENTATION_CONTEXT() REPRESENTATION_CONTEXT('2D SPACE',''
  ) );
#3487 = PCURVE('',#3286,#3488);
#3488 = DEFINITIONAL_REPRESENTATION('',(#3489),#3548);
#3489 = B_SPLINE_CURVE_WITH_KNOTS('',8,(#3490,#3491,#3492,#3493,#3494,
    #3495,#3496,#3497,#3498,#3499,#3500,#3501,#3502,#3503,#3504,#3505,
    #3506,#3507,#3508,#3509,#3510,#3511,#3512,#3513,#3514,#3515,#3516,
    #3517,#3518,#3519,#3520,#3521,#3522,#3523,#3524,#3525,#3526,#3527,
    #3528,#3529,#3530,#3531,#3532,#3533,#3534,#3535,#3536,#3537,#3538,
    #3539,#3540,#3541,#3542,#3543,#3544,#3545,#3546,#3547),
  .UNSPECIFIED.,.F.,.F.,(9,7,7,7,7,7,7,7,9),(0.,0.122048951295,
    0.230770638151,0.324388560126,0.438304276604,0.563444137663,
    0.677359854163,0.817601109206,1.),.UNSPECIFIED.);
#3490 = CARTESIAN_POINT('',(0.,104.12938002992));
#3491 = CARTESIAN_POINT('',(8.319325075081E-02,104.12938002992));
#3492 = CARTESIAN_POINT('',(0.166308065389,104.13532272458));
#3493 = CARTESIAN_POINT('',(0.249782855967,104.1471892366));
#3494 = CARTESIAN_POINT('',(0.334021262425,104.16476782102));
#3495 = CARTESIAN_POINT('',(0.419433817277,104.18764549507));
#3496 = CARTESIAN_POINT('',(0.506448079404,104.21515871409));
#3497 = CARTESIAN_POINT('',(0.595525513661,104.24631988186));
#3498 = CARTESIAN_POINT('',(0.768908225281,104.30950412371));
#3499 = CARTESIAN_POINT('',(0.853670535636,104.34142517271));
#3500 = CARTESIAN_POINT('',(0.94132208228,104.37434833468));
#3501 = CARTESIAN_POINT('',(1.03177864594,104.40671857231));
#3502 = CARTESIAN_POINT('',(1.125060236448,104.43666742063));
#3503 = CARTESIAN_POINT('',(1.221278631262,104.46215751782));
#3504 = CARTESIAN_POINT('',(1.320645475262,104.48119507621));
#3505 = CARTESIAN_POINT('',(1.512129429226,104.50153469523));
#3506 = CARTESIAN_POINT('',(1.601168928721,104.50470279853));
#3507 = CARTESIAN_POINT('',(1.690043933064,104.50102178144));
#3508 = CARTESIAN_POINT('',(1.778206242733,104.49051470373));
#3509 = CARTESIAN_POINT('',(1.865095105371,104.4739476776));
#3510 = CARTESIAN_POINT('',(1.950069348037,104.45269877803));
#3511 = CARTESIAN_POINT('',(2.032322361207,104.428479409));
#3512 = CARTESIAN_POINT('',(2.206198716313,104.37200761037));
#3513 = CARTESIAN_POINT('',(2.297917906868,104.33852537311));
#3514 = CARTESIAN_POINT('',(2.386511279908,104.30455779253));
#3515 = CARTESIAN_POINT('',(2.472452527642,104.27173094465));
#3516 = CARTESIAN_POINT('',(2.556169434872,104.24127465613));
#3517 = CARTESIAN_POINT('',(2.638066077923,104.2140870724));
#3518 = CARTESIAN_POINT('',(2.718532159011,104.19082382508));
#3519 = CARTESIAN_POINT('',(2.885257865522,104.1512142049));
#3520 = CARTESIAN_POINT('',(2.971333846759,104.13576902441));
#3521 = CARTESIAN_POINT('',(3.056649859203,104.1262608598));
#3522 = CARTESIAN_POINT('',(3.141592653602,104.12305257753));
#3523 = CARTESIAN_POINT('',(3.226535447976,104.1262608598));
#3524 = CARTESIAN_POINT('',(3.311851460395,104.1357690244));
#3525 = CARTESIAN_POINT('',(3.397927441674,104.1512142049));
#3526 = CARTESIAN_POINT('',(3.564653148169,104.19082382508));
#3527 = CARTESIAN_POINT('',(3.645119229257,104.2140870724));
#3528 = CARTESIAN_POINT('',(3.727015872308,104.24127465613));
#3529 = CARTESIAN_POINT('',(3.810732779538,104.27173094465));
#3530 = CARTESIAN_POINT('',(3.896674027271,104.30455779253));
#3531 = CARTESIAN_POINT('',(3.985267400312,104.33852537311));
#3532 = CARTESIAN_POINT('',(4.076986590867,104.37200761037));
#3533 = CARTESIAN_POINT('',(4.289925024161,104.44116604377));
#3534 = CARTESIAN_POINT('',(4.417338378158,104.47694904051));
#3535 = CARTESIAN_POINT('',(4.549939278415,104.50402159422));
#3536 = CARTESIAN_POINT('',(4.684979739479,104.51618020166));
#3537 = CARTESIAN_POINT('',(4.820305709244,104.51007034093));
#3538 = CARTESIAN_POINT('',(4.953812458668,104.48791515241));
#3539 = CARTESIAN_POINT('',(5.082912353753,104.45530610663));
#3540 = CARTESIAN_POINT('',(5.359791621593,104.37061954814));
#3541 = CARTESIAN_POINT('',(5.506204797008,104.31420330687));
#3542 = CARTESIAN_POINT('',(5.645121519898,104.25807265273));
#3543 = CARTESIAN_POINT('',(5.778239755154,104.20867302539));
#3544 = CARTESIAN_POINT('',(5.907099683804,104.16961122645));
#3545 = CARTESIAN_POINT('',(6.033135608465,104.14286318226));
#3546 = CARTESIAN_POINT('',(6.157877904967,104.12938002992));
#3547 = CARTESIAN_POINT('',(6.28318530718,104.12938002992));
#3548 = ( GEOMETRIC_REPRESENTATION_CONTEXT(2) 
PARAMETRIC_REPRESENTATION_CONTEXT() REPRESENTATION_CONTEXT('2D SPACE',''
  ) );
#3549 = ADVANCED_FACE('',(#3550),#1582,.F.);
#3550 = FACE_BOUND('',#3551,.F.);
#3551 = EDGE_LOOP('',(#3552,#3582,#3603,#3604,#3605,#3628,#3656,#3684,
    #3712,#3738,#3764,#3792,#3818,#3844));
#3552 = ORIENTED_EDGE('',*,*,#3553,.F.);
#3553 = EDGE_CURVE('',#3554,#3556,#3558,.T.);
#3554 = VERTEX_POINT('',#3555);
#3555 = CARTESIAN_POINT('',(-17.,6.,84.));
#3556 = VERTEX_POINT('',#3557);
#3557 = CARTESIAN_POINT('',(-15.5,6.,84.));
#3558 = SURFACE_CURVE('',#3559,(#3563,#3570),.PCURVE_S1.);
#3559 = LINE('',#3560,#3561);
#3560 = CARTESIAN_POINT('',(-17.,6.,84.));
#3561 = VECTOR('',#3562,1.);
#3562 = DIRECTION('',(1.,0.,0.));
#3563 = PCURVE('',#1582,#3564);
#3564 = DEFINITIONAL_REPRESENTATION('',(#3565),#3569);
#3565 = LINE('',#3566,#3567);
#3566 = CARTESIAN_POINT('',(0.,3.5));
#3567 = VECTOR('',#3568,1.);
#3568 = DIRECTION('',(1.,0.));
#3569 = ( GEOMETRIC_REPRESENTATION_CONTEXT(2) 
PARAMETRIC_REPRESENTATION_CONTEXT() REPRESENTATION_CONTEXT('2D SPACE',''
  ) );
#3570 = PCURVE('',#3571,#3576);
#3571 = PLANE('',#3572);
#3572 = AXIS2_PLACEMENT_3D('',#3573,#3574,#3575);
#3573 = CARTESIAN_POINT('',(-17.,6.,84.));
#3574 = DIRECTION('',(0.,1.,0.));
#3575 = DIRECTION('',(0.,0.,1.));
#3576 = DEFINITIONAL_REPRESENTATION('',(#3577),#3581);
#3577 = LINE('',#3578,#3579);
#3578 = CARTESIAN_POINT('',(0.,0.));
#3579 = VECTOR('',#3580,1.);
#3580 = DIRECTION('',(0.,1.));
#3581 = ( GEOMETRIC_REPRESENTATION_CONTEXT(2) 
PARAMETRIC_REPRESENTATION_CONTEXT() REPRESENTATION_CONTEXT('2D SPACE',''
  ) );
#3582 = ORIENTED_EDGE('',*,*,#3583,.F.);
#3583 = EDGE_CURVE('',#1542,#3554,#3584,.T.);
#3584 = SURFACE_CURVE('',#3585,(#3589,#3596),.PCURVE_S1.);
#3585 = LINE('',#3586,#3587);
#3586 = CARTESIAN_POINT('',(-17.,2.5,84.));
#3587 = VECTOR('',#3588,1.);
#3588 = DIRECTION('',(0.,1.,0.));
#3589 = PCURVE('',#1582,#3590);
#3590 = DEFINITIONAL_REPRESENTATION('',(#3591),#3595);
#3591 = LINE('',#3592,#3593);
#3592 = CARTESIAN_POINT('',(0.,0.));
#3593 = VECTOR('',#3594,1.);
#3594 = DIRECTION('',(0.,1.));
#3595 = ( GEOMETRIC_REPRESENTATION_CONTEXT(2) 
PARAMETRIC_REPRESENTATION_CONTEXT() REPRESENTATION_CONTEXT('2D SPACE',''
  ) );
#3596 = PCURVE('',#1556,#3597);
#3597 = DEFINITIONAL_REPRESENTATION('',(#3598),#3602);
#3598 = LINE('',#3599,#3600);
#3599 = CARTESIAN_POINT('',(0.,0.));
#3600 = VECTOR('',#3601,1.);
#3601 = DIRECTION('',(0.,-1.));
#3602 = ( GEOMETRIC_REPRESENTATION_CONTEXT(2) 
PARAMETRIC_REPRESENTATION_CONTEXT() REPRESENTATION_CONTEXT('2D SPACE',''
  ) );
#3603 = ORIENTED_EDGE('',*,*,#1567,.T.);
#3604 = ORIENTED_EDGE('',*,*,#3124,.F.);
#3605 = ORIENTED_EDGE('',*,*,#3606,.T.);
#3606 = EDGE_CURVE('',#3096,#3607,#3609,.T.);
#3607 = VERTEX_POINT('',#3608);
#3608 = CARTESIAN_POINT('',(17.,2.5,84.));
#3609 = SURFACE_CURVE('',#3610,(#3614,#3621),.PCURVE_S1.);
#3610 = LINE('',#3611,#3612);
#3611 = CARTESIAN_POINT('',(-17.,2.5,84.));
#3612 = VECTOR('',#3613,1.);
#3613 = DIRECTION('',(1.,0.,0.));
#3614 = PCURVE('',#1582,#3615);
#3615 = DEFINITIONAL_REPRESENTATION('',(#3616),#3620);
#3616 = LINE('',#3617,#3618);
#3617 = CARTESIAN_POINT('',(0.,0.));
#3618 = VECTOR('',#3619,1.);
#3619 = DIRECTION('',(1.,0.));
#3620 = ( GEOMETRIC_REPRESENTATION_CONTEXT(2) 
PARAMETRIC_REPRESENTATION_CONTEXT() REPRESENTATION_CONTEXT('2D SPACE',''
  ) );
#3621 = PCURVE('',#3112,#3622);
#3622 = DEFINITIONAL_REPRESENTATION('',(#3623),#3627);
#3623 = LINE('',#3624,#3625);
#3624 = CARTESIAN_POINT('',(0.,0.));
#3625 = VECTOR('',#3626,1.);
#3626 = DIRECTION('',(0.,1.));
#3627 = ( GEOMETRIC_REPRESENTATION_CONTEXT(2) 
PARAMETRIC_REPRESENTATION_CONTEXT() REPRESENTATION_CONTEXT('2D SPACE',''
  ) );
#3628 = ORIENTED_EDGE('',*,*,#3629,.T.);
#3629 = EDGE_CURVE('',#3607,#3630,#3632,.T.);
#3630 = VERTEX_POINT('',#3631);
#3631 = CARTESIAN_POINT('',(17.,6.,84.));
#3632 = SURFACE_CURVE('',#3633,(#3637,#3644),.PCURVE_S1.);
#3633 = LINE('',#3634,#3635);
#3634 = CARTESIAN_POINT('',(17.,2.5,84.));
#3635 = VECTOR('',#3636,1.);
#3636 = DIRECTION('',(0.,1.,0.));
#3637 = PCURVE('',#1582,#3638);
#3638 = DEFINITIONAL_REPRESENTATION('',(#3639),#3643);
#3639 = LINE('',#3640,#3641);
#3640 = CARTESIAN_POINT('',(34.,0.));
#3641 = VECTOR('',#3642,1.);
#3642 = DIRECTION('',(0.,1.));
#3643 = ( GEOMETRIC_REPRESENTATION_CONTEXT(2) 
PARAMETRIC_REPRESENTATION_CONTEXT() REPRESENTATION_CONTEXT('2D SPACE',''
  ) );
#3644 = PCURVE('',#3645,#3650);
#3645 = PLANE('',#3646);
#3646 = AXIS2_PLACEMENT_3D('',#3647,#3648,#3649);
#3647 = CARTESIAN_POINT('',(17.,2.5,84.));
#3648 = DIRECTION('',(1.,0.,0.));
#3649 = DIRECTION('',(0.,0.,1.));
#3650 = DEFINITIONAL_REPRESENTATION('',(#3651),#3655);
#3651 = LINE('',#3652,#3653);
#3652 = CARTESIAN_POINT('',(0.,0.));
#3653 = VECTOR('',#3654,1.);
#3654 = DIRECTION('',(0.,-1.));
#3655 = ( GEOMETRIC_REPRESENTATION_CONTEXT(2) 
PARAMETRIC_REPRESENTATION_CONTEXT() REPRESENTATION_CONTEXT('2D SPACE',''
  ) );
#3656 = ORIENTED_EDGE('',*,*,#3657,.F.);
#3657 = EDGE_CURVE('',#3658,#3630,#3660,.T.);
#3658 = VERTEX_POINT('',#3659);
#3659 = CARTESIAN_POINT('',(15.5,6.,84.));
#3660 = SURFACE_CURVE('',#3661,(#3665,#3672),.PCURVE_S1.);
#3661 = LINE('',#3662,#3663);
#3662 = CARTESIAN_POINT('',(-17.,6.,84.));
#3663 = VECTOR('',#3664,1.);
#3664 = DIRECTION('',(1.,0.,0.));
#3665 = PCURVE('',#1582,#3666);
#3666 = DEFINITIONAL_REPRESENTATION('',(#3667),#3671);
#3667 = LINE('',#3668,#3669);
#3668 = CARTESIAN_POINT('',(0.,3.5));
#3669 = VECTOR('',#3670,1.);
#3670 = DIRECTION('',(1.,0.));
#3671 = ( GEOMETRIC_REPRESENTATION_CONTEXT(2) 
PARAMETRIC_REPRESENTATION_CONTEXT() REPRESENTATION_CONTEXT('2D SPACE',''
  ) );
#3672 = PCURVE('',#3673,#3678);
#3673 = PLANE('',#3674);
#3674 = AXIS2_PLACEMENT_3D('',#3675,#3676,#3677);
#3675 = CARTESIAN_POINT('',(-17.,6.,84.));
#3676 = DIRECTION('',(0.,1.,0.));
#3677 = DIRECTION('',(0.,0.,1.));
#3678 = DEFINITIONAL_REPRESENTATION('',(#3679),#3683);
#3679 = LINE('',#3680,#3681);
#3680 = CARTESIAN_POINT('',(0.,0.));
#3681 = VECTOR('',#3682,1.);
#3682 = DIRECTION('',(0.,1.));
#3683 = ( GEOMETRIC_REPRESENTATION_CONTEXT(2) 
PARAMETRIC_REPRESENTATION_CONTEXT() REPRESENTATION_CONTEXT('2D SPACE',''
  ) );
#3684 = ORIENTED_EDGE('',*,*,#3685,.T.);
#3685 = EDGE_CURVE('',#3658,#3686,#3688,.T.);
#3686 = VERTEX_POINT('',#3687);
#3687 = CARTESIAN_POINT('',(15.5,14.,84.));
#3688 = SURFACE_CURVE('',#3689,(#3693,#3700),.PCURVE_S1.);
#3689 = LINE('',#3690,#3691);
#3690 = CARTESIAN_POINT('',(15.5,2.5,84.));
#3691 = VECTOR('',#3692,1.);
#3692 = DIRECTION('',(0.,1.,0.));
#3693 = PCURVE('',#1582,#3694);
#3694 = DEFINITIONAL_REPRESENTATION('',(#3695),#3699);
#3695 = LINE('',#3696,#3697);
#3696 = CARTESIAN_POINT('',(32.5,0.));
#3697 = VECTOR('',#3698,1.);
#3698 = DIRECTION('',(0.,1.));
#3699 = ( GEOMETRIC_REPRESENTATION_CONTEXT(2) 
PARAMETRIC_REPRESENTATION_CONTEXT() REPRESENTATION_CONTEXT('2D SPACE',''
  ) );
#3700 = PCURVE('',#3701,#3706);
#3701 = PLANE('',#3702);
#3702 = AXIS2_PLACEMENT_3D('',#3703,#3704,#3705);
#3703 = CARTESIAN_POINT('',(15.5,2.5,84.));
#3704 = DIRECTION('',(1.,0.,0.));
#3705 = DIRECTION('',(0.,0.,1.));
#3706 = DEFINITIONAL_REPRESENTATION('',(#3707),#3711);
#3707 = LINE('',#3708,#3709);
#3708 = CARTESIAN_POINT('',(0.,0.));
#3709 = VECTOR('',#3710,1.);
#3710 = DIRECTION('',(0.,-1.));
#3711 = ( GEOMETRIC_REPRESENTATION_CONTEXT(2) 
PARAMETRIC_REPRESENTATION_CONTEXT() REPRESENTATION_CONTEXT('2D SPACE',''
  ) );
#3712 = ORIENTED_EDGE('',*,*,#3713,.T.);
#3713 = EDGE_CURVE('',#3686,#3714,#3716,.T.);
#3714 = VERTEX_POINT('',#3715);
#3715 = CARTESIAN_POINT('',(13.291900756452,14.,84.));
#3716 = SURFACE_CURVE('',#3717,(#3721,#3727),.PCURVE_S1.);
#3717 = LINE('',#3718,#3719);
#3718 = CARTESIAN_POINT('',(0.,14.,84.));
#3719 = VECTOR('',#3720,1.);
#3720 = DIRECTION('',(-1.,0.,0.));
#3721 = PCURVE('',#1582,#3722);
#3722 = DEFINITIONAL_REPRESENTATION('',(#3723),#3726);
#3723 = B_SPLINE_CURVE_WITH_KNOTS('',1,(#3724,#3725),.UNSPECIFIED.,.F.,
  .F.,(2,2),(-17.,-13.),.PIECEWISE_BEZIER_KNOTS.);
#3724 = CARTESIAN_POINT('',(34.,11.5));
#3725 = CARTESIAN_POINT('',(30.,11.5));
#3726 = ( GEOMETRIC_REPRESENTATION_CONTEXT(2) 
PARAMETRIC_REPRESENTATION_CONTEXT() REPRESENTATION_CONTEXT('2D SPACE',''
  ) );
#3727 = PCURVE('',#3728,#3733);
#3728 = PLANE('',#3729);
#3729 = AXIS2_PLACEMENT_3D('',#3730,#3731,#3732);
#3730 = CARTESIAN_POINT('',(17.,14.,85.5));
#3731 = DIRECTION('',(0.,1.,0.));
#3732 = DIRECTION('',(0.,-0.,1.));
#3733 = DEFINITIONAL_REPRESENTATION('',(#3734),#3737);
#3734 = B_SPLINE_CURVE_WITH_KNOTS('',1,(#3735,#3736),.UNSPECIFIED.,.F.,
  .F.,(2,2),(-17.,-13.),.PIECEWISE_BEZIER_KNOTS.);
#3735 = CARTESIAN_POINT('',(-1.5,0.));
#3736 = CARTESIAN_POINT('',(-1.5,-4.));
#3737 = ( GEOMETRIC_REPRESENTATION_CONTEXT(2) 
PARAMETRIC_REPRESENTATION_CONTEXT() REPRESENTATION_CONTEXT('2D SPACE',''
  ) );
#3738 = ORIENTED_EDGE('',*,*,#3739,.T.);
#3739 = EDGE_CURVE('',#3714,#3740,#3742,.T.);
#3740 = VERTEX_POINT('',#3741);
#3741 = CARTESIAN_POINT('',(13.291900756452,24.,84.));
#3742 = SURFACE_CURVE('',#3743,(#3747,#3753),.PCURVE_S1.);
#3743 = LINE('',#3744,#3745);
#3744 = CARTESIAN_POINT('',(13.291900756452,14.,84.));
#3745 = VECTOR('',#3746,1.);
#3746 = DIRECTION('',(0.,1.,0.));
#3747 = PCURVE('',#1582,#3748);
#3748 = DEFINITIONAL_REPRESENTATION('',(#3749),#3752);
#3749 = B_SPLINE_CURVE_WITH_KNOTS('',1,(#3750,#3751),.UNSPECIFIED.,.F.,
  .F.,(2,2),(-5.999999999062E-07,10.0000006),.PIECEWISE_BEZIER_KNOTS.);
#3750 = CARTESIAN_POINT('',(30.291900756452,11.4999994));
#3751 = CARTESIAN_POINT('',(30.291900756452,21.5000006));
#3752 = ( GEOMETRIC_REPRESENTATION_CONTEXT(2) 
PARAMETRIC_REPRESENTATION_CONTEXT() REPRESENTATION_CONTEXT('2D SPACE',''
  ) );
#3753 = PCURVE('',#3754,#3759);
#3754 = CYLINDRICAL_SURFACE('',#3755,4.);
#3755 = AXIS2_PLACEMENT_3D('',#3756,#3757,#3758);
#3756 = CARTESIAN_POINT('',(17.,14.,85.5));
#3757 = DIRECTION('',(0.,1.,0.));
#3758 = DIRECTION('',(0.,-0.,1.));
#3759 = DEFINITIONAL_REPRESENTATION('',(#3760),#3763);
#3760 = B_SPLINE_CURVE_WITH_KNOTS('',1,(#3761,#3762),.UNSPECIFIED.,.F.,
  .F.,(2,2),(0.,10.),.PIECEWISE_BEZIER_KNOTS.);
#3761 = CARTESIAN_POINT('',(10.611177513069,0.));
#3762 = CARTESIAN_POINT('',(10.611177513069,10.));
#3763 = ( GEOMETRIC_REPRESENTATION_CONTEXT(2) 
PARAMETRIC_REPRESENTATION_CONTEXT() REPRESENTATION_CONTEXT('2D SPACE',''
  ) );
#3764 = ORIENTED_EDGE('',*,*,#3765,.F.);
#3765 = EDGE_CURVE('',#3766,#3740,#3768,.T.);
#3766 = VERTEX_POINT('',#3767);
#3767 = CARTESIAN_POINT('',(-13.29190075645,24.,84.));
#3768 = SURFACE_CURVE('',#3769,(#3773,#3780),.PCURVE_S1.);
#3769 = LINE('',#3770,#3771);
#3770 = CARTESIAN_POINT('',(-15.5,24.,84.));
#3771 = VECTOR('',#3772,1.);
#3772 = DIRECTION('',(1.,0.,0.));
#3773 = PCURVE('',#1582,#3774);
#3774 = DEFINITIONAL_REPRESENTATION('',(#3775),#3779);
#3775 = LINE('',#3776,#3777);
#3776 = CARTESIAN_POINT('',(1.5,21.5));
#3777 = VECTOR('',#3778,1.);
#3778 = DIRECTION('',(1.,0.));
#3779 = ( GEOMETRIC_REPRESENTATION_CONTEXT(2) 
PARAMETRIC_REPRESENTATION_CONTEXT() REPRESENTATION_CONTEXT('2D SPACE',''
  ) );
#3780 = PCURVE('',#3781,#3786);
#3781 = PLANE('',#3782);
#3782 = AXIS2_PLACEMENT_3D('',#3783,#3784,#3785);
#3783 = CARTESIAN_POINT('',(-15.5,24.,84.));
#3784 = DIRECTION('',(0.,1.,0.));
#3785 = DIRECTION('',(0.,0.,1.));
#3786 = DEFINITIONAL_REPRESENTATION('',(#3787),#3791);
#3787 = LINE('',#3788,#3789);
#3788 = CARTESIAN_POINT('',(0.,0.));
#3789 = VECTOR('',#3790,1.);
#3790 = DIRECTION('',(0.,1.));
#3791 = ( GEOMETRIC_REPRESENTATION_CONTEXT(2) 
PARAMETRIC_REPRESENTATION_CONTEXT() REPRESENTATION_CONTEXT('2D SPACE',''
  ) );
#3792 = ORIENTED_EDGE('',*,*,#3793,.F.);
#3793 = EDGE_CURVE('',#3794,#3766,#3796,.T.);
#3794 = VERTEX_POINT('',#3795);
#3795 = CARTESIAN_POINT('',(-13.29190075645,14.,84.));
#3796 = SURFACE_CURVE('',#3797,(#3801,#3807),.PCURVE_S1.);
#3797 = LINE('',#3798,#3799);
#3798 = CARTESIAN_POINT('',(-13.29190075645,14.,84.));
#3799 = VECTOR('',#3800,1.);
#3800 = DIRECTION('',(0.,1.,0.));
#3801 = PCURVE('',#1582,#3802);
#3802 = DEFINITIONAL_REPRESENTATION('',(#3803),#3806);
#3803 = B_SPLINE_CURVE_WITH_KNOTS('',1,(#3804,#3805),.UNSPECIFIED.,.F.,
  .F.,(2,2),(-5.999999999062E-07,10.0000006),.PIECEWISE_BEZIER_KNOTS.);
#3804 = CARTESIAN_POINT('',(3.708099243548,11.4999994));
#3805 = CARTESIAN_POINT('',(3.708099243548,21.5000006));
#3806 = ( GEOMETRIC_REPRESENTATION_CONTEXT(2) 
PARAMETRIC_REPRESENTATION_CONTEXT() REPRESENTATION_CONTEXT('2D SPACE',''
  ) );
#3807 = PCURVE('',#3808,#3813);
#3808 = CYLINDRICAL_SURFACE('',#3809,4.);
#3809 = AXIS2_PLACEMENT_3D('',#3810,#3811,#3812);
#3810 = CARTESIAN_POINT('',(-17.,14.,85.5));
#3811 = DIRECTION('',(0.,1.,0.));
#3812 = DIRECTION('',(0.,-0.,1.));
#3813 = DEFINITIONAL_REPRESENTATION('',(#3814),#3817);
#3814 = B_SPLINE_CURVE_WITH_KNOTS('',1,(#3815,#3816),.UNSPECIFIED.,.F.,
  .F.,(2,2),(0.,10.),.PIECEWISE_BEZIER_KNOTS.);
#3815 = CARTESIAN_POINT('',(1.955193101291,0.));
#3816 = CARTESIAN_POINT('',(1.955193101291,10.));
#3817 = ( GEOMETRIC_REPRESENTATION_CONTEXT(2) 
PARAMETRIC_REPRESENTATION_CONTEXT() REPRESENTATION_CONTEXT('2D SPACE',''
  ) );
#3818 = ORIENTED_EDGE('',*,*,#3819,.T.);
#3819 = EDGE_CURVE('',#3794,#3820,#3822,.T.);
#3820 = VERTEX_POINT('',#3821);
#3821 = CARTESIAN_POINT('',(-15.5,14.,84.));
#3822 = SURFACE_CURVE('',#3823,(#3827,#3833),.PCURVE_S1.);
#3823 = LINE('',#3824,#3825);
#3824 = CARTESIAN_POINT('',(-17.,14.,84.));
#3825 = VECTOR('',#3826,1.);
#3826 = DIRECTION('',(-1.,0.,0.));
#3827 = PCURVE('',#1582,#3828);
#3828 = DEFINITIONAL_REPRESENTATION('',(#3829),#3832);
#3829 = B_SPLINE_CURVE_WITH_KNOTS('',1,(#3830,#3831),.UNSPECIFIED.,.F.,
  .F.,(2,2),(-4.,0.),.PIECEWISE_BEZIER_KNOTS.);
#3830 = CARTESIAN_POINT('',(4.,11.5));
#3831 = CARTESIAN_POINT('',(0.,11.5));
#3832 = ( GEOMETRIC_REPRESENTATION_CONTEXT(2) 
PARAMETRIC_REPRESENTATION_CONTEXT() REPRESENTATION_CONTEXT('2D SPACE',''
  ) );
#3833 = PCURVE('',#3834,#3839);
#3834 = PLANE('',#3835);
#3835 = AXIS2_PLACEMENT_3D('',#3836,#3837,#3838);
#3836 = CARTESIAN_POINT('',(-17.,14.,85.5));
#3837 = DIRECTION('',(0.,1.,0.));
#3838 = DIRECTION('',(0.,-0.,1.));
#3839 = DEFINITIONAL_REPRESENTATION('',(#3840),#3843);
#3840 = B_SPLINE_CURVE_WITH_KNOTS('',1,(#3841,#3842),.UNSPECIFIED.,.F.,
  .F.,(2,2),(-4.,0.),.PIECEWISE_BEZIER_KNOTS.);
#3841 = CARTESIAN_POINT('',(-1.5,4.));
#3842 = CARTESIAN_POINT('',(-1.5,0.));
#3843 = ( GEOMETRIC_REPRESENTATION_CONTEXT(2) 
PARAMETRIC_REPRESENTATION_CONTEXT() REPRESENTATION_CONTEXT('2D SPACE',''
  ) );
#3844 = ORIENTED_EDGE('',*,*,#3845,.F.);
#3845 = EDGE_CURVE('',#3556,#3820,#3846,.T.);
#3846 = SURFACE_CURVE('',#3847,(#3851,#3858),.PCURVE_S1.);
#3847 = LINE('',#3848,#3849);
#3848 = CARTESIAN_POINT('',(-15.5,2.5,84.));
#3849 = VECTOR('',#3850,1.);
#3850 = DIRECTION('',(0.,1.,0.));
#3851 = PCURVE('',#1582,#3852);
#3852 = DEFINITIONAL_REPRESENTATION('',(#3853),#3857);
#3853 = LINE('',#3854,#3855);
#3854 = CARTESIAN_POINT('',(1.5,0.));
#3855 = VECTOR('',#3856,1.);
#3856 = DIRECTION('',(0.,1.));
#3857 = ( GEOMETRIC_REPRESENTATION_CONTEXT(2) 
PARAMETRIC_REPRESENTATION_CONTEXT() REPRESENTATION_CONTEXT('2D SPACE',''
  ) );
#3858 = PCURVE('',#3859,#3864);
#3859 = PLANE('',#3860);
#3860 = AXIS2_PLACEMENT_3D('',#3861,#3862,#3863);
#3861 = CARTESIAN_POINT('',(-15.5,2.5,84.));
#3862 = DIRECTION('',(1.,0.,0.));
#3863 = DIRECTION('',(0.,0.,1.));
#3864 = DEFINITIONAL_REPRESENTATION('',(#3865),#3869);
#3865 = LINE('',#3866,#3867);
#3866 = CARTESIAN_POINT('',(0.,0.));
#3867 = VECTOR('',#3868,1.);
#3868 = DIRECTION('',(0.,-1.));
#3869 = ( GEOMETRIC_REPRESENTATION_CONTEXT(2) 
PARAMETRIC_REPRESENTATION_CONTEXT() REPRESENTATION_CONTEXT('2D SPACE',''
  ) );
#3870 = ADVANCED_FACE('',(#3871),#1556,.F.);
#3871 = FACE_BOUND('',#3872,.F.);
#3872 = EDGE_LOOP('',(#3873,#3895,#3896,#3897));
#3873 = ORIENTED_EDGE('',*,*,#3874,.F.);
#3874 = EDGE_CURVE('',#1513,#3875,#3877,.T.);
#3875 = VERTEX_POINT('',#3876);
#3876 = CARTESIAN_POINT('',(-17.,6.,84.599999999999));
#3877 = SURFACE_CURVE('',#3878,(#3882,#3888),.PCURVE_S1.);
#3878 = LINE('',#3879,#3880);
#3879 = CARTESIAN_POINT('',(-17.,1.5,84.6));
#3880 = VECTOR('',#3881,1.);
#3881 = DIRECTION('',(0.,1.,0.));
#3882 = PCURVE('',#1556,#3883);
#3883 = DEFINITIONAL_REPRESENTATION('',(#3884),#3887);
#3884 = B_SPLINE_CURVE_WITH_KNOTS('',1,(#3885,#3886),.UNSPECIFIED.,.F.,
  .F.,(2,2),(0.65,4.85),.PIECEWISE_BEZIER_KNOTS.);
#3885 = CARTESIAN_POINT('',(0.6,0.35));
#3886 = CARTESIAN_POINT('',(0.6,-3.85));
#3887 = ( GEOMETRIC_REPRESENTATION_CONTEXT(2) 
PARAMETRIC_REPRESENTATION_CONTEXT() REPRESENTATION_CONTEXT('2D SPACE',''
  ) );
#3888 = PCURVE('',#1529,#3889);
#3889 = DEFINITIONAL_REPRESENTATION('',(#3890),#3894);
#3890 = LINE('',#3891,#3892);
#3891 = CARTESIAN_POINT('',(3.14159265359,0.));
#3892 = VECTOR('',#3893,1.);
#3893 = DIRECTION('',(0.,1.));
#3894 = ( GEOMETRIC_REPRESENTATION_CONTEXT(2) 
PARAMETRIC_REPRESENTATION_CONTEXT() REPRESENTATION_CONTEXT('2D SPACE',''
  ) );
#3895 = ORIENTED_EDGE('',*,*,#1541,.T.);
#3896 = ORIENTED_EDGE('',*,*,#3583,.T.);
#3897 = ORIENTED_EDGE('',*,*,#3898,.T.);
#3898 = EDGE_CURVE('',#3554,#3875,#3899,.T.);
#3899 = SURFACE_CURVE('',#3900,(#3904,#3911),.PCURVE_S1.);
#3900 = LINE('',#3901,#3902);
#3901 = CARTESIAN_POINT('',(-17.,6.,84.));
#3902 = VECTOR('',#3903,1.);
#3903 = DIRECTION('',(0.,0.,1.));
#3904 = PCURVE('',#1556,#3905);
#3905 = DEFINITIONAL_REPRESENTATION('',(#3906),#3910);
#3906 = LINE('',#3907,#3908);
#3907 = CARTESIAN_POINT('',(0.,-3.5));
#3908 = VECTOR('',#3909,1.);
#3909 = DIRECTION('',(1.,0.));
#3910 = ( GEOMETRIC_REPRESENTATION_CONTEXT(2) 
PARAMETRIC_REPRESENTATION_CONTEXT() REPRESENTATION_CONTEXT('2D SPACE',''
  ) );
#3911 = PCURVE('',#3571,#3912);
#3912 = DEFINITIONAL_REPRESENTATION('',(#3913),#3917);
#3913 = LINE('',#3914,#3915);
#3914 = CARTESIAN_POINT('',(0.,0.));
#3915 = VECTOR('',#3916,1.);
#3916 = DIRECTION('',(1.,0.));
#3917 = ( GEOMETRIC_REPRESENTATION_CONTEXT(2) 
PARAMETRIC_REPRESENTATION_CONTEXT() REPRESENTATION_CONTEXT('2D SPACE',''
  ) );
#3918 = ADVANCED_FACE('',(#3919),#1529,.F.);
#3919 = FACE_BOUND('',#3920,.F.);
#3920 = EDGE_LOOP('',(#3921,#3922,#3923,#3947,#3974,#3998,#4019,#4048));
#3921 = ORIENTED_EDGE('',*,*,#1512,.F.);
#3922 = ORIENTED_EDGE('',*,*,#3874,.T.);
#3923 = ORIENTED_EDGE('',*,*,#3924,.F.);
#3924 = EDGE_CURVE('',#3925,#3875,#3927,.T.);
#3925 = VERTEX_POINT('',#3926);
#3926 = CARTESIAN_POINT('',(-17.,6.,86.4));
#3927 = SURFACE_CURVE('',#3928,(#3933,#3940),.PCURVE_S1.);
#3928 = CIRCLE('',#3929,0.9);
#3929 = AXIS2_PLACEMENT_3D('',#3930,#3931,#3932);
#3930 = CARTESIAN_POINT('',(-17.,6.,85.5));
#3931 = DIRECTION('',(0.,1.,0.));
#3932 = DIRECTION('',(0.,-0.,1.));
#3933 = PCURVE('',#1529,#3934);
#3934 = DEFINITIONAL_REPRESENTATION('',(#3935),#3939);
#3935 = LINE('',#3936,#3937);
#3936 = CARTESIAN_POINT('',(0.,4.5));
#3937 = VECTOR('',#3938,1.);
#3938 = DIRECTION('',(1.,0.));
#3939 = ( GEOMETRIC_REPRESENTATION_CONTEXT(2) 
PARAMETRIC_REPRESENTATION_CONTEXT() REPRESENTATION_CONTEXT('2D SPACE',''
  ) );
#3940 = PCURVE('',#3571,#3941);
#3941 = DEFINITIONAL_REPRESENTATION('',(#3942),#3946);
#3942 = CIRCLE('',#3943,0.9);
#3943 = AXIS2_PLACEMENT_2D('',#3944,#3945);
#3944 = CARTESIAN_POINT('',(1.5,0.));
#3945 = DIRECTION('',(1.,0.));
#3946 = ( GEOMETRIC_REPRESENTATION_CONTEXT(2) 
PARAMETRIC_REPRESENTATION_CONTEXT() REPRESENTATION_CONTEXT('2D SPACE',''
  ) );
#3947 = ORIENTED_EDGE('',*,*,#3948,.F.);
#3948 = EDGE_CURVE('',#3949,#3925,#3951,.T.);
#3949 = VERTEX_POINT('',#3950);
#3950 = CARTESIAN_POINT('',(-17.,2.5,86.4));
#3951 = SURFACE_CURVE('',#3952,(#3956,#3962),.PCURVE_S1.);
#3952 = LINE('',#3953,#3954);
#3953 = CARTESIAN_POINT('',(-17.,1.5,86.4));
#3954 = VECTOR('',#3955,1.);
#3955 = DIRECTION('',(0.,1.,0.));
#3956 = PCURVE('',#1529,#3957);
#3957 = DEFINITIONAL_REPRESENTATION('',(#3958),#3961);
#3958 = B_SPLINE_CURVE_WITH_KNOTS('',1,(#3959,#3960),.UNSPECIFIED.,.F.,
  .F.,(2,2),(1.,4.5),.PIECEWISE_BEZIER_KNOTS.);
#3959 = CARTESIAN_POINT('',(0.,1.));
#3960 = CARTESIAN_POINT('',(0.,4.5));
#3961 = ( GEOMETRIC_REPRESENTATION_CONTEXT(2) 
PARAMETRIC_REPRESENTATION_CONTEXT() REPRESENTATION_CONTEXT('2D SPACE',''
  ) );
#3962 = PCURVE('',#3963,#3968);
#3963 = PLANE('',#3964);
#3964 = AXIS2_PLACEMENT_3D('',#3965,#3966,#3967);
#3965 = CARTESIAN_POINT('',(-17.,2.5,84.));
#3966 = DIRECTION('',(1.,0.,0.));
#3967 = DIRECTION('',(0.,0.,1.));
#3968 = DEFINITIONAL_REPRESENTATION('',(#3969),#3973);
#3969 = LINE('',#3970,#3971);
#3970 = CARTESIAN_POINT('',(2.4,1.));
#3971 = VECTOR('',#3972,1.);
#3972 = DIRECTION('',(0.,-1.));
#3973 = ( GEOMETRIC_REPRESENTATION_CONTEXT(2) 
PARAMETRIC_REPRESENTATION_CONTEXT() REPRESENTATION_CONTEXT('2D SPACE',''
  ) );
#3974 = ORIENTED_EDGE('',*,*,#3975,.T.);
#3975 = EDGE_CURVE('',#3949,#3976,#3978,.T.);
#3976 = VERTEX_POINT('',#3977);
#3977 = CARTESIAN_POINT('',(-16.89991179298,2.5,86.394417324752));
#3978 = SURFACE_CURVE('',#3979,(#3984,#3991),.PCURVE_S1.);
#3979 = CIRCLE('',#3980,0.9);
#3980 = AXIS2_PLACEMENT_3D('',#3981,#3982,#3983);
#3981 = CARTESIAN_POINT('',(-17.,2.5,85.5));
#3982 = DIRECTION('',(0.,1.,0.));
#3983 = DIRECTION('',(0.,-0.,1.));
#3984 = PCURVE('',#1529,#3985);
#3985 = DEFINITIONAL_REPRESENTATION('',(#3986),#3990);
#3986 = LINE('',#3987,#3988);
#3987 = CARTESIAN_POINT('',(0.,1.));
#3988 = VECTOR('',#3989,1.);
#3989 = DIRECTION('',(1.,0.));
#3990 = ( GEOMETRIC_REPRESENTATION_CONTEXT(2) 
PARAMETRIC_REPRESENTATION_CONTEXT() REPRESENTATION_CONTEXT('2D SPACE',''
  ) );
#3991 = PCURVE('',#2949,#3992);
#3992 = DEFINITIONAL_REPRESENTATION('',(#3993),#3997);
#3993 = CIRCLE('',#3994,0.9);
#3994 = AXIS2_PLACEMENT_2D('',#3995,#3996);
#3995 = CARTESIAN_POINT('',(1.5,0.));
#3996 = DIRECTION('',(1.,0.));
#3997 = ( GEOMETRIC_REPRESENTATION_CONTEXT(2) 
PARAMETRIC_REPRESENTATION_CONTEXT() REPRESENTATION_CONTEXT('2D SPACE',''
  ) );
#3998 = ORIENTED_EDGE('',*,*,#3999,.F.);
#3999 = EDGE_CURVE('',#4000,#3976,#4002,.T.);
#4000 = VERTEX_POINT('',#4001);
#4001 = CARTESIAN_POINT('',(-16.89991179298,1.5,86.394417324752));
#4002 = SURFACE_CURVE('',#4003,(#4007,#4013),.PCURVE_S1.);
#4003 = LINE('',#4004,#4005);
#4004 = CARTESIAN_POINT('',(-16.89991179298,0.,86.394417324752));
#4005 = VECTOR('',#4006,1.);
#4006 = DIRECTION('',(0.,1.,0.));
#4007 = PCURVE('',#1529,#4008);
#4008 = DEFINITIONAL_REPRESENTATION('',(#4009),#4012);
#4009 = B_SPLINE_CURVE_WITH_KNOTS('',1,(#4010,#4011),.UNSPECIFIED.,.F.,
  .F.,(2,2),(1.4999994,5.0000006),.PIECEWISE_BEZIER_KNOTS.);
#4010 = CARTESIAN_POINT('',(0.111439633325,-5.999999999062E-07));
#4011 = CARTESIAN_POINT('',(0.111439633325,3.5000006));
#4012 = ( GEOMETRIC_REPRESENTATION_CONTEXT(2) 
PARAMETRIC_REPRESENTATION_CONTEXT() REPRESENTATION_CONTEXT('2D SPACE',''
  ) );
#4013 = PCURVE('',#1500,#4014);
#4014 = DEFINITIONAL_REPRESENTATION('',(#4015),#4018);
#4015 = B_SPLINE_CURVE_WITH_KNOTS('',1,(#4016,#4017),.UNSPECIFIED.,.F.,
  .F.,(2,2),(1.4999994,5.0000006),.PIECEWISE_BEZIER_KNOTS.);
#4016 = CARTESIAN_POINT('',(1.53176162137,1.4999994));
#4017 = CARTESIAN_POINT('',(1.53176162137,5.0000006));
#4018 = ( GEOMETRIC_REPRESENTATION_CONTEXT(2) 
PARAMETRIC_REPRESENTATION_CONTEXT() REPRESENTATION_CONTEXT('2D SPACE',''
  ) );
#4019 = ORIENTED_EDGE('',*,*,#4020,.T.);
#4020 = EDGE_CURVE('',#4000,#4021,#4023,.T.);
#4021 = VERTEX_POINT('',#4022);
#4022 = CARTESIAN_POINT('',(-17.78925025309,1.5,85.067467876341));
#4023 = SURFACE_CURVE('',#4024,(#4029,#4036),.PCURVE_S1.);
#4024 = CIRCLE('',#4025,0.9);
#4025 = AXIS2_PLACEMENT_3D('',#4026,#4027,#4028);
#4026 = CARTESIAN_POINT('',(-17.,1.5,85.5));
#4027 = DIRECTION('',(0.,1.,0.));
#4028 = DIRECTION('',(0.,-0.,1.));
#4029 = PCURVE('',#1529,#4030);
#4030 = DEFINITIONAL_REPRESENTATION('',(#4031),#4035);
#4031 = LINE('',#4032,#4033);
#4032 = CARTESIAN_POINT('',(0.,0.));
#4033 = VECTOR('',#4034,1.);
#4034 = DIRECTION('',(1.,0.));
#4035 = ( GEOMETRIC_REPRESENTATION_CONTEXT(2) 
PARAMETRIC_REPRESENTATION_CONTEXT() REPRESENTATION_CONTEXT('2D SPACE',''
  ) );
#4036 = PCURVE('',#4037,#4042);
#4037 = PLANE('',#4038);
#4038 = AXIS2_PLACEMENT_3D('',#4039,#4040,#4041);
#4039 = CARTESIAN_POINT('',(-17.,1.5,85.5));
#4040 = DIRECTION('',(0.,1.,0.));
#4041 = DIRECTION('',(0.,-0.,1.));
#4042 = DEFINITIONAL_REPRESENTATION('',(#4043),#4047);
#4043 = CIRCLE('',#4044,0.9);
#4044 = AXIS2_PLACEMENT_2D('',#4045,#4046);
#4045 = CARTESIAN_POINT('',(0.,0.));
#4046 = DIRECTION('',(1.,0.));
#4047 = ( GEOMETRIC_REPRESENTATION_CONTEXT(2) 
PARAMETRIC_REPRESENTATION_CONTEXT() REPRESENTATION_CONTEXT('2D SPACE',''
  ) );
#4048 = ORIENTED_EDGE('',*,*,#4049,.T.);
#4049 = EDGE_CURVE('',#4021,#1484,#4050,.T.);
#4050 = SURFACE_CURVE('',#4051,(#4055,#4061),.PCURVE_S1.);
#4051 = LINE('',#4052,#4053);
#4052 = CARTESIAN_POINT('',(-17.78925025309,0.,85.067467876341));
#4053 = VECTOR('',#4054,1.);
#4054 = DIRECTION('',(0.,1.,0.));
#4055 = PCURVE('',#1529,#4056);
#4056 = DEFINITIONAL_REPRESENTATION('',(#4057),#4060);
#4057 = B_SPLINE_CURVE_WITH_KNOTS('',1,(#4058,#4059),.UNSPECIFIED.,.F.,
  .F.,(2,2),(1.4999994,5.0000006),.PIECEWISE_BEZIER_KNOTS.);
#4058 = CARTESIAN_POINT('',(4.211060178328,-5.999999999062E-07));
#4059 = CARTESIAN_POINT('',(4.211060178328,3.5000006));
#4060 = ( GEOMETRIC_REPRESENTATION_CONTEXT(2) 
PARAMETRIC_REPRESENTATION_CONTEXT() REPRESENTATION_CONTEXT('2D SPACE',''
  ) );
#4061 = PCURVE('',#1500,#4062);
#4062 = DEFINITIONAL_REPRESENTATION('',(#4063),#4066);
#4063 = B_SPLINE_CURVE_WITH_KNOTS('',1,(#4064,#4065),.UNSPECIFIED.,.F.,
  .F.,(2,2),(1.4999994,5.0000006),.PIECEWISE_BEZIER_KNOTS.);
#4064 = CARTESIAN_POINT('',(1.503735972697,1.4999994));
#4065 = CARTESIAN_POINT('',(1.503735972697,5.0000006));
#4066 = ( GEOMETRIC_REPRESENTATION_CONTEXT(2) 
PARAMETRIC_REPRESENTATION_CONTEXT() REPRESENTATION_CONTEXT('2D SPACE',''
  ) );
#4067 = ADVANCED_FACE('',(#4068),#1500,.T.);
#4068 = FACE_BOUND('',#4069,.T.);
#4069 = EDGE_LOOP('',(#4070,#4092,#4093,#4114,#4143,#4162,#4163,#4184,
    #4208,#4227,#4228,#4249,#4278,#4297,#4298,#4319,#4343,#4362,#4363,
    #4387,#4409,#4410,#4432,#4433));
#4070 = ORIENTED_EDGE('',*,*,#4071,.F.);
#4071 = EDGE_CURVE('',#1816,#1418,#4072,.T.);
#4072 = SURFACE_CURVE('',#4073,(#4079,#4085),.PCURVE_S1.);
#4073 = B_SPLINE_CURVE_WITH_KNOTS('',2,(#4074,#4075,#4076,#4077,#4078),
  .UNSPECIFIED.,.F.,.F.,(3,1,1,3),(-0.612,-2.322144213029E-14,10.,10.612
    ),.UNSPECIFIED.);
#4074 = CARTESIAN_POINT('',(-13.92014901484,-5.612,17.667913485274));
#4075 = CARTESIAN_POINT('',(-13.92014901484,-5.306,17.667913485274));
#4076 = CARTESIAN_POINT('',(-13.92014901484,0.,17.667913485274));
#4077 = CARTESIAN_POINT('',(-13.92014901484,5.306,17.667913485274));
#4078 = CARTESIAN_POINT('',(-13.92014901484,5.612,17.667913485274));
#4079 = PCURVE('',#1500,#4080);
#4080 = DEFINITIONAL_REPRESENTATION('',(#4081),#4084);
#4081 = B_SPLINE_CURVE_WITH_KNOTS('',1,(#4082,#4083),.UNSPECIFIED.,.F.,
  .F.,(2,2),(-2.322144213029E-14,10.),.PIECEWISE_BEZIER_KNOTS.);
#4082 = CARTESIAN_POINT('',(0.236169445056,-5.));
#4083 = CARTESIAN_POINT('',(0.236169445056,5.));
#4084 = ( GEOMETRIC_REPRESENTATION_CONTEXT(2) 
PARAMETRIC_REPRESENTATION_CONTEXT() REPRESENTATION_CONTEXT('2D SPACE',''
  ) );
#4085 = PCURVE('',#1451,#4086);
#4086 = DEFINITIONAL_REPRESENTATION('',(#4087),#4091);
#4087 = LINE('',#4088,#4089);
#4088 = CARTESIAN_POINT('',(10.,0.));
#4089 = VECTOR('',#4090,1.);
#4090 = DIRECTION('',(0.,1.));
#4091 = ( GEOMETRIC_REPRESENTATION_CONTEXT(2) 
PARAMETRIC_REPRESENTATION_CONTEXT() REPRESENTATION_CONTEXT('2D SPACE',''
  ) );
#4092 = ORIENTED_EDGE('',*,*,#1865,.T.);
#4093 = ORIENTED_EDGE('',*,*,#4094,.T.);
#4094 = EDGE_CURVE('',#1866,#4095,#4097,.T.);
#4095 = VERTEX_POINT('',#4096);
#4096 = CARTESIAN_POINT('',(-24.40588203494,0.,37.));
#4097 = SURFACE_CURVE('',#4098,(#4102,#4108),.PCURVE_S1.);
#4098 = LINE('',#4099,#4100);
#4099 = CARTESIAN_POINT('',(-24.40588203494,0.,37.));
#4100 = VECTOR('',#4101,1.);
#4101 = DIRECTION('',(0.,1.,0.));
#4102 = PCURVE('',#1500,#4103);
#4103 = DEFINITIONAL_REPRESENTATION('',(#4104),#4107);
#4104 = B_SPLINE_CURVE_WITH_KNOTS('',1,(#4105,#4106),.UNSPECIFIED.,.F.,
  .F.,(2,2),(-5.0000006,0.5),.PIECEWISE_BEZIER_KNOTS.);
#4105 = CARTESIAN_POINT('',(0.624441129696,-5.0000006));
#4106 = CARTESIAN_POINT('',(0.624441129696,0.5));
#4107 = ( GEOMETRIC_REPRESENTATION_CONTEXT(2) 
PARAMETRIC_REPRESENTATION_CONTEXT() REPRESENTATION_CONTEXT('2D SPACE',''
  ) );
#4108 = PCURVE('',#1905,#4109);
#4109 = DEFINITIONAL_REPRESENTATION('',(#4110),#4113);
#4110 = B_SPLINE_CURVE_WITH_KNOTS('',1,(#4111,#4112),.UNSPECIFIED.,.F.,
  .F.,(2,2),(-5.0000006,0.5),.PIECEWISE_BEZIER_KNOTS.);
#4111 = CARTESIAN_POINT('',(5.594117965058,-5.999999999062E-07));
#4112 = CARTESIAN_POINT('',(5.594117965058,5.5));
#4113 = ( GEOMETRIC_REPRESENTATION_CONTEXT(2) 
PARAMETRIC_REPRESENTATION_CONTEXT() REPRESENTATION_CONTEXT('2D SPACE',''
  ) );
#4114 = ORIENTED_EDGE('',*,*,#4115,.T.);
#4115 = EDGE_CURVE('',#4095,#4116,#4118,.T.);
#4116 = VERTEX_POINT('',#4117);
#4117 = CARTESIAN_POINT('',(-24.99090833947,0.,39.));
#4118 = SURFACE_CURVE('',#4119,(#4124,#4131),.PCURVE_S1.);
#4119 = CIRCLE('',#4120,57.);
#4120 = AXIS2_PLACEMENT_3D('',#4121,#4122,#4123);
#4121 = CARTESIAN_POINT('',(30.,0.,54.));
#4122 = DIRECTION('',(0.,1.,0.));
#4123 = DIRECTION('',(-0.6,0.,-0.8));
#4124 = PCURVE('',#1500,#4125);
#4125 = DEFINITIONAL_REPRESENTATION('',(#4126),#4130);
#4126 = LINE('',#4127,#4128);
#4127 = CARTESIAN_POINT('',(0.,0.));
#4128 = VECTOR('',#4129,1.);
#4129 = DIRECTION('',(1.,0.));
#4130 = ( GEOMETRIC_REPRESENTATION_CONTEXT(2) 
PARAMETRIC_REPRESENTATION_CONTEXT() REPRESENTATION_CONTEXT('2D SPACE',''
  ) );
#4131 = PCURVE('',#4132,#4137);
#4132 = PLANE('',#4133);
#4133 = AXIS2_PLACEMENT_3D('',#4134,#4135,#4136);
#4134 = CARTESIAN_POINT('',(-30.,0.,37.));
#4135 = DIRECTION('',(0.,1.,0.));
#4136 = DIRECTION('',(0.,0.,1.));
#4137 = DEFINITIONAL_REPRESENTATION('',(#4138),#4142);
#4138 = CIRCLE('',#4139,57.);
#4139 = AXIS2_PLACEMENT_2D('',#4140,#4141);
#4140 = CARTESIAN_POINT('',(17.,60.));
#4141 = DIRECTION('',(-0.8,-0.6));
#4142 = ( GEOMETRIC_REPRESENTATION_CONTEXT(2) 
PARAMETRIC_REPRESENTATION_CONTEXT() REPRESENTATION_CONTEXT('2D SPACE',''
  ) );
#4143 = ORIENTED_EDGE('',*,*,#4144,.F.);
#4144 = EDGE_CURVE('',#2388,#4116,#4145,.T.);
#4145 = SURFACE_CURVE('',#4146,(#4150,#4156),.PCURVE_S1.);
#4146 = LINE('',#4147,#4148);
#4147 = CARTESIAN_POINT('',(-24.99090833947,0.,39.));
#4148 = VECTOR('',#4149,1.);
#4149 = DIRECTION('',(0.,1.,0.));
#4150 = PCURVE('',#1500,#4151);
#4151 = DEFINITIONAL_REPRESENTATION('',(#4152),#4155);
#4152 = B_SPLINE_CURVE_WITH_KNOTS('',1,(#4153,#4154),.UNSPECIFIED.,.F.,
  .F.,(2,2),(-5.0000006,0.5),.PIECEWISE_BEZIER_KNOTS.);
#4153 = CARTESIAN_POINT('',(0.661001200883,-5.0000006));
#4154 = CARTESIAN_POINT('',(0.661001200883,0.5));
#4155 = ( GEOMETRIC_REPRESENTATION_CONTEXT(2) 
PARAMETRIC_REPRESENTATION_CONTEXT() REPRESENTATION_CONTEXT('2D SPACE',''
  ) );
#4156 = PCURVE('',#2481,#4157);
#4157 = DEFINITIONAL_REPRESENTATION('',(#4158),#4161);
#4158 = B_SPLINE_CURVE_WITH_KNOTS('',1,(#4159,#4160),.UNSPECIFIED.,.F.,
  .F.,(2,2),(-5.0000006,0.5),.PIECEWISE_BEZIER_KNOTS.);
#4159 = CARTESIAN_POINT('',(3.00909166053,0.4999994));
#4160 = CARTESIAN_POINT('',(3.00909166053,6.));
#4161 = ( GEOMETRIC_REPRESENTATION_CONTEXT(2) 
PARAMETRIC_REPRESENTATION_CONTEXT() REPRESENTATION_CONTEXT('2D SPACE',''
  ) );
#4162 = ORIENTED_EDGE('',*,*,#2387,.T.);
#4163 = ORIENTED_EDGE('',*,*,#4164,.T.);
#4164 = EDGE_CURVE('',#2390,#4165,#4167,.T.);
#4165 = VERTEX_POINT('',#4166);
#4166 = CARTESIAN_POINT('',(-25.49774770204,0.,41.));
#4167 = SURFACE_CURVE('',#4168,(#4172,#4178),.PCURVE_S1.);
#4168 = LINE('',#4169,#4170);
#4169 = CARTESIAN_POINT('',(-25.49774770204,0.,41.));
#4170 = VECTOR('',#4171,1.);
#4171 = DIRECTION('',(0.,1.,0.));
#4172 = PCURVE('',#1500,#4173);
#4173 = DEFINITIONAL_REPRESENTATION('',(#4174),#4177);
#4174 = B_SPLINE_CURVE_WITH_KNOTS('',1,(#4175,#4176),.UNSPECIFIED.,.F.,
  .F.,(2,2),(-5.0000006,0.5),.PIECEWISE_BEZIER_KNOTS.);
#4175 = CARTESIAN_POINT('',(0.697200059191,-5.0000006));
#4176 = CARTESIAN_POINT('',(0.697200059191,0.5));
#4177 = ( GEOMETRIC_REPRESENTATION_CONTEXT(2) 
PARAMETRIC_REPRESENTATION_CONTEXT() REPRESENTATION_CONTEXT('2D SPACE',''
  ) );
#4178 = PCURVE('',#2429,#4179);
#4179 = DEFINITIONAL_REPRESENTATION('',(#4180),#4183);
#4180 = B_SPLINE_CURVE_WITH_KNOTS('',1,(#4181,#4182),.UNSPECIFIED.,.F.,
  .F.,(2,2),(-5.0000006,0.5),.PIECEWISE_BEZIER_KNOTS.);
#4181 = CARTESIAN_POINT('',(2.502252297954,0.4999994));
#4182 = CARTESIAN_POINT('',(2.502252297954,6.));
#4183 = ( GEOMETRIC_REPRESENTATION_CONTEXT(2) 
PARAMETRIC_REPRESENTATION_CONTEXT() REPRESENTATION_CONTEXT('2D SPACE',''
  ) );
#4184 = ORIENTED_EDGE('',*,*,#4185,.T.);
#4185 = EDGE_CURVE('',#4165,#4186,#4188,.T.);
#4186 = VERTEX_POINT('',#4187);
#4187 = CARTESIAN_POINT('',(-25.92852581643,0.,43.));
#4188 = SURFACE_CURVE('',#4189,(#4194,#4201),.PCURVE_S1.);
#4189 = CIRCLE('',#4190,57.);
#4190 = AXIS2_PLACEMENT_3D('',#4191,#4192,#4193);
#4191 = CARTESIAN_POINT('',(30.,0.,54.));
#4192 = DIRECTION('',(0.,1.,0.));
#4193 = DIRECTION('',(-0.6,0.,-0.8));
#4194 = PCURVE('',#1500,#4195);
#4195 = DEFINITIONAL_REPRESENTATION('',(#4196),#4200);
#4196 = LINE('',#4197,#4198);
#4197 = CARTESIAN_POINT('',(0.,0.));
#4198 = VECTOR('',#4199,1.);
#4199 = DIRECTION('',(1.,0.));
#4200 = ( GEOMETRIC_REPRESENTATION_CONTEXT(2) 
PARAMETRIC_REPRESENTATION_CONTEXT() REPRESENTATION_CONTEXT('2D SPACE',''
  ) );
#4201 = PCURVE('',#4132,#4202);
#4202 = DEFINITIONAL_REPRESENTATION('',(#4203),#4207);
#4203 = CIRCLE('',#4204,57.);
#4204 = AXIS2_PLACEMENT_2D('',#4205,#4206);
#4205 = CARTESIAN_POINT('',(17.,60.));
#4206 = DIRECTION('',(-0.8,-0.6));
#4207 = ( GEOMETRIC_REPRESENTATION_CONTEXT(2) 
PARAMETRIC_REPRESENTATION_CONTEXT() REPRESENTATION_CONTEXT('2D SPACE',''
  ) );
#4208 = ORIENTED_EDGE('',*,*,#4209,.F.);
#4209 = EDGE_CURVE('',#1946,#4186,#4210,.T.);
#4210 = SURFACE_CURVE('',#4211,(#4215,#4221),.PCURVE_S1.);
#4211 = LINE('',#4212,#4213);
#4212 = CARTESIAN_POINT('',(-25.92852581643,0.,43.));
#4213 = VECTOR('',#4214,1.);
#4214 = DIRECTION('',(0.,1.,0.));
#4215 = PCURVE('',#1500,#4216);
#4216 = DEFINITIONAL_REPRESENTATION('',(#4217),#4220);
#4217 = B_SPLINE_CURVE_WITH_KNOTS('',1,(#4218,#4219),.UNSPECIFIED.,.F.,
  .F.,(2,2),(-5.0000006,0.5),.PIECEWISE_BEZIER_KNOTS.);
#4218 = CARTESIAN_POINT('',(0.733094381033,-5.0000006));
#4219 = CARTESIAN_POINT('',(0.733094381033,0.5));
#4220 = ( GEOMETRIC_REPRESENTATION_CONTEXT(2) 
PARAMETRIC_REPRESENTATION_CONTEXT() REPRESENTATION_CONTEXT('2D SPACE',''
  ) );
#4221 = PCURVE('',#1961,#4222);
#4222 = DEFINITIONAL_REPRESENTATION('',(#4223),#4226);
#4223 = B_SPLINE_CURVE_WITH_KNOTS('',1,(#4224,#4225),.UNSPECIFIED.,.F.,
  .F.,(2,2),(-5.0000006,0.5),.PIECEWISE_BEZIER_KNOTS.);
#4224 = CARTESIAN_POINT('',(4.071474183562,-5.999999999062E-07));
#4225 = CARTESIAN_POINT('',(4.071474183562,5.5));
#4226 = ( GEOMETRIC_REPRESENTATION_CONTEXT(2) 
PARAMETRIC_REPRESENTATION_CONTEXT() REPRESENTATION_CONTEXT('2D SPACE',''
  ) );
#4227 = ORIENTED_EDGE('',*,*,#1973,.T.);
#4228 = ORIENTED_EDGE('',*,*,#4229,.T.);
#4229 = EDGE_CURVE('',#1974,#4230,#4232,.T.);
#4230 = VERTEX_POINT('',#4231);
#4231 = CARTESIAN_POINT('',(-26.43580423809,0.,62.));
#4232 = SURFACE_CURVE('',#4233,(#4237,#4243),.PCURVE_S1.);
#4233 = LINE('',#4234,#4235);
#4234 = CARTESIAN_POINT('',(-26.43580423809,0.,62.));
#4235 = VECTOR('',#4236,1.);
#4236 = DIRECTION('',(0.,1.,0.));
#4237 = PCURVE('',#1500,#4238);
#4238 = DEFINITIONAL_REPRESENTATION('',(#4239),#4242);
#4239 = B_SPLINE_CURVE_WITH_KNOTS('',1,(#4240,#4241),.UNSPECIFIED.,.F.,
  .F.,(2,2),(-5.0000006,0.5),.PIECEWISE_BEZIER_KNOTS.);
#4240 = CARTESIAN_POINT('',(1.068111008774,-5.0000006));
#4241 = CARTESIAN_POINT('',(1.068111008774,0.5));
#4242 = ( GEOMETRIC_REPRESENTATION_CONTEXT(2) 
PARAMETRIC_REPRESENTATION_CONTEXT() REPRESENTATION_CONTEXT('2D SPACE',''
  ) );
#4243 = PCURVE('',#2013,#4244);
#4244 = DEFINITIONAL_REPRESENTATION('',(#4245),#4248);
#4245 = B_SPLINE_CURVE_WITH_KNOTS('',1,(#4246,#4247),.UNSPECIFIED.,.F.,
  .F.,(2,2),(-5.0000006,0.5),.PIECEWISE_BEZIER_KNOTS.);
#4246 = CARTESIAN_POINT('',(3.56419576191,-5.999999999062E-07));
#4247 = CARTESIAN_POINT('',(3.56419576191,5.5));
#4248 = ( GEOMETRIC_REPRESENTATION_CONTEXT(2) 
PARAMETRIC_REPRESENTATION_CONTEXT() REPRESENTATION_CONTEXT('2D SPACE',''
  ) );
#4249 = ORIENTED_EDGE('',*,*,#4250,.T.);
#4250 = EDGE_CURVE('',#4230,#4251,#4253,.T.);
#4251 = VERTEX_POINT('',#4252);
#4252 = CARTESIAN_POINT('',(-26.11595138639,0.,64.));
#4253 = SURFACE_CURVE('',#4254,(#4259,#4266),.PCURVE_S1.);
#4254 = CIRCLE('',#4255,57.);
#4255 = AXIS2_PLACEMENT_3D('',#4256,#4257,#4258);
#4256 = CARTESIAN_POINT('',(30.,0.,54.));
#4257 = DIRECTION('',(0.,1.,0.));
#4258 = DIRECTION('',(-0.6,0.,-0.8));
#4259 = PCURVE('',#1500,#4260);
#4260 = DEFINITIONAL_REPRESENTATION('',(#4261),#4265);
#4261 = LINE('',#4262,#4263);
#4262 = CARTESIAN_POINT('',(0.,0.));
#4263 = VECTOR('',#4264,1.);
#4264 = DIRECTION('',(1.,0.));
#4265 = ( GEOMETRIC_REPRESENTATION_CONTEXT(2) 
PARAMETRIC_REPRESENTATION_CONTEXT() REPRESENTATION_CONTEXT('2D SPACE',''
  ) );
#4266 = PCURVE('',#4267,#4272);
#4267 = PLANE('',#4268);
#4268 = AXIS2_PLACEMENT_3D('',#4269,#4270,#4271);
#4269 = CARTESIAN_POINT('',(-30.,0.,62.));
#4270 = DIRECTION('',(0.,1.,0.));
#4271 = DIRECTION('',(0.,0.,1.));
#4272 = DEFINITIONAL_REPRESENTATION('',(#4273),#4277);
#4273 = CIRCLE('',#4274,57.);
#4274 = AXIS2_PLACEMENT_2D('',#4275,#4276);
#4275 = CARTESIAN_POINT('',(-8.,60.));
#4276 = DIRECTION('',(-0.8,-0.6));
#4277 = ( GEOMETRIC_REPRESENTATION_CONTEXT(2) 
PARAMETRIC_REPRESENTATION_CONTEXT() REPRESENTATION_CONTEXT('2D SPACE',''
  ) );
#4278 = ORIENTED_EDGE('',*,*,#4279,.F.);
#4279 = EDGE_CURVE('',#2497,#4251,#4280,.T.);
#4280 = SURFACE_CURVE('',#4281,(#4285,#4291),.PCURVE_S1.);
#4281 = LINE('',#4282,#4283);
#4282 = CARTESIAN_POINT('',(-26.11595138639,0.,64.));
#4283 = VECTOR('',#4284,1.);
#4284 = DIRECTION('',(0.,1.,0.));
#4285 = PCURVE('',#1500,#4286);
#4286 = DEFINITIONAL_REPRESENTATION('',(#4287),#4290);
#4287 = B_SPLINE_CURVE_WITH_KNOTS('',1,(#4288,#4289),.UNSPECIFIED.,.F.,
  .F.,(2,2),(-5.0000006,0.5),.PIECEWISE_BEZIER_KNOTS.);
#4288 = CARTESIAN_POINT('',(1.103646474621,-5.0000006));
#4289 = CARTESIAN_POINT('',(1.103646474621,0.5));
#4290 = ( GEOMETRIC_REPRESENTATION_CONTEXT(2) 
PARAMETRIC_REPRESENTATION_CONTEXT() REPRESENTATION_CONTEXT('2D SPACE',''
  ) );
#4291 = PCURVE('',#2512,#4292);
#4292 = DEFINITIONAL_REPRESENTATION('',(#4293),#4296);
#4293 = B_SPLINE_CURVE_WITH_KNOTS('',1,(#4294,#4295),.UNSPECIFIED.,.F.,
  .F.,(2,2),(-5.0000006,0.5),.PIECEWISE_BEZIER_KNOTS.);
#4294 = CARTESIAN_POINT('',(1.884048613607,0.4999994));
#4295 = CARTESIAN_POINT('',(1.884048613607,6.));
#4296 = ( GEOMETRIC_REPRESENTATION_CONTEXT(2) 
PARAMETRIC_REPRESENTATION_CONTEXT() REPRESENTATION_CONTEXT('2D SPACE',''
  ) );
#4297 = ORIENTED_EDGE('',*,*,#2523,.T.);
#4298 = ORIENTED_EDGE('',*,*,#4299,.T.);
#4299 = EDGE_CURVE('',#2524,#4300,#4302,.T.);
#4300 = VERTEX_POINT('',#4301);
#4301 = CARTESIAN_POINT('',(-25.72252686302,0.,66.));
#4302 = SURFACE_CURVE('',#4303,(#4307,#4313),.PCURVE_S1.);
#4303 = LINE('',#4304,#4305);
#4304 = CARTESIAN_POINT('',(-25.72252686302,0.,66.));
#4305 = VECTOR('',#4306,1.);
#4306 = DIRECTION('',(0.,1.,0.));
#4307 = PCURVE('',#1500,#4308);
#4308 = DEFINITIONAL_REPRESENTATION('',(#4309),#4312);
#4309 = B_SPLINE_CURVE_WITH_KNOTS('',1,(#4310,#4311),.UNSPECIFIED.,.F.,
  .F.,(2,2),(-5.0000006,0.5),.PIECEWISE_BEZIER_KNOTS.);
#4310 = CARTESIAN_POINT('',(1.139408528481,-5.0000006));
#4311 = CARTESIAN_POINT('',(1.139408528481,0.5));
#4312 = ( GEOMETRIC_REPRESENTATION_CONTEXT(2) 
PARAMETRIC_REPRESENTATION_CONTEXT() REPRESENTATION_CONTEXT('2D SPACE',''
  ) );
#4313 = PCURVE('',#2563,#4314);
#4314 = DEFINITIONAL_REPRESENTATION('',(#4315),#4318);
#4315 = B_SPLINE_CURVE_WITH_KNOTS('',1,(#4316,#4317),.UNSPECIFIED.,.F.,
  .F.,(2,2),(-5.0000006,0.5),.PIECEWISE_BEZIER_KNOTS.);
#4316 = CARTESIAN_POINT('',(2.27747313698,0.4999994));
#4317 = CARTESIAN_POINT('',(2.27747313698,6.));
#4318 = ( GEOMETRIC_REPRESENTATION_CONTEXT(2) 
PARAMETRIC_REPRESENTATION_CONTEXT() REPRESENTATION_CONTEXT('2D SPACE',''
  ) );
#4319 = ORIENTED_EDGE('',*,*,#4320,.T.);
#4320 = EDGE_CURVE('',#4300,#4321,#4323,.T.);
#4321 = VERTEX_POINT('',#4322);
#4322 = CARTESIAN_POINT('',(-25.25395913416,0.,68.));
#4323 = SURFACE_CURVE('',#4324,(#4329,#4336),.PCURVE_S1.);
#4324 = CIRCLE('',#4325,57.);
#4325 = AXIS2_PLACEMENT_3D('',#4326,#4327,#4328);
#4326 = CARTESIAN_POINT('',(30.,0.,54.));
#4327 = DIRECTION('',(0.,1.,0.));
#4328 = DIRECTION('',(-0.6,0.,-0.8));
#4329 = PCURVE('',#1500,#4330);
#4330 = DEFINITIONAL_REPRESENTATION('',(#4331),#4335);
#4331 = LINE('',#4332,#4333);
#4332 = CARTESIAN_POINT('',(0.,0.));
#4333 = VECTOR('',#4334,1.);
#4334 = DIRECTION('',(1.,0.));
#4335 = ( GEOMETRIC_REPRESENTATION_CONTEXT(2) 
PARAMETRIC_REPRESENTATION_CONTEXT() REPRESENTATION_CONTEXT('2D SPACE',''
  ) );
#4336 = PCURVE('',#4267,#4337);
#4337 = DEFINITIONAL_REPRESENTATION('',(#4338),#4342);
#4338 = CIRCLE('',#4339,57.);
#4339 = AXIS2_PLACEMENT_2D('',#4340,#4341);
#4340 = CARTESIAN_POINT('',(-8.,60.));
#4341 = DIRECTION('',(-0.8,-0.6));
#4342 = ( GEOMETRIC_REPRESENTATION_CONTEXT(2) 
PARAMETRIC_REPRESENTATION_CONTEXT() REPRESENTATION_CONTEXT('2D SPACE',''
  ) );
#4343 = ORIENTED_EDGE('',*,*,#4344,.F.);
#4344 = EDGE_CURVE('',#2054,#4321,#4345,.T.);
#4345 = SURFACE_CURVE('',#4346,(#4350,#4356),.PCURVE_S1.);
#4346 = LINE('',#4347,#4348);
#4347 = CARTESIAN_POINT('',(-25.25395913416,0.,68.));
#4348 = VECTOR('',#4349,1.);
#4349 = DIRECTION('',(0.,1.,0.));
#4350 = PCURVE('',#1500,#4351);
#4351 = DEFINITIONAL_REPRESENTATION('',(#4352),#4355);
#4352 = B_SPLINE_CURVE_WITH_KNOTS('',1,(#4353,#4354),.UNSPECIFIED.,.F.,
  .F.,(2,2),(-5.0000006,0.5),.PIECEWISE_BEZIER_KNOTS.);
#4353 = CARTESIAN_POINT('',(1.175448298525,-5.0000006));
#4354 = CARTESIAN_POINT('',(1.175448298525,0.5));
#4355 = ( GEOMETRIC_REPRESENTATION_CONTEXT(2) 
PARAMETRIC_REPRESENTATION_CONTEXT() REPRESENTATION_CONTEXT('2D SPACE',''
  ) );
#4356 = PCURVE('',#2069,#4357);
#4357 = DEFINITIONAL_REPRESENTATION('',(#4358),#4361);
#4358 = B_SPLINE_CURVE_WITH_KNOTS('',1,(#4359,#4360),.UNSPECIFIED.,.F.,
  .F.,(2,2),(-5.0000006,0.5),.PIECEWISE_BEZIER_KNOTS.);
#4359 = CARTESIAN_POINT('',(4.746040865835,-5.999999999062E-07));
#4360 = CARTESIAN_POINT('',(4.746040865835,5.5));
#4361 = ( GEOMETRIC_REPRESENTATION_CONTEXT(2) 
PARAMETRIC_REPRESENTATION_CONTEXT() REPRESENTATION_CONTEXT('2D SPACE',''
  ) );
#4362 = ORIENTED_EDGE('',*,*,#2081,.T.);
#4363 = ORIENTED_EDGE('',*,*,#4364,.T.);
#4364 = EDGE_CURVE('',#2082,#4365,#4367,.T.);
#4365 = VERTEX_POINT('',#4366);
#4366 = CARTESIAN_POINT('',(-13.92014901484,2.5,90.332086514726));
#4367 = SURFACE_CURVE('',#4368,(#4374,#4380),.PCURVE_S1.);
#4368 = B_SPLINE_CURVE_WITH_KNOTS('',2,(#4369,#4370,#4371,#4372,#4373),
  .UNSPECIFIED.,.F.,.F.,(3,1,1,3),(-0.612,-2.321926835247E-14,10.,10.612
    ),.UNSPECIFIED.);
#4369 = CARTESIAN_POINT('',(-13.92014901484,-5.612,90.332086514726));
#4370 = CARTESIAN_POINT('',(-13.92014901484,-5.306,90.332086514726));
#4371 = CARTESIAN_POINT('',(-13.92014901484,0.,90.332086514726));
#4372 = CARTESIAN_POINT('',(-13.92014901484,5.306,90.332086514726));
#4373 = CARTESIAN_POINT('',(-13.92014901484,5.612,90.332086514726));
#4374 = PCURVE('',#1500,#4375);
#4375 = DEFINITIONAL_REPRESENTATION('',(#4376),#4379);
#4376 = B_SPLINE_CURVE_WITH_KNOTS('',1,(#4377,#4378),.UNSPECIFIED.,.F.,
  .F.,(2,2),(-2.321926835247E-14,10.),.PIECEWISE_BEZIER_KNOTS.);
#4377 = CARTESIAN_POINT('',(1.618420990947,-5.));
#4378 = CARTESIAN_POINT('',(1.618420990947,5.));
#4379 = ( GEOMETRIC_REPRESENTATION_CONTEXT(2) 
PARAMETRIC_REPRESENTATION_CONTEXT() REPRESENTATION_CONTEXT('2D SPACE',''
  ) );
#4380 = PCURVE('',#2139,#4381);
#4381 = DEFINITIONAL_REPRESENTATION('',(#4382),#4386);
#4382 = LINE('',#4383,#4384);
#4383 = CARTESIAN_POINT('',(0.,0.));
#4384 = VECTOR('',#4385,1.);
#4385 = DIRECTION('',(0.,1.));
#4386 = ( GEOMETRIC_REPRESENTATION_CONTEXT(2) 
PARAMETRIC_REPRESENTATION_CONTEXT() REPRESENTATION_CONTEXT('2D SPACE',''
  ) );
#4387 = ORIENTED_EDGE('',*,*,#4388,.F.);
#4388 = EDGE_CURVE('',#3976,#4365,#4389,.T.);
#4389 = SURFACE_CURVE('',#4390,(#4395,#4402),.PCURVE_S1.);
#4390 = CIRCLE('',#4391,57.);
#4391 = AXIS2_PLACEMENT_3D('',#4392,#4393,#4394);
#4392 = CARTESIAN_POINT('',(30.,2.5,54.));
#4393 = DIRECTION('',(0.,1.,0.));
#4394 = DIRECTION('',(-0.6,0.,-0.8));
#4395 = PCURVE('',#1500,#4396);
#4396 = DEFINITIONAL_REPRESENTATION('',(#4397),#4401);
#4397 = LINE('',#4398,#4399);
#4398 = CARTESIAN_POINT('',(0.,2.5));
#4399 = VECTOR('',#4400,1.);
#4400 = DIRECTION('',(1.,0.));
#4401 = ( GEOMETRIC_REPRESENTATION_CONTEXT(2) 
PARAMETRIC_REPRESENTATION_CONTEXT() REPRESENTATION_CONTEXT('2D SPACE',''
  ) );
#4402 = PCURVE('',#2949,#4403);
#4403 = DEFINITIONAL_REPRESENTATION('',(#4404),#4408);
#4404 = CIRCLE('',#4405,57.);
#4405 = AXIS2_PLACEMENT_2D('',#4406,#4407);
#4406 = CARTESIAN_POINT('',(-30.,47.));
#4407 = DIRECTION('',(-0.8,-0.6));
#4408 = ( GEOMETRIC_REPRESENTATION_CONTEXT(2) 
PARAMETRIC_REPRESENTATION_CONTEXT() REPRESENTATION_CONTEXT('2D SPACE',''
  ) );
#4409 = ORIENTED_EDGE('',*,*,#3999,.F.);
#4410 = ORIENTED_EDGE('',*,*,#4411,.F.);
#4411 = EDGE_CURVE('',#4021,#4000,#4412,.T.);
#4412 = SURFACE_CURVE('',#4413,(#4418,#4425),.PCURVE_S1.);
#4413 = CIRCLE('',#4414,57.);
#4414 = AXIS2_PLACEMENT_3D('',#4415,#4416,#4417);
#4415 = CARTESIAN_POINT('',(30.,1.5,54.));
#4416 = DIRECTION('',(0.,1.,0.));
#4417 = DIRECTION('',(-0.6,0.,-0.8));
#4418 = PCURVE('',#1500,#4419);
#4419 = DEFINITIONAL_REPRESENTATION('',(#4420),#4424);
#4420 = LINE('',#4421,#4422);
#4421 = CARTESIAN_POINT('',(0.,1.5));
#4422 = VECTOR('',#4423,1.);
#4423 = DIRECTION('',(1.,0.));
#4424 = ( GEOMETRIC_REPRESENTATION_CONTEXT(2) 
PARAMETRIC_REPRESENTATION_CONTEXT() REPRESENTATION_CONTEXT('2D SPACE',''
  ) );
#4425 = PCURVE('',#4037,#4426);
#4426 = DEFINITIONAL_REPRESENTATION('',(#4427),#4431);
#4427 = CIRCLE('',#4428,57.);
#4428 = AXIS2_PLACEMENT_2D('',#4429,#4430);
#4429 = CARTESIAN_POINT('',(-31.5,47.));
#4430 = DIRECTION('',(-0.8,-0.6));
#4431 = ( GEOMETRIC_REPRESENTATION_CONTEXT(2) 
PARAMETRIC_REPRESENTATION_CONTEXT() REPRESENTATION_CONTEXT('2D SPACE',''
  ) );
#4432 = ORIENTED_EDGE('',*,*,#4049,.T.);
#4433 = ORIENTED_EDGE('',*,*,#1483,.F.);
#4434 = ADVANCED_FACE('',(#4435),#1451,.T.);
#4435 = FACE_BOUND('',#4436,.T.);
#4436 = EDGE_LOOP('',(#4437,#4438,#4439,#4440));
#4437 = ORIENTED_EDGE('',*,*,#1815,.T.);
#4438 = ORIENTED_EDGE('',*,*,#4071,.T.);
#4439 = ORIENTED_EDGE('',*,*,#1417,.F.);
#4440 = ORIENTED_EDGE('',*,*,#1766,.F.);
#4441 = ADVANCED_FACE('',(#4442),#2139,.T.);
#4442 = FACE_BOUND('',#4443,.T.);
#4443 = EDGE_LOOP('',(#4444,#4445,#4446,#4447));
#4444 = ORIENTED_EDGE('',*,*,#4364,.F.);
#4445 = ORIENTED_EDGE('',*,*,#2105,.T.);
#4446 = ORIENTED_EDGE('',*,*,#2908,.T.);
#4447 = ORIENTED_EDGE('',*,*,#4448,.T.);
#4448 = EDGE_CURVE('',#2909,#4365,#4449,.T.);
#4449 = SURFACE_CURVE('',#4450,(#4463,#4479),.PCURVE_S1.);
#4450 = B_SPLINE_CURVE_WITH_KNOTS('',6,(#4451,#4452,#4453,#4454,#4455,
    #4456,#4457,#4458,#4459,#4460,#4461,#4462),.UNSPECIFIED.,.F.,.F.,(7,
    5,7),(0.,0.5,1.),.UNSPECIFIED.);
#4451 = CARTESIAN_POINT('',(-13.71129941527,2.5,91.171525438547));
#4452 = CARTESIAN_POINT('',(-13.69673189696,2.5,91.100908008246));
#4453 = CARTESIAN_POINT('',(-13.68799017677,2.5,91.027650633115));
#4454 = CARTESIAN_POINT('',(-13.68571408855,2.5,90.952598802577));
#4455 = CARTESIAN_POINT('',(-13.69034869533,2.5,90.876843898821));
#4456 = CARTESIAN_POINT('',(-13.70195932806,2.5,90.801617109645));
#4457 = CARTESIAN_POINT('',(-13.73856328084,2.5,90.654493137215));
#4458 = CARTESIAN_POINT('',(-13.7635566098,2.5,90.582595918152));
#4459 = CARTESIAN_POINT('',(-13.79496014614,2.5,90.51350103463));
#4460 = CARTESIAN_POINT('',(-13.83213925575,2.5,90.448265525489));
#4461 = CARTESIAN_POINT('',(-13.87418935402,2.5,90.387644985089));
#4462 = CARTESIAN_POINT('',(-13.92014901484,2.5,90.332086514726));
#4463 = PCURVE('',#2139,#4464);
#4464 = DEFINITIONAL_REPRESENTATION('',(#4465),#4478);
#4465 = B_SPLINE_CURVE_WITH_KNOTS('',6,(#4466,#4467,#4468,#4469,#4470,
    #4471,#4472,#4473,#4474,#4475,#4476,#4477),.UNSPECIFIED.,.F.,.F.,(7,
    5,7),(0.,0.5,1.),.UNSPECIFIED.);
#4466 = CARTESIAN_POINT('',(10.,7.5));
#4467 = CARTESIAN_POINT('',(9.166452289476,7.5));
#4468 = CARTESIAN_POINT('',(8.333022383659,7.5));
#4469 = CARTESIAN_POINT('',(7.499696609728,7.5));
#4470 = CARTESIAN_POINT('',(6.666442830358,7.5));
#4471 = CARTESIAN_POINT('',(5.833219943202,7.5));
#4472 = CARTESIAN_POINT('',(4.166780056798,7.5));
#4473 = CARTESIAN_POINT('',(3.333557169644,7.5));
#4474 = CARTESIAN_POINT('',(2.50030339027,7.5));
#4475 = CARTESIAN_POINT('',(1.666977616342,7.5));
#4476 = CARTESIAN_POINT('',(0.833547710524,7.5));
#4477 = CARTESIAN_POINT('',(0.,7.5));
#4478 = ( GEOMETRIC_REPRESENTATION_CONTEXT(2) 
PARAMETRIC_REPRESENTATION_CONTEXT() REPRESENTATION_CONTEXT('2D SPACE',''
  ) );
#4479 = PCURVE('',#2949,#4480);
#4480 = DEFINITIONAL_REPRESENTATION('',(#4481),#4494);
#4481 = B_SPLINE_CURVE_WITH_KNOTS('',6,(#4482,#4483,#4484,#4485,#4486,
    #4487,#4488,#4489,#4490,#4491,#4492,#4493),.UNSPECIFIED.,.F.,.F.,(7,
    5,7),(0.,0.5,1.),.UNSPECIFIED.);
#4482 = CARTESIAN_POINT('',(7.171525438547,3.288700584729));
#4483 = CARTESIAN_POINT('',(7.100908008246,3.303268103033));
#4484 = CARTESIAN_POINT('',(7.027650633115,3.312009823223));
#4485 = CARTESIAN_POINT('',(6.952598802577,3.314285911443));
#4486 = CARTESIAN_POINT('',(6.876843898821,3.309651304662));
#4487 = CARTESIAN_POINT('',(6.801617109645,3.29804067194));
#4488 = CARTESIAN_POINT('',(6.654493137215,3.261436719159));
#4489 = CARTESIAN_POINT('',(6.582595918152,3.236443390191));
#4490 = CARTESIAN_POINT('',(6.51350103463,3.205039853858));
#4491 = CARTESIAN_POINT('',(6.448265525489,3.167860744243));
#4492 = CARTESIAN_POINT('',(6.387644985089,3.125810645971));
#4493 = CARTESIAN_POINT('',(6.332086514726,3.079850985152));
#4494 = ( GEOMETRIC_REPRESENTATION_CONTEXT(2) 
PARAMETRIC_REPRESENTATION_CONTEXT() REPRESENTATION_CONTEXT('2D SPACE',''
  ) );
#4495 = ADVANCED_FACE('',(#4496),#1961,.T.);
#4496 = FACE_BOUND('',#4497,.T.);
#4497 = EDGE_LOOP('',(#4498,#4521,#4542,#4543));
#4498 = ORIENTED_EDGE('',*,*,#4499,.F.);
#4499 = EDGE_CURVE('',#4500,#4186,#4502,.T.);
#4500 = VERTEX_POINT('',#4501);
#4501 = CARTESIAN_POINT('',(-30.,0.,43.));
#4502 = SURFACE_CURVE('',#4503,(#4507,#4514),.PCURVE_S1.);
#4503 = LINE('',#4504,#4505);
#4504 = CARTESIAN_POINT('',(-30.,0.,43.));
#4505 = VECTOR('',#4506,1.);
#4506 = DIRECTION('',(1.,0.,0.));
#4507 = PCURVE('',#1961,#4508);
#4508 = DEFINITIONAL_REPRESENTATION('',(#4509),#4513);
#4509 = LINE('',#4510,#4511);
#4510 = CARTESIAN_POINT('',(0.,5.));
#4511 = VECTOR('',#4512,1.);
#4512 = DIRECTION('',(1.,0.));
#4513 = ( GEOMETRIC_REPRESENTATION_CONTEXT(2) 
PARAMETRIC_REPRESENTATION_CONTEXT() REPRESENTATION_CONTEXT('2D SPACE',''
  ) );
#4514 = PCURVE('',#4132,#4515);
#4515 = DEFINITIONAL_REPRESENTATION('',(#4516),#4520);
#4516 = LINE('',#4517,#4518);
#4517 = CARTESIAN_POINT('',(6.,0.));
#4518 = VECTOR('',#4519,1.);
#4519 = DIRECTION('',(0.,1.));
#4520 = ( GEOMETRIC_REPRESENTATION_CONTEXT(2) 
PARAMETRIC_REPRESENTATION_CONTEXT() REPRESENTATION_CONTEXT('2D SPACE',''
  ) );
#4521 = ORIENTED_EDGE('',*,*,#4522,.F.);
#4522 = EDGE_CURVE('',#1918,#4500,#4523,.T.);
#4523 = SURFACE_CURVE('',#4524,(#4528,#4535),.PCURVE_S1.);
#4524 = LINE('',#4525,#4526);
#4525 = CARTESIAN_POINT('',(-30.,-5.,43.));
#4526 = VECTOR('',#4527,1.);
#4527 = DIRECTION('',(0.,1.,0.));
#4528 = PCURVE('',#1961,#4529);
#4529 = DEFINITIONAL_REPRESENTATION('',(#4530),#4534);
#4530 = LINE('',#4531,#4532);
#4531 = CARTESIAN_POINT('',(0.,0.));
#4532 = VECTOR('',#4533,1.);
#4533 = DIRECTION('',(0.,1.));
#4534 = ( GEOMETRIC_REPRESENTATION_CONTEXT(2) 
PARAMETRIC_REPRESENTATION_CONTEXT() REPRESENTATION_CONTEXT('2D SPACE',''
  ) );
#4535 = PCURVE('',#1933,#4536);
#4536 = DEFINITIONAL_REPRESENTATION('',(#4537),#4541);
#4537 = LINE('',#4538,#4539);
#4538 = CARTESIAN_POINT('',(6.,0.));
#4539 = VECTOR('',#4540,1.);
#4540 = DIRECTION('',(0.,-1.));
#4541 = ( GEOMETRIC_REPRESENTATION_CONTEXT(2) 
PARAMETRIC_REPRESENTATION_CONTEXT() REPRESENTATION_CONTEXT('2D SPACE',''
  ) );
#4542 = ORIENTED_EDGE('',*,*,#1945,.T.);
#4543 = ORIENTED_EDGE('',*,*,#4209,.T.);
#4544 = ADVANCED_FACE('',(#4545),#1933,.F.);
#4545 = FACE_BOUND('',#4546,.F.);
#4546 = EDGE_LOOP('',(#4547,#4548,#4571,#4592));
#4547 = ORIENTED_EDGE('',*,*,#1917,.F.);
#4548 = ORIENTED_EDGE('',*,*,#4549,.T.);
#4549 = EDGE_CURVE('',#1890,#4550,#4552,.T.);
#4550 = VERTEX_POINT('',#4551);
#4551 = CARTESIAN_POINT('',(-30.,0.,37.));
#4552 = SURFACE_CURVE('',#4553,(#4557,#4564),.PCURVE_S1.);
#4553 = LINE('',#4554,#4555);
#4554 = CARTESIAN_POINT('',(-30.,-5.,37.));
#4555 = VECTOR('',#4556,1.);
#4556 = DIRECTION('',(0.,1.,0.));
#4557 = PCURVE('',#1933,#4558);
#4558 = DEFINITIONAL_REPRESENTATION('',(#4559),#4563);
#4559 = LINE('',#4560,#4561);
#4560 = CARTESIAN_POINT('',(0.,0.));
#4561 = VECTOR('',#4562,1.);
#4562 = DIRECTION('',(0.,-1.));
#4563 = ( GEOMETRIC_REPRESENTATION_CONTEXT(2) 
PARAMETRIC_REPRESENTATION_CONTEXT() REPRESENTATION_CONTEXT('2D SPACE',''
  ) );
#4564 = PCURVE('',#1905,#4565);
#4565 = DEFINITIONAL_REPRESENTATION('',(#4566),#4570);
#4566 = LINE('',#4567,#4568);
#4567 = CARTESIAN_POINT('',(0.,0.));
#4568 = VECTOR('',#4569,1.);
#4569 = DIRECTION('',(0.,1.));
#4570 = ( GEOMETRIC_REPRESENTATION_CONTEXT(2) 
PARAMETRIC_REPRESENTATION_CONTEXT() REPRESENTATION_CONTEXT('2D SPACE',''
  ) );
#4571 = ORIENTED_EDGE('',*,*,#4572,.T.);
#4572 = EDGE_CURVE('',#4550,#4500,#4573,.T.);
#4573 = SURFACE_CURVE('',#4574,(#4578,#4585),.PCURVE_S1.);
#4574 = LINE('',#4575,#4576);
#4575 = CARTESIAN_POINT('',(-30.,0.,37.));
#4576 = VECTOR('',#4577,1.);
#4577 = DIRECTION('',(0.,0.,1.));
#4578 = PCURVE('',#1933,#4579);
#4579 = DEFINITIONAL_REPRESENTATION('',(#4580),#4584);
#4580 = LINE('',#4581,#4582);
#4581 = CARTESIAN_POINT('',(0.,-5.));
#4582 = VECTOR('',#4583,1.);
#4583 = DIRECTION('',(1.,0.));
#4584 = ( GEOMETRIC_REPRESENTATION_CONTEXT(2) 
PARAMETRIC_REPRESENTATION_CONTEXT() REPRESENTATION_CONTEXT('2D SPACE',''
  ) );
#4585 = PCURVE('',#4132,#4586);
#4586 = DEFINITIONAL_REPRESENTATION('',(#4587),#4591);
#4587 = LINE('',#4588,#4589);
#4588 = CARTESIAN_POINT('',(0.,0.));
#4589 = VECTOR('',#4590,1.);
#4590 = DIRECTION('',(1.,0.));
#4591 = ( GEOMETRIC_REPRESENTATION_CONTEXT(2) 
PARAMETRIC_REPRESENTATION_CONTEXT() REPRESENTATION_CONTEXT('2D SPACE',''
  ) );
#4592 = ORIENTED_EDGE('',*,*,#4522,.F.);
#4593 = ADVANCED_FACE('',(#4594),#1905,.F.);
#4594 = FACE_BOUND('',#4595,.F.);
#4595 = EDGE_LOOP('',(#4596,#4617,#4618,#4619));
#4596 = ORIENTED_EDGE('',*,*,#4597,.F.);
#4597 = EDGE_CURVE('',#4550,#4095,#4598,.T.);
#4598 = SURFACE_CURVE('',#4599,(#4603,#4610),.PCURVE_S1.);
#4599 = LINE('',#4600,#4601);
#4600 = CARTESIAN_POINT('',(-30.,0.,37.));
#4601 = VECTOR('',#4602,1.);
#4602 = DIRECTION('',(1.,0.,0.));
#4603 = PCURVE('',#1905,#4604);
#4604 = DEFINITIONAL_REPRESENTATION('',(#4605),#4609);
#4605 = LINE('',#4606,#4607);
#4606 = CARTESIAN_POINT('',(0.,5.));
#4607 = VECTOR('',#4608,1.);
#4608 = DIRECTION('',(1.,0.));
#4609 = ( GEOMETRIC_REPRESENTATION_CONTEXT(2) 
PARAMETRIC_REPRESENTATION_CONTEXT() REPRESENTATION_CONTEXT('2D SPACE',''
  ) );
#4610 = PCURVE('',#4132,#4611);
#4611 = DEFINITIONAL_REPRESENTATION('',(#4612),#4616);
#4612 = LINE('',#4613,#4614);
#4613 = CARTESIAN_POINT('',(0.,0.));
#4614 = VECTOR('',#4615,1.);
#4615 = DIRECTION('',(0.,1.));
#4616 = ( GEOMETRIC_REPRESENTATION_CONTEXT(2) 
PARAMETRIC_REPRESENTATION_CONTEXT() REPRESENTATION_CONTEXT('2D SPACE',''
  ) );
#4617 = ORIENTED_EDGE('',*,*,#4549,.F.);
#4618 = ORIENTED_EDGE('',*,*,#1889,.T.);
#4619 = ORIENTED_EDGE('',*,*,#4094,.T.);
#4620 = ADVANCED_FACE('',(#4621),#2481,.T.);
#4621 = FACE_BOUND('',#4622,.T.);
#4622 = EDGE_LOOP('',(#4623,#4646,#4647,#4648));
#4623 = ORIENTED_EDGE('',*,*,#4624,.F.);
#4624 = EDGE_CURVE('',#2441,#4625,#4627,.T.);
#4625 = VERTEX_POINT('',#4626);
#4626 = CARTESIAN_POINT('',(-28.,0.,39.));
#4627 = SURFACE_CURVE('',#4628,(#4632,#4639),.PCURVE_S1.);
#4628 = LINE('',#4629,#4630);
#4629 = CARTESIAN_POINT('',(-28.,-5.5,39.));
#4630 = VECTOR('',#4631,1.);
#4631 = DIRECTION('',(0.,1.,0.));
#4632 = PCURVE('',#2481,#4633);
#4633 = DEFINITIONAL_REPRESENTATION('',(#4634),#4638);
#4634 = LINE('',#4635,#4636);
#4635 = CARTESIAN_POINT('',(0.,0.));
#4636 = VECTOR('',#4637,1.);
#4637 = DIRECTION('',(0.,1.));
#4638 = ( GEOMETRIC_REPRESENTATION_CONTEXT(2) 
PARAMETRIC_REPRESENTATION_CONTEXT() REPRESENTATION_CONTEXT('2D SPACE',''
  ) );
#4639 = PCURVE('',#2456,#4640);
#4640 = DEFINITIONAL_REPRESENTATION('',(#4641),#4645);
#4641 = LINE('',#4642,#4643);
#4642 = CARTESIAN_POINT('',(0.,0.));
#4643 = VECTOR('',#4644,1.);
#4644 = DIRECTION('',(0.,-1.));
#4645 = ( GEOMETRIC_REPRESENTATION_CONTEXT(2) 
PARAMETRIC_REPRESENTATION_CONTEXT() REPRESENTATION_CONTEXT('2D SPACE',''
  ) );
#4646 = ORIENTED_EDGE('',*,*,#2467,.T.);
#4647 = ORIENTED_EDGE('',*,*,#4144,.T.);
#4648 = ORIENTED_EDGE('',*,*,#4649,.F.);
#4649 = EDGE_CURVE('',#4625,#4116,#4650,.T.);
#4650 = SURFACE_CURVE('',#4651,(#4655,#4661),.PCURVE_S1.);
#4651 = LINE('',#4652,#4653);
#4652 = CARTESIAN_POINT('',(-29.,0.,39.));
#4653 = VECTOR('',#4654,1.);
#4654 = DIRECTION('',(1.,0.,0.));
#4655 = PCURVE('',#2481,#4656);
#4656 = DEFINITIONAL_REPRESENTATION('',(#4657),#4660);
#4657 = B_SPLINE_CURVE_WITH_KNOTS('',1,(#4658,#4659),.UNSPECIFIED.,.F.,
  .F.,(2,2),(1.,5.),.PIECEWISE_BEZIER_KNOTS.);
#4658 = CARTESIAN_POINT('',(0.,5.5));
#4659 = CARTESIAN_POINT('',(4.,5.5));
#4660 = ( GEOMETRIC_REPRESENTATION_CONTEXT(2) 
PARAMETRIC_REPRESENTATION_CONTEXT() REPRESENTATION_CONTEXT('2D SPACE',''
  ) );
#4661 = PCURVE('',#4132,#4662);
#4662 = DEFINITIONAL_REPRESENTATION('',(#4663),#4666);
#4663 = B_SPLINE_CURVE_WITH_KNOTS('',1,(#4664,#4665),.UNSPECIFIED.,.F.,
  .F.,(2,2),(1.,5.),.PIECEWISE_BEZIER_KNOTS.);
#4664 = CARTESIAN_POINT('',(2.,2.));
#4665 = CARTESIAN_POINT('',(2.,6.));
#4666 = ( GEOMETRIC_REPRESENTATION_CONTEXT(2) 
PARAMETRIC_REPRESENTATION_CONTEXT() REPRESENTATION_CONTEXT('2D SPACE',''
  ) );
#4667 = ADVANCED_FACE('',(#4668),#2429,.F.);
#4668 = FACE_BOUND('',#4669,.F.);
#4669 = EDGE_LOOP('',(#4670,#4693,#4694,#4695));
#4670 = ORIENTED_EDGE('',*,*,#4671,.F.);
#4671 = EDGE_CURVE('',#2414,#4672,#4674,.T.);
#4672 = VERTEX_POINT('',#4673);
#4673 = CARTESIAN_POINT('',(-28.,0.,41.));
#4674 = SURFACE_CURVE('',#4675,(#4679,#4686),.PCURVE_S1.);
#4675 = LINE('',#4676,#4677);
#4676 = CARTESIAN_POINT('',(-28.,-5.5,41.));
#4677 = VECTOR('',#4678,1.);
#4678 = DIRECTION('',(0.,1.,0.));
#4679 = PCURVE('',#2429,#4680);
#4680 = DEFINITIONAL_REPRESENTATION('',(#4681),#4685);
#4681 = LINE('',#4682,#4683);
#4682 = CARTESIAN_POINT('',(0.,0.));
#4683 = VECTOR('',#4684,1.);
#4684 = DIRECTION('',(0.,1.));
#4685 = ( GEOMETRIC_REPRESENTATION_CONTEXT(2) 
PARAMETRIC_REPRESENTATION_CONTEXT() REPRESENTATION_CONTEXT('2D SPACE',''
  ) );
#4686 = PCURVE('',#2456,#4687);
#4687 = DEFINITIONAL_REPRESENTATION('',(#4688),#4692);
#4688 = LINE('',#4689,#4690);
#4689 = CARTESIAN_POINT('',(2.,0.));
#4690 = VECTOR('',#4691,1.);
#4691 = DIRECTION('',(0.,-1.));
#4692 = ( GEOMETRIC_REPRESENTATION_CONTEXT(2) 
PARAMETRIC_REPRESENTATION_CONTEXT() REPRESENTATION_CONTEXT('2D SPACE',''
  ) );
#4693 = ORIENTED_EDGE('',*,*,#2413,.T.);
#4694 = ORIENTED_EDGE('',*,*,#4164,.T.);
#4695 = ORIENTED_EDGE('',*,*,#4696,.F.);
#4696 = EDGE_CURVE('',#4672,#4165,#4697,.T.);
#4697 = SURFACE_CURVE('',#4698,(#4702,#4708),.PCURVE_S1.);
#4698 = LINE('',#4699,#4700);
#4699 = CARTESIAN_POINT('',(-29.,0.,41.));
#4700 = VECTOR('',#4701,1.);
#4701 = DIRECTION('',(1.,0.,0.));
#4702 = PCURVE('',#2429,#4703);
#4703 = DEFINITIONAL_REPRESENTATION('',(#4704),#4707);
#4704 = B_SPLINE_CURVE_WITH_KNOTS('',1,(#4705,#4706),.UNSPECIFIED.,.F.,
  .F.,(2,2),(1.,5.),.PIECEWISE_BEZIER_KNOTS.);
#4705 = CARTESIAN_POINT('',(0.,5.5));
#4706 = CARTESIAN_POINT('',(4.,5.5));
#4707 = ( GEOMETRIC_REPRESENTATION_CONTEXT(2) 
PARAMETRIC_REPRESENTATION_CONTEXT() REPRESENTATION_CONTEXT('2D SPACE',''
  ) );
#4708 = PCURVE('',#4132,#4709);
#4709 = DEFINITIONAL_REPRESENTATION('',(#4710),#4713);
#4710 = B_SPLINE_CURVE_WITH_KNOTS('',1,(#4711,#4712),.UNSPECIFIED.,.F.,
  .F.,(2,2),(1.,5.),.PIECEWISE_BEZIER_KNOTS.);
#4711 = CARTESIAN_POINT('',(4.,2.));
#4712 = CARTESIAN_POINT('',(4.,6.));
#4713 = ( GEOMETRIC_REPRESENTATION_CONTEXT(2) 
PARAMETRIC_REPRESENTATION_CONTEXT() REPRESENTATION_CONTEXT('2D SPACE',''
  ) );
#4714 = ADVANCED_FACE('',(#4715),#2456,.T.);
#4715 = FACE_BOUND('',#4716,.T.);
#4716 = EDGE_LOOP('',(#4717,#4718,#4719,#4720));
#4717 = ORIENTED_EDGE('',*,*,#4671,.F.);
#4718 = ORIENTED_EDGE('',*,*,#2440,.T.);
#4719 = ORIENTED_EDGE('',*,*,#4624,.T.);
#4720 = ORIENTED_EDGE('',*,*,#4721,.F.);
#4721 = EDGE_CURVE('',#4672,#4625,#4722,.T.);
#4722 = SURFACE_CURVE('',#4723,(#4727,#4733),.PCURVE_S1.);
#4723 = LINE('',#4724,#4725);
#4724 = CARTESIAN_POINT('',(-28.,0.,38.));
#4725 = VECTOR('',#4726,1.);
#4726 = DIRECTION('',(0.,0.,-1.));
#4727 = PCURVE('',#2456,#4728);
#4728 = DEFINITIONAL_REPRESENTATION('',(#4729),#4732);
#4729 = B_SPLINE_CURVE_WITH_KNOTS('',1,(#4730,#4731),.UNSPECIFIED.,.F.,
  .F.,(2,2),(-3.,-1.),.PIECEWISE_BEZIER_KNOTS.);
#4730 = CARTESIAN_POINT('',(2.,-5.5));
#4731 = CARTESIAN_POINT('',(0.,-5.5));
#4732 = ( GEOMETRIC_REPRESENTATION_CONTEXT(2) 
PARAMETRIC_REPRESENTATION_CONTEXT() REPRESENTATION_CONTEXT('2D SPACE',''
  ) );
#4733 = PCURVE('',#4132,#4734);
#4734 = DEFINITIONAL_REPRESENTATION('',(#4735),#4738);
#4735 = B_SPLINE_CURVE_WITH_KNOTS('',1,(#4736,#4737),.UNSPECIFIED.,.F.,
  .F.,(2,2),(-3.,-1.),.PIECEWISE_BEZIER_KNOTS.);
#4736 = CARTESIAN_POINT('',(4.,2.));
#4737 = CARTESIAN_POINT('',(2.,2.));
#4738 = ( GEOMETRIC_REPRESENTATION_CONTEXT(2) 
PARAMETRIC_REPRESENTATION_CONTEXT() REPRESENTATION_CONTEXT('2D SPACE',''
  ) );
#4739 = ADVANCED_FACE('',(#4740),#3112,.F.);
#4740 = FACE_BOUND('',#4741,.F.);
#4741 = EDGE_LOOP('',(#4742,#4743,#4744,#4765,#4793,#4822));
#4742 = ORIENTED_EDGE('',*,*,#3606,.F.);
#4743 = ORIENTED_EDGE('',*,*,#3095,.F.);
#4744 = ORIENTED_EDGE('',*,*,#4745,.T.);
#4745 = EDGE_CURVE('',#3067,#4746,#4748,.T.);
#4746 = VERTEX_POINT('',#4747);
#4747 = CARTESIAN_POINT('',(17.,2.5,94.));
#4748 = SURFACE_CURVE('',#4749,(#4753,#4759),.PCURVE_S1.);
#4749 = LINE('',#4750,#4751);
#4750 = CARTESIAN_POINT('',(11.5,2.5,94.));
#4751 = VECTOR('',#4752,1.);
#4752 = DIRECTION('',(1.,0.,0.));
#4753 = PCURVE('',#3112,#4754);
#4754 = DEFINITIONAL_REPRESENTATION('',(#4755),#4758);
#4755 = B_SPLINE_CURVE_WITH_KNOTS('',1,(#4756,#4757),.UNSPECIFIED.,.F.,
  .F.,(2,2),(-5.999999999062E-07,6.0000006),.PIECEWISE_BEZIER_KNOTS.);
#4756 = CARTESIAN_POINT('',(10.,28.4999994));
#4757 = CARTESIAN_POINT('',(10.,34.5000006));
#4758 = ( GEOMETRIC_REPRESENTATION_CONTEXT(2) 
PARAMETRIC_REPRESENTATION_CONTEXT() REPRESENTATION_CONTEXT('2D SPACE',''
  ) );
#4759 = PCURVE('',#3083,#4760);
#4760 = DEFINITIONAL_REPRESENTATION('',(#4761),#4764);
#4761 = B_SPLINE_CURVE_WITH_KNOTS('',1,(#4762,#4763),.UNSPECIFIED.,.F.,
  .F.,(2,2),(-5.999999999062E-07,6.0000006),.PIECEWISE_BEZIER_KNOTS.);
#4762 = CARTESIAN_POINT('',(10.,28.4999994));
#4763 = CARTESIAN_POINT('',(10.,34.5000006));
#4764 = ( GEOMETRIC_REPRESENTATION_CONTEXT(2) 
PARAMETRIC_REPRESENTATION_CONTEXT() REPRESENTATION_CONTEXT('2D SPACE',''
  ) );
#4765 = ORIENTED_EDGE('',*,*,#4766,.F.);
#4766 = EDGE_CURVE('',#4767,#4746,#4769,.T.);
#4767 = VERTEX_POINT('',#4768);
#4768 = CARTESIAN_POINT('',(17.,2.5,86.4));
#4769 = SURFACE_CURVE('',#4770,(#4774,#4781),.PCURVE_S1.);
#4770 = LINE('',#4771,#4772);
#4771 = CARTESIAN_POINT('',(17.,2.5,84.));
#4772 = VECTOR('',#4773,1.);
#4773 = DIRECTION('',(0.,0.,1.));
#4774 = PCURVE('',#3112,#4775);
#4775 = DEFINITIONAL_REPRESENTATION('',(#4776),#4780);
#4776 = LINE('',#4777,#4778);
#4777 = CARTESIAN_POINT('',(0.,34.));
#4778 = VECTOR('',#4779,1.);
#4779 = DIRECTION('',(1.,0.));
#4780 = ( GEOMETRIC_REPRESENTATION_CONTEXT(2) 
PARAMETRIC_REPRESENTATION_CONTEXT() REPRESENTATION_CONTEXT('2D SPACE',''
  ) );
#4781 = PCURVE('',#4782,#4787);
#4782 = PLANE('',#4783);
#4783 = AXIS2_PLACEMENT_3D('',#4784,#4785,#4786);
#4784 = CARTESIAN_POINT('',(17.,2.5,84.));
#4785 = DIRECTION('',(1.,0.,0.));
#4786 = DIRECTION('',(0.,0.,1.));
#4787 = DEFINITIONAL_REPRESENTATION('',(#4788),#4792);
#4788 = LINE('',#4789,#4790);
#4789 = CARTESIAN_POINT('',(0.,0.));
#4790 = VECTOR('',#4791,1.);
#4791 = DIRECTION('',(1.,0.));
#4792 = ( GEOMETRIC_REPRESENTATION_CONTEXT(2) 
PARAMETRIC_REPRESENTATION_CONTEXT() REPRESENTATION_CONTEXT('2D SPACE',''
  ) );
#4793 = ORIENTED_EDGE('',*,*,#4794,.F.);
#4794 = EDGE_CURVE('',#4795,#4767,#4797,.T.);
#4795 = VERTEX_POINT('',#4796);
#4796 = CARTESIAN_POINT('',(17.,2.5,84.599999999999));
#4797 = SURFACE_CURVE('',#4798,(#4803,#4810),.PCURVE_S1.);
#4798 = CIRCLE('',#4799,0.9);
#4799 = AXIS2_PLACEMENT_3D('',#4800,#4801,#4802);
#4800 = CARTESIAN_POINT('',(17.,2.5,85.5));
#4801 = DIRECTION('',(0.,1.,0.));
#4802 = DIRECTION('',(0.,-0.,1.));
#4803 = PCURVE('',#3112,#4804);
#4804 = DEFINITIONAL_REPRESENTATION('',(#4805),#4809);
#4805 = CIRCLE('',#4806,0.9);
#4806 = AXIS2_PLACEMENT_2D('',#4807,#4808);
#4807 = CARTESIAN_POINT('',(1.5,34.));
#4808 = DIRECTION('',(1.,0.));
#4809 = ( GEOMETRIC_REPRESENTATION_CONTEXT(2) 
PARAMETRIC_REPRESENTATION_CONTEXT() REPRESENTATION_CONTEXT('2D SPACE',''
  ) );
#4810 = PCURVE('',#4811,#4816);
#4811 = CYLINDRICAL_SURFACE('',#4812,0.9);
#4812 = AXIS2_PLACEMENT_3D('',#4813,#4814,#4815);
#4813 = CARTESIAN_POINT('',(17.,1.5,85.5));
#4814 = DIRECTION('',(0.,1.,0.));
#4815 = DIRECTION('',(0.,-0.,1.));
#4816 = DEFINITIONAL_REPRESENTATION('',(#4817),#4821);
#4817 = LINE('',#4818,#4819);
#4818 = CARTESIAN_POINT('',(0.,1.));
#4819 = VECTOR('',#4820,1.);
#4820 = DIRECTION('',(1.,0.));
#4821 = ( GEOMETRIC_REPRESENTATION_CONTEXT(2) 
PARAMETRIC_REPRESENTATION_CONTEXT() REPRESENTATION_CONTEXT('2D SPACE',''
  ) );
#4822 = ORIENTED_EDGE('',*,*,#4823,.F.);
#4823 = EDGE_CURVE('',#3607,#4795,#4824,.T.);
#4824 = SURFACE_CURVE('',#4825,(#4829,#4836),.PCURVE_S1.);
#4825 = LINE('',#4826,#4827);
#4826 = CARTESIAN_POINT('',(17.,2.5,84.));
#4827 = VECTOR('',#4828,1.);
#4828 = DIRECTION('',(0.,0.,1.));
#4829 = PCURVE('',#3112,#4830);
#4830 = DEFINITIONAL_REPRESENTATION('',(#4831),#4835);
#4831 = LINE('',#4832,#4833);
#4832 = CARTESIAN_POINT('',(0.,34.));
#4833 = VECTOR('',#4834,1.);
#4834 = DIRECTION('',(1.,0.));
#4835 = ( GEOMETRIC_REPRESENTATION_CONTEXT(2) 
PARAMETRIC_REPRESENTATION_CONTEXT() REPRESENTATION_CONTEXT('2D SPACE',''
  ) );
#4836 = PCURVE('',#3645,#4837);
#4837 = DEFINITIONAL_REPRESENTATION('',(#4838),#4842);
#4838 = LINE('',#4839,#4840);
#4839 = CARTESIAN_POINT('',(0.,0.));
#4840 = VECTOR('',#4841,1.);
#4841 = DIRECTION('',(1.,0.));
#4842 = ( GEOMETRIC_REPRESENTATION_CONTEXT(2) 
PARAMETRIC_REPRESENTATION_CONTEXT() REPRESENTATION_CONTEXT('2D SPACE',''
  ) );
#4843 = ADVANCED_FACE('',(#4844),#2949,.F.);
#4844 = FACE_BOUND('',#4845,.F.);
#4845 = EDGE_LOOP('',(#4846,#4847,#4848,#4871,#4890,#4891));
#4846 = ORIENTED_EDGE('',*,*,#4388,.F.);
#4847 = ORIENTED_EDGE('',*,*,#3975,.F.);
#4848 = ORIENTED_EDGE('',*,*,#4849,.T.);
#4849 = EDGE_CURVE('',#3949,#4850,#4852,.T.);
#4850 = VERTEX_POINT('',#4851);
#4851 = CARTESIAN_POINT('',(-17.,2.5,94.));
#4852 = SURFACE_CURVE('',#4853,(#4857,#4864),.PCURVE_S1.);
#4853 = LINE('',#4854,#4855);
#4854 = CARTESIAN_POINT('',(-17.,2.5,84.));
#4855 = VECTOR('',#4856,1.);
#4856 = DIRECTION('',(0.,0.,1.));
#4857 = PCURVE('',#2949,#4858);
#4858 = DEFINITIONAL_REPRESENTATION('',(#4859),#4863);
#4859 = LINE('',#4860,#4861);
#4860 = CARTESIAN_POINT('',(0.,0.));
#4861 = VECTOR('',#4862,1.);
#4862 = DIRECTION('',(1.,0.));
#4863 = ( GEOMETRIC_REPRESENTATION_CONTEXT(2) 
PARAMETRIC_REPRESENTATION_CONTEXT() REPRESENTATION_CONTEXT('2D SPACE',''
  ) );
#4864 = PCURVE('',#3963,#4865);
#4865 = DEFINITIONAL_REPRESENTATION('',(#4866),#4870);
#4866 = LINE('',#4867,#4868);
#4867 = CARTESIAN_POINT('',(0.,0.));
#4868 = VECTOR('',#4869,1.);
#4869 = DIRECTION('',(1.,0.));
#4870 = ( GEOMETRIC_REPRESENTATION_CONTEXT(2) 
PARAMETRIC_REPRESENTATION_CONTEXT() REPRESENTATION_CONTEXT('2D SPACE',''
  ) );
#4871 = ORIENTED_EDGE('',*,*,#4872,.T.);
#4872 = EDGE_CURVE('',#4850,#2933,#4873,.T.);
#4873 = SURFACE_CURVE('',#4874,(#4878,#4884),.PCURVE_S1.);
#4874 = LINE('',#4875,#4876);
#4875 = CARTESIAN_POINT('',(-17.5,2.5,94.));
#4876 = VECTOR('',#4877,1.);
#4877 = DIRECTION('',(1.,0.,0.));
#4878 = PCURVE('',#2949,#4879);
#4879 = DEFINITIONAL_REPRESENTATION('',(#4880),#4883);
#4880 = B_SPLINE_CURVE_WITH_KNOTS('',1,(#4881,#4882),.UNSPECIFIED.,.F.,
  .F.,(2,2),(-5.999999999062E-07,6.0000006),.PIECEWISE_BEZIER_KNOTS.);
#4881 = CARTESIAN_POINT('',(10.,-0.5000006));
#4882 = CARTESIAN_POINT('',(10.,5.5000006));
#4883 = ( GEOMETRIC_REPRESENTATION_CONTEXT(2) 
PARAMETRIC_REPRESENTATION_CONTEXT() REPRESENTATION_CONTEXT('2D SPACE',''
  ) );
#4884 = PCURVE('',#2978,#4885);
#4885 = DEFINITIONAL_REPRESENTATION('',(#4886),#4889);
#4886 = B_SPLINE_CURVE_WITH_KNOTS('',1,(#4887,#4888),.UNSPECIFIED.,.F.,
  .F.,(2,2),(-5.999999999062E-07,6.0000006),.PIECEWISE_BEZIER_KNOTS.);
#4887 = CARTESIAN_POINT('',(10.,-0.5000006));
#4888 = CARTESIAN_POINT('',(10.,5.5000006));
#4889 = ( GEOMETRIC_REPRESENTATION_CONTEXT(2) 
PARAMETRIC_REPRESENTATION_CONTEXT() REPRESENTATION_CONTEXT('2D SPACE',''
  ) );
#4890 = ORIENTED_EDGE('',*,*,#2932,.F.);
#4891 = ORIENTED_EDGE('',*,*,#4448,.T.);
#4892 = ADVANCED_FACE('',(#4893),#3083,.F.);
#4893 = FACE_BOUND('',#4894,.F.);
#4894 = EDGE_LOOP('',(#4895,#4896,#4897,#4920,#4948,#4977));
#4895 = ORIENTED_EDGE('',*,*,#4745,.F.);
#4896 = ORIENTED_EDGE('',*,*,#3066,.F.);
#4897 = ORIENTED_EDGE('',*,*,#4898,.F.);
#4898 = EDGE_CURVE('',#4899,#3046,#4901,.T.);
#4899 = VERTEX_POINT('',#4900);
#4900 = CARTESIAN_POINT('',(17.,2.5,104.));
#4901 = SURFACE_CURVE('',#4902,(#4906,#4913),.PCURVE_S1.);
#4902 = LINE('',#4903,#4904);
#4903 = CARTESIAN_POINT('',(17.,2.5,104.));
#4904 = VECTOR('',#4905,1.);
#4905 = DIRECTION('',(-1.,0.,0.));
#4906 = PCURVE('',#3083,#4907);
#4907 = DEFINITIONAL_REPRESENTATION('',(#4908),#4912);
#4908 = LINE('',#4909,#4910);
#4909 = CARTESIAN_POINT('',(20.,34.));
#4910 = VECTOR('',#4911,1.);
#4911 = DIRECTION('',(0.,-1.));
#4912 = ( GEOMETRIC_REPRESENTATION_CONTEXT(2) 
PARAMETRIC_REPRESENTATION_CONTEXT() REPRESENTATION_CONTEXT('2D SPACE',''
  ) );
#4913 = PCURVE('',#3005,#4914);
#4914 = DEFINITIONAL_REPRESENTATION('',(#4915),#4919);
#4915 = LINE('',#4916,#4917);
#4916 = CARTESIAN_POINT('',(34.,0.));
#4917 = VECTOR('',#4918,1.);
#4918 = DIRECTION('',(-1.,0.));
#4919 = ( GEOMETRIC_REPRESENTATION_CONTEXT(2) 
PARAMETRIC_REPRESENTATION_CONTEXT() REPRESENTATION_CONTEXT('2D SPACE',''
  ) );
#4920 = ORIENTED_EDGE('',*,*,#4921,.F.);
#4921 = EDGE_CURVE('',#4922,#4899,#4924,.T.);
#4922 = VERTEX_POINT('',#4923);
#4923 = CARTESIAN_POINT('',(17.,2.5,103.4));
#4924 = SURFACE_CURVE('',#4925,(#4929,#4936),.PCURVE_S1.);
#4925 = LINE('',#4926,#4927);
#4926 = CARTESIAN_POINT('',(17.,2.5,84.));
#4927 = VECTOR('',#4928,1.);
#4928 = DIRECTION('',(0.,0.,1.));
#4929 = PCURVE('',#3083,#4930);
#4930 = DEFINITIONAL_REPRESENTATION('',(#4931),#4935);
#4931 = LINE('',#4932,#4933);
#4932 = CARTESIAN_POINT('',(0.,34.));
#4933 = VECTOR('',#4934,1.);
#4934 = DIRECTION('',(1.,0.));
#4935 = ( GEOMETRIC_REPRESENTATION_CONTEXT(2) 
PARAMETRIC_REPRESENTATION_CONTEXT() REPRESENTATION_CONTEXT('2D SPACE',''
  ) );
#4936 = PCURVE('',#4937,#4942);
#4937 = PLANE('',#4938);
#4938 = AXIS2_PLACEMENT_3D('',#4939,#4940,#4941);
#4939 = CARTESIAN_POINT('',(17.,2.5,84.));
#4940 = DIRECTION('',(1.,0.,0.));
#4941 = DIRECTION('',(0.,0.,1.));
#4942 = DEFINITIONAL_REPRESENTATION('',(#4943),#4947);
#4943 = LINE('',#4944,#4945);
#4944 = CARTESIAN_POINT('',(0.,0.));
#4945 = VECTOR('',#4946,1.);
#4946 = DIRECTION('',(1.,0.));
#4947 = ( GEOMETRIC_REPRESENTATION_CONTEXT(2) 
PARAMETRIC_REPRESENTATION_CONTEXT() REPRESENTATION_CONTEXT('2D SPACE',''
  ) );
#4948 = ORIENTED_EDGE('',*,*,#4949,.F.);
#4949 = EDGE_CURVE('',#4950,#4922,#4952,.T.);
#4950 = VERTEX_POINT('',#4951);
#4951 = CARTESIAN_POINT('',(17.,2.5,101.6));
#4952 = SURFACE_CURVE('',#4953,(#4958,#4965),.PCURVE_S1.);
#4953 = CIRCLE('',#4954,0.9);
#4954 = AXIS2_PLACEMENT_3D('',#4955,#4956,#4957);
#4955 = CARTESIAN_POINT('',(17.,2.5,102.5));
#4956 = DIRECTION('',(0.,1.,0.));
#4957 = DIRECTION('',(0.,-0.,1.));
#4958 = PCURVE('',#3083,#4959);
#4959 = DEFINITIONAL_REPRESENTATION('',(#4960),#4964);
#4960 = CIRCLE('',#4961,0.9);
#4961 = AXIS2_PLACEMENT_2D('',#4962,#4963);
#4962 = CARTESIAN_POINT('',(18.5,34.));
#4963 = DIRECTION('',(1.,0.));
#4964 = ( GEOMETRIC_REPRESENTATION_CONTEXT(2) 
PARAMETRIC_REPRESENTATION_CONTEXT() REPRESENTATION_CONTEXT('2D SPACE',''
  ) );
#4965 = PCURVE('',#4966,#4971);
#4966 = CYLINDRICAL_SURFACE('',#4967,0.9);
#4967 = AXIS2_PLACEMENT_3D('',#4968,#4969,#4970);
#4968 = CARTESIAN_POINT('',(17.,1.5,102.5));
#4969 = DIRECTION('',(0.,1.,0.));
#4970 = DIRECTION('',(0.,-0.,1.));
#4971 = DEFINITIONAL_REPRESENTATION('',(#4972),#4976);
#4972 = LINE('',#4973,#4974);
#4973 = CARTESIAN_POINT('',(0.,1.));
#4974 = VECTOR('',#4975,1.);
#4975 = DIRECTION('',(1.,0.));
#4976 = ( GEOMETRIC_REPRESENTATION_CONTEXT(2) 
PARAMETRIC_REPRESENTATION_CONTEXT() REPRESENTATION_CONTEXT('2D SPACE',''
  ) );
#4977 = ORIENTED_EDGE('',*,*,#4978,.F.);
#4978 = EDGE_CURVE('',#4746,#4950,#4979,.T.);
#4979 = SURFACE_CURVE('',#4980,(#4984,#4991),.PCURVE_S1.);
#4980 = LINE('',#4981,#4982);
#4981 = CARTESIAN_POINT('',(17.,2.5,84.));
#4982 = VECTOR('',#4983,1.);
#4983 = DIRECTION('',(0.,0.,1.));
#4984 = PCURVE('',#3083,#4985);
#4985 = DEFINITIONAL_REPRESENTATION('',(#4986),#4990);
#4986 = LINE('',#4987,#4988);
#4987 = CARTESIAN_POINT('',(0.,34.));
#4988 = VECTOR('',#4989,1.);
#4989 = DIRECTION('',(1.,0.));
#4990 = ( GEOMETRIC_REPRESENTATION_CONTEXT(2) 
PARAMETRIC_REPRESENTATION_CONTEXT() REPRESENTATION_CONTEXT('2D SPACE',''
  ) );
#4991 = PCURVE('',#4992,#4997);
#4992 = PLANE('',#4993);
#4993 = AXIS2_PLACEMENT_3D('',#4994,#4995,#4996);
#4994 = CARTESIAN_POINT('',(17.,2.5,84.));
#4995 = DIRECTION('',(1.,0.,0.));
#4996 = DIRECTION('',(0.,0.,1.));
#4997 = DEFINITIONAL_REPRESENTATION('',(#4998),#5002);
#4998 = LINE('',#4999,#5000);
#4999 = CARTESIAN_POINT('',(0.,0.));
#5000 = VECTOR('',#5001,1.);
#5001 = DIRECTION('',(1.,0.));
#5002 = ( GEOMETRIC_REPRESENTATION_CONTEXT(2) 
PARAMETRIC_REPRESENTATION_CONTEXT() REPRESENTATION_CONTEXT('2D SPACE',''
  ) );
#5003 = ADVANCED_FACE('',(#5004),#2978,.F.);
#5004 = FACE_BOUND('',#5005,.F.);
#5005 = EDGE_LOOP('',(#5006,#5007,#5035,#5064,#5092,#5113));
#5006 = ORIENTED_EDGE('',*,*,#4872,.F.);
#5007 = ORIENTED_EDGE('',*,*,#5008,.T.);
#5008 = EDGE_CURVE('',#4850,#5009,#5011,.T.);
#5009 = VERTEX_POINT('',#5010);
#5010 = CARTESIAN_POINT('',(-17.,2.5,101.6));
#5011 = SURFACE_CURVE('',#5012,(#5016,#5023),.PCURVE_S1.);
#5012 = LINE('',#5013,#5014);
#5013 = CARTESIAN_POINT('',(-17.,2.5,84.));
#5014 = VECTOR('',#5015,1.);
#5015 = DIRECTION('',(0.,0.,1.));
#5016 = PCURVE('',#2978,#5017);
#5017 = DEFINITIONAL_REPRESENTATION('',(#5018),#5022);
#5018 = LINE('',#5019,#5020);
#5019 = CARTESIAN_POINT('',(0.,0.));
#5020 = VECTOR('',#5021,1.);
#5021 = DIRECTION('',(1.,0.));
#5022 = ( GEOMETRIC_REPRESENTATION_CONTEXT(2) 
PARAMETRIC_REPRESENTATION_CONTEXT() REPRESENTATION_CONTEXT('2D SPACE',''
  ) );
#5023 = PCURVE('',#5024,#5029);
#5024 = PLANE('',#5025);
#5025 = AXIS2_PLACEMENT_3D('',#5026,#5027,#5028);
#5026 = CARTESIAN_POINT('',(-17.,2.5,84.));
#5027 = DIRECTION('',(1.,0.,0.));
#5028 = DIRECTION('',(0.,0.,1.));
#5029 = DEFINITIONAL_REPRESENTATION('',(#5030),#5034);
#5030 = LINE('',#5031,#5032);
#5031 = CARTESIAN_POINT('',(0.,0.));
#5032 = VECTOR('',#5033,1.);
#5033 = DIRECTION('',(1.,0.));
#5034 = ( GEOMETRIC_REPRESENTATION_CONTEXT(2) 
PARAMETRIC_REPRESENTATION_CONTEXT() REPRESENTATION_CONTEXT('2D SPACE',''
  ) );
#5035 = ORIENTED_EDGE('',*,*,#5036,.F.);
#5036 = EDGE_CURVE('',#5037,#5009,#5039,.T.);
#5037 = VERTEX_POINT('',#5038);
#5038 = CARTESIAN_POINT('',(-17.,2.5,103.4));
#5039 = SURFACE_CURVE('',#5040,(#5045,#5052),.PCURVE_S1.);
#5040 = CIRCLE('',#5041,0.9);
#5041 = AXIS2_PLACEMENT_3D('',#5042,#5043,#5044);
#5042 = CARTESIAN_POINT('',(-17.,2.5,102.5));
#5043 = DIRECTION('',(0.,1.,0.));
#5044 = DIRECTION('',(0.,-0.,1.));
#5045 = PCURVE('',#2978,#5046);
#5046 = DEFINITIONAL_REPRESENTATION('',(#5047),#5051);
#5047 = CIRCLE('',#5048,0.9);
#5048 = AXIS2_PLACEMENT_2D('',#5049,#5050);
#5049 = CARTESIAN_POINT('',(18.5,0.));
#5050 = DIRECTION('',(1.,0.));
#5051 = ( GEOMETRIC_REPRESENTATION_CONTEXT(2) 
PARAMETRIC_REPRESENTATION_CONTEXT() REPRESENTATION_CONTEXT('2D SPACE',''
  ) );
#5052 = PCURVE('',#5053,#5058);
#5053 = CYLINDRICAL_SURFACE('',#5054,0.9);
#5054 = AXIS2_PLACEMENT_3D('',#5055,#5056,#5057);
#5055 = CARTESIAN_POINT('',(-17.,1.5,102.5));
#5056 = DIRECTION('',(0.,1.,0.));
#5057 = DIRECTION('',(0.,-0.,1.));
#5058 = DEFINITIONAL_REPRESENTATION('',(#5059),#5063);
#5059 = LINE('',#5060,#5061);
#5060 = CARTESIAN_POINT('',(0.,1.));
#5061 = VECTOR('',#5062,1.);
#5062 = DIRECTION('',(1.,0.));
#5063 = ( GEOMETRIC_REPRESENTATION_CONTEXT(2) 
PARAMETRIC_REPRESENTATION_CONTEXT() REPRESENTATION_CONTEXT('2D SPACE',''
  ) );
#5064 = ORIENTED_EDGE('',*,*,#5065,.T.);
#5065 = EDGE_CURVE('',#5037,#5066,#5068,.T.);
#5066 = VERTEX_POINT('',#5067);
#5067 = CARTESIAN_POINT('',(-17.,2.5,104.));
#5068 = SURFACE_CURVE('',#5069,(#5073,#5080),.PCURVE_S1.);
#5069 = LINE('',#5070,#5071);
#5070 = CARTESIAN_POINT('',(-17.,2.5,84.));
#5071 = VECTOR('',#5072,1.);
#5072 = DIRECTION('',(0.,0.,1.));
#5073 = PCURVE('',#2978,#5074);
#5074 = DEFINITIONAL_REPRESENTATION('',(#5075),#5079);
#5075 = LINE('',#5076,#5077);
#5076 = CARTESIAN_POINT('',(0.,0.));
#5077 = VECTOR('',#5078,1.);
#5078 = DIRECTION('',(1.,0.));
#5079 = ( GEOMETRIC_REPRESENTATION_CONTEXT(2) 
PARAMETRIC_REPRESENTATION_CONTEXT() REPRESENTATION_CONTEXT('2D SPACE',''
  ) );
#5080 = PCURVE('',#5081,#5086);
#5081 = PLANE('',#5082);
#5082 = AXIS2_PLACEMENT_3D('',#5083,#5084,#5085);
#5083 = CARTESIAN_POINT('',(-17.,2.5,84.));
#5084 = DIRECTION('',(1.,0.,0.));
#5085 = DIRECTION('',(0.,0.,1.));
#5086 = DEFINITIONAL_REPRESENTATION('',(#5087),#5091);
#5087 = LINE('',#5088,#5089);
#5088 = CARTESIAN_POINT('',(0.,0.));
#5089 = VECTOR('',#5090,1.);
#5090 = DIRECTION('',(1.,0.));
#5091 = ( GEOMETRIC_REPRESENTATION_CONTEXT(2) 
PARAMETRIC_REPRESENTATION_CONTEXT() REPRESENTATION_CONTEXT('2D SPACE',''
  ) );
#5092 = ORIENTED_EDGE('',*,*,#5093,.F.);
#5093 = EDGE_CURVE('',#2962,#5066,#5094,.T.);
#5094 = SURFACE_CURVE('',#5095,(#5099,#5106),.PCURVE_S1.);
#5095 = LINE('',#5096,#5097);
#5096 = CARTESIAN_POINT('',(17.,2.5,104.));
#5097 = VECTOR('',#5098,1.);
#5098 = DIRECTION('',(-1.,0.,0.));
#5099 = PCURVE('',#2978,#5100);
#5100 = DEFINITIONAL_REPRESENTATION('',(#5101),#5105);
#5101 = LINE('',#5102,#5103);
#5102 = CARTESIAN_POINT('',(20.,34.));
#5103 = VECTOR('',#5104,1.);
#5104 = DIRECTION('',(0.,-1.));
#5105 = ( GEOMETRIC_REPRESENTATION_CONTEXT(2) 
PARAMETRIC_REPRESENTATION_CONTEXT() REPRESENTATION_CONTEXT('2D SPACE',''
  ) );
#5106 = PCURVE('',#3005,#5107);
#5107 = DEFINITIONAL_REPRESENTATION('',(#5108),#5112);
#5108 = LINE('',#5109,#5110);
#5109 = CARTESIAN_POINT('',(34.,0.));
#5110 = VECTOR('',#5111,1.);
#5111 = DIRECTION('',(-1.,0.));
#5112 = ( GEOMETRIC_REPRESENTATION_CONTEXT(2) 
PARAMETRIC_REPRESENTATION_CONTEXT() REPRESENTATION_CONTEXT('2D SPACE',''
  ) );
#5113 = ORIENTED_EDGE('',*,*,#2961,.F.);
#5114 = ADVANCED_FACE('',(#5115),#3005,.T.);
#5115 = FACE_BOUND('',#5116,.T.);
#5116 = EDGE_LOOP('',(#5117,#5147,#5168,#5169,#5170,#5189,#5190,#5191,
    #5214,#5242,#5270,#5296,#5322,#5350,#5376,#5402));
#5117 = ORIENTED_EDGE('',*,*,#5118,.F.);
#5118 = EDGE_CURVE('',#5119,#5121,#5123,.T.);
#5119 = VERTEX_POINT('',#5120);
#5120 = CARTESIAN_POINT('',(-17.,6.,104.));
#5121 = VERTEX_POINT('',#5122);
#5122 = CARTESIAN_POINT('',(-15.5,6.,104.));
#5123 = SURFACE_CURVE('',#5124,(#5128,#5135),.PCURVE_S1.);
#5124 = LINE('',#5125,#5126);
#5125 = CARTESIAN_POINT('',(-17.,6.,104.));
#5126 = VECTOR('',#5127,1.);
#5127 = DIRECTION('',(1.,0.,0.));
#5128 = PCURVE('',#3005,#5129);
#5129 = DEFINITIONAL_REPRESENTATION('',(#5130),#5134);
#5130 = LINE('',#5131,#5132);
#5131 = CARTESIAN_POINT('',(0.,3.5));
#5132 = VECTOR('',#5133,1.);
#5133 = DIRECTION('',(1.,0.));
#5134 = ( GEOMETRIC_REPRESENTATION_CONTEXT(2) 
PARAMETRIC_REPRESENTATION_CONTEXT() REPRESENTATION_CONTEXT('2D SPACE',''
  ) );
#5135 = PCURVE('',#5136,#5141);
#5136 = PLANE('',#5137);
#5137 = AXIS2_PLACEMENT_3D('',#5138,#5139,#5140);
#5138 = CARTESIAN_POINT('',(-17.,6.,84.));
#5139 = DIRECTION('',(0.,1.,0.));
#5140 = DIRECTION('',(0.,0.,1.));
#5141 = DEFINITIONAL_REPRESENTATION('',(#5142),#5146);
#5142 = LINE('',#5143,#5144);
#5143 = CARTESIAN_POINT('',(20.,0.));
#5144 = VECTOR('',#5145,1.);
#5145 = DIRECTION('',(0.,1.));
#5146 = ( GEOMETRIC_REPRESENTATION_CONTEXT(2) 
PARAMETRIC_REPRESENTATION_CONTEXT() REPRESENTATION_CONTEXT('2D SPACE',''
  ) );
#5147 = ORIENTED_EDGE('',*,*,#5148,.F.);
#5148 = EDGE_CURVE('',#5066,#5119,#5149,.T.);
#5149 = SURFACE_CURVE('',#5150,(#5154,#5161),.PCURVE_S1.);
#5150 = LINE('',#5151,#5152);
#5151 = CARTESIAN_POINT('',(-17.,2.5,104.));
#5152 = VECTOR('',#5153,1.);
#5153 = DIRECTION('',(0.,1.,0.));
#5154 = PCURVE('',#3005,#5155);
#5155 = DEFINITIONAL_REPRESENTATION('',(#5156),#5160);
#5156 = LINE('',#5157,#5158);
#5157 = CARTESIAN_POINT('',(0.,0.));
#5158 = VECTOR('',#5159,1.);
#5159 = DIRECTION('',(0.,1.));
#5160 = ( GEOMETRIC_REPRESENTATION_CONTEXT(2) 
PARAMETRIC_REPRESENTATION_CONTEXT() REPRESENTATION_CONTEXT('2D SPACE',''
  ) );
#5161 = PCURVE('',#5081,#5162);
#5162 = DEFINITIONAL_REPRESENTATION('',(#5163),#5167);
#5163 = LINE('',#5164,#5165);
#5164 = CARTESIAN_POINT('',(20.,0.));
#5165 = VECTOR('',#5166,1.);
#5166 = DIRECTION('',(0.,-1.));
#5167 = ( GEOMETRIC_REPRESENTATION_CONTEXT(2) 
PARAMETRIC_REPRESENTATION_CONTEXT() REPRESENTATION_CONTEXT('2D SPACE',''
  ) );
#5168 = ORIENTED_EDGE('',*,*,#5093,.F.);
#5169 = ORIENTED_EDGE('',*,*,#2990,.T.);
#5170 = ORIENTED_EDGE('',*,*,#5171,.T.);
#5171 = EDGE_CURVE('',#2991,#3017,#5172,.T.);
#5172 = SURFACE_CURVE('',#5173,(#5177,#5183),.PCURVE_S1.);
#5173 = LINE('',#5174,#5175);
#5174 = CARTESIAN_POINT('',(-13.94992717229,5.,104.));
#5175 = VECTOR('',#5176,1.);
#5176 = DIRECTION('',(1.,0.,0.));
#5177 = PCURVE('',#3005,#5178);
#5178 = DEFINITIONAL_REPRESENTATION('',(#5179),#5182);
#5179 = B_SPLINE_CURVE_WITH_KNOTS('',1,(#5180,#5181),.UNSPECIFIED.,.F.,
  .F.,(2,2),(-3.050072827705,27.949927172295),.PIECEWISE_BEZIER_KNOTS.);
#5180 = CARTESIAN_POINT('',(0.,2.5));
#5181 = CARTESIAN_POINT('',(31.,2.5));
#5182 = ( GEOMETRIC_REPRESENTATION_CONTEXT(2) 
PARAMETRIC_REPRESENTATION_CONTEXT() REPRESENTATION_CONTEXT('2D SPACE',''
  ) );
#5183 = PCURVE('',#3033,#5184);
#5184 = DEFINITIONAL_REPRESENTATION('',(#5185),#5188);
#5185 = B_SPLINE_CURVE_WITH_KNOTS('',1,(#5186,#5187),.UNSPECIFIED.,.F.,
  .F.,(2,2),(-3.050072827705,27.949927172295),.PIECEWISE_BEZIER_KNOTS.);
#5186 = CARTESIAN_POINT('',(50.,-6.10014565541));
#5187 = CARTESIAN_POINT('',(50.,24.89985434459));
#5188 = ( GEOMETRIC_REPRESENTATION_CONTEXT(2) 
PARAMETRIC_REPRESENTATION_CONTEXT() REPRESENTATION_CONTEXT('2D SPACE',''
  ) );
#5189 = ORIENTED_EDGE('',*,*,#3045,.F.);
#5190 = ORIENTED_EDGE('',*,*,#4898,.F.);
#5191 = ORIENTED_EDGE('',*,*,#5192,.T.);
#5192 = EDGE_CURVE('',#4899,#5193,#5195,.T.);
#5193 = VERTEX_POINT('',#5194);
#5194 = CARTESIAN_POINT('',(17.,6.,104.));
#5195 = SURFACE_CURVE('',#5196,(#5200,#5207),.PCURVE_S1.);
#5196 = LINE('',#5197,#5198);
#5197 = CARTESIAN_POINT('',(17.,2.5,104.));
#5198 = VECTOR('',#5199,1.);
#5199 = DIRECTION('',(0.,1.,0.));
#5200 = PCURVE('',#3005,#5201);
#5201 = DEFINITIONAL_REPRESENTATION('',(#5202),#5206);
#5202 = LINE('',#5203,#5204);
#5203 = CARTESIAN_POINT('',(34.,0.));
#5204 = VECTOR('',#5205,1.);
#5205 = DIRECTION('',(0.,1.));
#5206 = ( GEOMETRIC_REPRESENTATION_CONTEXT(2) 
PARAMETRIC_REPRESENTATION_CONTEXT() REPRESENTATION_CONTEXT('2D SPACE',''
  ) );
#5207 = PCURVE('',#4937,#5208);
#5208 = DEFINITIONAL_REPRESENTATION('',(#5209),#5213);
#5209 = LINE('',#5210,#5211);
#5210 = CARTESIAN_POINT('',(20.,0.));
#5211 = VECTOR('',#5212,1.);
#5212 = DIRECTION('',(0.,-1.));
#5213 = ( GEOMETRIC_REPRESENTATION_CONTEXT(2) 
PARAMETRIC_REPRESENTATION_CONTEXT() REPRESENTATION_CONTEXT('2D SPACE',''
  ) );
#5214 = ORIENTED_EDGE('',*,*,#5215,.F.);
#5215 = EDGE_CURVE('',#5216,#5193,#5218,.T.);
#5216 = VERTEX_POINT('',#5217);
#5217 = CARTESIAN_POINT('',(15.5,6.,104.));
#5218 = SURFACE_CURVE('',#5219,(#5223,#5230),.PCURVE_S1.);
#5219 = LINE('',#5220,#5221);
#5220 = CARTESIAN_POINT('',(-17.,6.,104.));
#5221 = VECTOR('',#5222,1.);
#5222 = DIRECTION('',(1.,0.,0.));
#5223 = PCURVE('',#3005,#5224);
#5224 = DEFINITIONAL_REPRESENTATION('',(#5225),#5229);
#5225 = LINE('',#5226,#5227);
#5226 = CARTESIAN_POINT('',(0.,3.5));
#5227 = VECTOR('',#5228,1.);
#5228 = DIRECTION('',(1.,0.));
#5229 = ( GEOMETRIC_REPRESENTATION_CONTEXT(2) 
PARAMETRIC_REPRESENTATION_CONTEXT() REPRESENTATION_CONTEXT('2D SPACE',''
  ) );
#5230 = PCURVE('',#5231,#5236);
#5231 = PLANE('',#5232);
#5232 = AXIS2_PLACEMENT_3D('',#5233,#5234,#5235);
#5233 = CARTESIAN_POINT('',(-17.,6.,84.));
#5234 = DIRECTION('',(0.,1.,0.));
#5235 = DIRECTION('',(0.,0.,1.));
#5236 = DEFINITIONAL_REPRESENTATION('',(#5237),#5241);
#5237 = LINE('',#5238,#5239);
#5238 = CARTESIAN_POINT('',(20.,0.));
#5239 = VECTOR('',#5240,1.);
#5240 = DIRECTION('',(0.,1.));
#5241 = ( GEOMETRIC_REPRESENTATION_CONTEXT(2) 
PARAMETRIC_REPRESENTATION_CONTEXT() REPRESENTATION_CONTEXT('2D SPACE',''
  ) );
#5242 = ORIENTED_EDGE('',*,*,#5243,.T.);
#5243 = EDGE_CURVE('',#5216,#5244,#5246,.T.);
#5244 = VERTEX_POINT('',#5245);
#5245 = CARTESIAN_POINT('',(15.5,14.,104.));
#5246 = SURFACE_CURVE('',#5247,(#5251,#5258),.PCURVE_S1.);
#5247 = LINE('',#5248,#5249);
#5248 = CARTESIAN_POINT('',(15.5,2.5,104.));
#5249 = VECTOR('',#5250,1.);
#5250 = DIRECTION('',(0.,1.,0.));
#5251 = PCURVE('',#3005,#5252);
#5252 = DEFINITIONAL_REPRESENTATION('',(#5253),#5257);
#5253 = LINE('',#5254,#5255);
#5254 = CARTESIAN_POINT('',(32.5,0.));
#5255 = VECTOR('',#5256,1.);
#5256 = DIRECTION('',(0.,1.));
#5257 = ( GEOMETRIC_REPRESENTATION_CONTEXT(2) 
PARAMETRIC_REPRESENTATION_CONTEXT() REPRESENTATION_CONTEXT('2D SPACE',''
  ) );
#5258 = PCURVE('',#5259,#5264);
#5259 = PLANE('',#5260);
#5260 = AXIS2_PLACEMENT_3D('',#5261,#5262,#5263);
#5261 = CARTESIAN_POINT('',(15.5,2.5,84.));
#5262 = DIRECTION('',(1.,0.,0.));
#5263 = DIRECTION('',(0.,0.,1.));
#5264 = DEFINITIONAL_REPRESENTATION('',(#5265),#5269);
#5265 = LINE('',#5266,#5267);
#5266 = CARTESIAN_POINT('',(20.,0.));
#5267 = VECTOR('',#5268,1.);
#5268 = DIRECTION('',(0.,-1.));
#5269 = ( GEOMETRIC_REPRESENTATION_CONTEXT(2) 
PARAMETRIC_REPRESENTATION_CONTEXT() REPRESENTATION_CONTEXT('2D SPACE',''
  ) );
#5270 = ORIENTED_EDGE('',*,*,#5271,.T.);
#5271 = EDGE_CURVE('',#5244,#5272,#5274,.T.);
#5272 = VERTEX_POINT('',#5273);
#5273 = CARTESIAN_POINT('',(13.291900756452,14.,104.));
#5274 = SURFACE_CURVE('',#5275,(#5279,#5285),.PCURVE_S1.);
#5275 = LINE('',#5276,#5277);
#5276 = CARTESIAN_POINT('',(0.,14.,104.));
#5277 = VECTOR('',#5278,1.);
#5278 = DIRECTION('',(-1.,0.,0.));
#5279 = PCURVE('',#3005,#5280);
#5280 = DEFINITIONAL_REPRESENTATION('',(#5281),#5284);
#5281 = B_SPLINE_CURVE_WITH_KNOTS('',1,(#5282,#5283),.UNSPECIFIED.,.F.,
  .F.,(2,2),(-17.,-13.),.PIECEWISE_BEZIER_KNOTS.);
#5282 = CARTESIAN_POINT('',(34.,11.5));
#5283 = CARTESIAN_POINT('',(30.,11.5));
#5284 = ( GEOMETRIC_REPRESENTATION_CONTEXT(2) 
PARAMETRIC_REPRESENTATION_CONTEXT() REPRESENTATION_CONTEXT('2D SPACE',''
  ) );
#5285 = PCURVE('',#5286,#5291);
#5286 = PLANE('',#5287);
#5287 = AXIS2_PLACEMENT_3D('',#5288,#5289,#5290);
#5288 = CARTESIAN_POINT('',(17.,14.,102.5));
#5289 = DIRECTION('',(0.,1.,0.));
#5290 = DIRECTION('',(0.,-0.,1.));
#5291 = DEFINITIONAL_REPRESENTATION('',(#5292),#5295);
#5292 = B_SPLINE_CURVE_WITH_KNOTS('',1,(#5293,#5294),.UNSPECIFIED.,.F.,
  .F.,(2,2),(-17.,-13.),.PIECEWISE_BEZIER_KNOTS.);
#5293 = CARTESIAN_POINT('',(1.5,0.));
#5294 = CARTESIAN_POINT('',(1.5,-4.));
#5295 = ( GEOMETRIC_REPRESENTATION_CONTEXT(2) 
PARAMETRIC_REPRESENTATION_CONTEXT() REPRESENTATION_CONTEXT('2D SPACE',''
  ) );
#5296 = ORIENTED_EDGE('',*,*,#5297,.T.);
#5297 = EDGE_CURVE('',#5272,#5298,#5300,.T.);
#5298 = VERTEX_POINT('',#5299);
#5299 = CARTESIAN_POINT('',(13.291900756452,24.,104.));
#5300 = SURFACE_CURVE('',#5301,(#5305,#5311),.PCURVE_S1.);
#5301 = LINE('',#5302,#5303);
#5302 = CARTESIAN_POINT('',(13.291900756452,14.,104.));
#5303 = VECTOR('',#5304,1.);
#5304 = DIRECTION('',(0.,1.,0.));
#5305 = PCURVE('',#3005,#5306);
#5306 = DEFINITIONAL_REPRESENTATION('',(#5307),#5310);
#5307 = B_SPLINE_CURVE_WITH_KNOTS('',1,(#5308,#5309),.UNSPECIFIED.,.F.,
  .F.,(2,2),(-5.999999999062E-07,10.0000006),.PIECEWISE_BEZIER_KNOTS.);
#5308 = CARTESIAN_POINT('',(30.291900756452,11.4999994));
#5309 = CARTESIAN_POINT('',(30.291900756452,21.5000006));
#5310 = ( GEOMETRIC_REPRESENTATION_CONTEXT(2) 
PARAMETRIC_REPRESENTATION_CONTEXT() REPRESENTATION_CONTEXT('2D SPACE',''
  ) );
#5311 = PCURVE('',#5312,#5317);
#5312 = CYLINDRICAL_SURFACE('',#5313,4.);
#5313 = AXIS2_PLACEMENT_3D('',#5314,#5315,#5316);
#5314 = CARTESIAN_POINT('',(17.,14.,102.5));
#5315 = DIRECTION('',(0.,1.,0.));
#5316 = DIRECTION('',(0.,-0.,1.));
#5317 = DEFINITIONAL_REPRESENTATION('',(#5318),#5321);
#5318 = B_SPLINE_CURVE_WITH_KNOTS('',1,(#5319,#5320),.UNSPECIFIED.,.F.,
  .F.,(2,2),(0.,10.),.PIECEWISE_BEZIER_KNOTS.);
#5319 = CARTESIAN_POINT('',(5.09678575488,0.));
#5320 = CARTESIAN_POINT('',(5.09678575488,10.));
#5321 = ( GEOMETRIC_REPRESENTATION_CONTEXT(2) 
PARAMETRIC_REPRESENTATION_CONTEXT() REPRESENTATION_CONTEXT('2D SPACE',''
  ) );
#5322 = ORIENTED_EDGE('',*,*,#5323,.T.);
#5323 = EDGE_CURVE('',#5298,#5324,#5326,.T.);
#5324 = VERTEX_POINT('',#5325);
#5325 = CARTESIAN_POINT('',(-13.29190075645,24.,104.));
#5326 = SURFACE_CURVE('',#5327,(#5331,#5338),.PCURVE_S1.);
#5327 = LINE('',#5328,#5329);
#5328 = CARTESIAN_POINT('',(15.5,24.,104.));
#5329 = VECTOR('',#5330,1.);
#5330 = DIRECTION('',(-1.,0.,0.));
#5331 = PCURVE('',#3005,#5332);
#5332 = DEFINITIONAL_REPRESENTATION('',(#5333),#5337);
#5333 = LINE('',#5334,#5335);
#5334 = CARTESIAN_POINT('',(32.5,21.5));
#5335 = VECTOR('',#5336,1.);
#5336 = DIRECTION('',(-1.,0.));
#5337 = ( GEOMETRIC_REPRESENTATION_CONTEXT(2) 
PARAMETRIC_REPRESENTATION_CONTEXT() REPRESENTATION_CONTEXT('2D SPACE',''
  ) );
#5338 = PCURVE('',#5339,#5344);
#5339 = PLANE('',#5340);
#5340 = AXIS2_PLACEMENT_3D('',#5341,#5342,#5343);
#5341 = CARTESIAN_POINT('',(-15.5,24.,84.));
#5342 = DIRECTION('',(0.,1.,0.));
#5343 = DIRECTION('',(0.,0.,1.));
#5344 = DEFINITIONAL_REPRESENTATION('',(#5345),#5349);
#5345 = LINE('',#5346,#5347);
#5346 = CARTESIAN_POINT('',(20.,31.));
#5347 = VECTOR('',#5348,1.);
#5348 = DIRECTION('',(0.,-1.));
#5349 = ( GEOMETRIC_REPRESENTATION_CONTEXT(2) 
PARAMETRIC_REPRESENTATION_CONTEXT() REPRESENTATION_CONTEXT('2D SPACE',''
  ) );
#5350 = ORIENTED_EDGE('',*,*,#5351,.F.);
#5351 = EDGE_CURVE('',#5352,#5324,#5354,.T.);
#5352 = VERTEX_POINT('',#5353);
#5353 = CARTESIAN_POINT('',(-13.29190075645,14.,104.));
#5354 = SURFACE_CURVE('',#5355,(#5359,#5365),.PCURVE_S1.);
#5355 = LINE('',#5356,#5357);
#5356 = CARTESIAN_POINT('',(-13.29190075645,14.,104.));
#5357 = VECTOR('',#5358,1.);
#5358 = DIRECTION('',(0.,1.,0.));
#5359 = PCURVE('',#3005,#5360);
#5360 = DEFINITIONAL_REPRESENTATION('',(#5361),#5364);
#5361 = B_SPLINE_CURVE_WITH_KNOTS('',1,(#5362,#5363),.UNSPECIFIED.,.F.,
  .F.,(2,2),(-5.999999999062E-07,10.0000006),.PIECEWISE_BEZIER_KNOTS.);
#5362 = CARTESIAN_POINT('',(3.708099243548,11.4999994));
#5363 = CARTESIAN_POINT('',(3.708099243548,21.5000006));
#5364 = ( GEOMETRIC_REPRESENTATION_CONTEXT(2) 
PARAMETRIC_REPRESENTATION_CONTEXT() REPRESENTATION_CONTEXT('2D SPACE',''
  ) );
#5365 = PCURVE('',#5366,#5371);
#5366 = CYLINDRICAL_SURFACE('',#5367,4.);
#5367 = AXIS2_PLACEMENT_3D('',#5368,#5369,#5370);
#5368 = CARTESIAN_POINT('',(-17.,14.,102.5));
#5369 = DIRECTION('',(0.,1.,0.));
#5370 = DIRECTION('',(0.,-0.,1.));
#5371 = DEFINITIONAL_REPRESENTATION('',(#5372),#5375);
#5372 = B_SPLINE_CURVE_WITH_KNOTS('',1,(#5373,#5374),.UNSPECIFIED.,.F.,
  .F.,(2,2),(0.,10.),.PIECEWISE_BEZIER_KNOTS.);
#5373 = CARTESIAN_POINT('',(7.469584859479,0.));
#5374 = CARTESIAN_POINT('',(7.469584859479,10.));
#5375 = ( GEOMETRIC_REPRESENTATION_CONTEXT(2) 
PARAMETRIC_REPRESENTATION_CONTEXT() REPRESENTATION_CONTEXT('2D SPACE',''
  ) );
#5376 = ORIENTED_EDGE('',*,*,#5377,.T.);
#5377 = EDGE_CURVE('',#5352,#5378,#5380,.T.);
#5378 = VERTEX_POINT('',#5379);
#5379 = CARTESIAN_POINT('',(-15.5,14.,104.));
#5380 = SURFACE_CURVE('',#5381,(#5385,#5391),.PCURVE_S1.);
#5381 = LINE('',#5382,#5383);
#5382 = CARTESIAN_POINT('',(-17.,14.,104.));
#5383 = VECTOR('',#5384,1.);
#5384 = DIRECTION('',(-1.,0.,0.));
#5385 = PCURVE('',#3005,#5386);
#5386 = DEFINITIONAL_REPRESENTATION('',(#5387),#5390);
#5387 = B_SPLINE_CURVE_WITH_KNOTS('',1,(#5388,#5389),.UNSPECIFIED.,.F.,
  .F.,(2,2),(-4.,0.),.PIECEWISE_BEZIER_KNOTS.);
#5388 = CARTESIAN_POINT('',(4.,11.5));
#5389 = CARTESIAN_POINT('',(0.,11.5));
#5390 = ( GEOMETRIC_REPRESENTATION_CONTEXT(2) 
PARAMETRIC_REPRESENTATION_CONTEXT() REPRESENTATION_CONTEXT('2D SPACE',''
  ) );
#5391 = PCURVE('',#5392,#5397);
#5392 = PLANE('',#5393);
#5393 = AXIS2_PLACEMENT_3D('',#5394,#5395,#5396);
#5394 = CARTESIAN_POINT('',(-17.,14.,102.5));
#5395 = DIRECTION('',(0.,1.,0.));
#5396 = DIRECTION('',(0.,-0.,1.));
#5397 = DEFINITIONAL_REPRESENTATION('',(#5398),#5401);
#5398 = B_SPLINE_CURVE_WITH_KNOTS('',1,(#5399,#5400),.UNSPECIFIED.,.F.,
  .F.,(2,2),(-4.,0.),.PIECEWISE_BEZIER_KNOTS.);
#5399 = CARTESIAN_POINT('',(1.5,4.));
#5400 = CARTESIAN_POINT('',(1.5,0.));
#5401 = ( GEOMETRIC_REPRESENTATION_CONTEXT(2) 
PARAMETRIC_REPRESENTATION_CONTEXT() REPRESENTATION_CONTEXT('2D SPACE',''
  ) );
#5402 = ORIENTED_EDGE('',*,*,#5403,.F.);
#5403 = EDGE_CURVE('',#5121,#5378,#5404,.T.);
#5404 = SURFACE_CURVE('',#5405,(#5409,#5416),.PCURVE_S1.);
#5405 = LINE('',#5406,#5407);
#5406 = CARTESIAN_POINT('',(-15.5,2.5,104.));
#5407 = VECTOR('',#5408,1.);
#5408 = DIRECTION('',(0.,1.,0.));
#5409 = PCURVE('',#3005,#5410);
#5410 = DEFINITIONAL_REPRESENTATION('',(#5411),#5415);
#5411 = LINE('',#5412,#5413);
#5412 = CARTESIAN_POINT('',(1.5,0.));
#5413 = VECTOR('',#5414,1.);
#5414 = DIRECTION('',(0.,1.));
#5415 = ( GEOMETRIC_REPRESENTATION_CONTEXT(2) 
PARAMETRIC_REPRESENTATION_CONTEXT() REPRESENTATION_CONTEXT('2D SPACE',''
  ) );
#5416 = PCURVE('',#5417,#5422);
#5417 = PLANE('',#5418);
#5418 = AXIS2_PLACEMENT_3D('',#5419,#5420,#5421);
#5419 = CARTESIAN_POINT('',(-15.5,2.5,84.));
#5420 = DIRECTION('',(1.,0.,0.));
#5421 = DIRECTION('',(0.,0.,1.));
#5422 = DEFINITIONAL_REPRESENTATION('',(#5423),#5427);
#5423 = LINE('',#5424,#5425);
#5424 = CARTESIAN_POINT('',(20.,0.));
#5425 = VECTOR('',#5426,1.);
#5426 = DIRECTION('',(0.,-1.));
#5427 = ( GEOMETRIC_REPRESENTATION_CONTEXT(2) 
PARAMETRIC_REPRESENTATION_CONTEXT() REPRESENTATION_CONTEXT('2D SPACE',''
  ) );
#5428 = ADVANCED_FACE('',(#5429),#3033,.T.);
#5429 = FACE_BOUND('',#5430,.T.);
#5430 = EDGE_LOOP('',(#5431,#5432));
#5431 = ORIENTED_EDGE('',*,*,#3016,.T.);
#5432 = ORIENTED_EDGE('',*,*,#5171,.F.);
#5433 = ADVANCED_FACE('',(#5434),#3286,.F.);
#5434 = FACE_BOUND('',#5435,.F.);
#5435 = EDGE_LOOP('',(#5436,#5437,#5458,#5459));
#5436 = ORIENTED_EDGE('',*,*,#3362,.F.);
#5437 = ORIENTED_EDGE('',*,*,#5438,.F.);
#5438 = EDGE_CURVE('',#3147,#3363,#5439,.T.);
#5439 = SEAM_CURVE('',#5440,(#5444,#5451),.PCURVE_S1.);
#5440 = LINE('',#5441,#5442);
#5441 = CARTESIAN_POINT('',(3.2,-7.837739514543E-16,3.5));
#5442 = VECTOR('',#5443,1.);
#5443 = DIRECTION('',(0.,0.,1.));
#5444 = PCURVE('',#3286,#5445);
#5445 = DEFINITIONAL_REPRESENTATION('',(#5446),#5450);
#5446 = LINE('',#5447,#5448);
#5447 = CARTESIAN_POINT('',(6.28318530718,-0.));
#5448 = VECTOR('',#5449,1.);
#5449 = DIRECTION('',(0.,1.));
#5450 = ( GEOMETRIC_REPRESENTATION_CONTEXT(2) 
PARAMETRIC_REPRESENTATION_CONTEXT() REPRESENTATION_CONTEXT('2D SPACE',''
  ) );
#5451 = PCURVE('',#3286,#5452);
#5452 = DEFINITIONAL_REPRESENTATION('',(#5453),#5457);
#5453 = LINE('',#5454,#5455);
#5454 = CARTESIAN_POINT('',(0.,-0.));
#5455 = VECTOR('',#5456,1.);
#5456 = DIRECTION('',(0.,1.));
#5457 = ( GEOMETRIC_REPRESENTATION_CONTEXT(2) 
PARAMETRIC_REPRESENTATION_CONTEXT() REPRESENTATION_CONTEXT('2D SPACE',''
  ) );
#5458 = ORIENTED_EDGE('',*,*,#3146,.T.);
#5459 = ORIENTED_EDGE('',*,*,#5438,.T.);
#5460 = ADVANCED_FACE('',(#5461),#3571,.T.);
#5461 = FACE_BOUND('',#5462,.T.);
#5462 = EDGE_LOOP('',(#5463,#5464,#5465,#5466,#5489,#5515));
#5463 = ORIENTED_EDGE('',*,*,#3553,.F.);
#5464 = ORIENTED_EDGE('',*,*,#3898,.T.);
#5465 = ORIENTED_EDGE('',*,*,#3924,.F.);
#5466 = ORIENTED_EDGE('',*,*,#5467,.T.);
#5467 = EDGE_CURVE('',#3925,#5468,#5470,.T.);
#5468 = VERTEX_POINT('',#5469);
#5469 = CARTESIAN_POINT('',(-17.,6.,89.230303992915));
#5470 = SURFACE_CURVE('',#5471,(#5475,#5482),.PCURVE_S1.);
#5471 = LINE('',#5472,#5473);
#5472 = CARTESIAN_POINT('',(-17.,6.,84.));
#5473 = VECTOR('',#5474,1.);
#5474 = DIRECTION('',(0.,0.,1.));
#5475 = PCURVE('',#3571,#5476);
#5476 = DEFINITIONAL_REPRESENTATION('',(#5477),#5481);
#5477 = LINE('',#5478,#5479);
#5478 = CARTESIAN_POINT('',(0.,0.));
#5479 = VECTOR('',#5480,1.);
#5480 = DIRECTION('',(1.,0.));
#5481 = ( GEOMETRIC_REPRESENTATION_CONTEXT(2) 
PARAMETRIC_REPRESENTATION_CONTEXT() REPRESENTATION_CONTEXT('2D SPACE',''
  ) );
#5482 = PCURVE('',#3963,#5483);
#5483 = DEFINITIONAL_REPRESENTATION('',(#5484),#5488);
#5484 = LINE('',#5485,#5486);
#5485 = CARTESIAN_POINT('',(0.,-3.5));
#5486 = VECTOR('',#5487,1.);
#5487 = DIRECTION('',(1.,0.));
#5488 = ( GEOMETRIC_REPRESENTATION_CONTEXT(2) 
PARAMETRIC_REPRESENTATION_CONTEXT() REPRESENTATION_CONTEXT('2D SPACE',''
  ) );
#5489 = ORIENTED_EDGE('',*,*,#5490,.T.);
#5490 = EDGE_CURVE('',#5468,#5491,#5493,.T.);
#5491 = VERTEX_POINT('',#5492);
#5492 = CARTESIAN_POINT('',(-15.5,6.,89.230303992915));
#5493 = SURFACE_CURVE('',#5494,(#5498,#5504),.PCURVE_S1.);
#5494 = LINE('',#5495,#5496);
#5495 = CARTESIAN_POINT('',(-17.5,6.,89.230303992915));
#5496 = VECTOR('',#5497,1.);
#5497 = DIRECTION('',(1.,0.,0.));
#5498 = PCURVE('',#3571,#5499);
#5499 = DEFINITIONAL_REPRESENTATION('',(#5500),#5503);
#5500 = B_SPLINE_CURVE_WITH_KNOTS('',1,(#5501,#5502),.UNSPECIFIED.,.F.,
  .F.,(2,2),(0.35,2.15),.PIECEWISE_BEZIER_KNOTS.);
#5501 = CARTESIAN_POINT('',(5.230303992915,-0.15));
#5502 = CARTESIAN_POINT('',(5.230303992915,1.65));
#5503 = ( GEOMETRIC_REPRESENTATION_CONTEXT(2) 
PARAMETRIC_REPRESENTATION_CONTEXT() REPRESENTATION_CONTEXT('2D SPACE',''
  ) );
#5504 = PCURVE('',#5505,#5510);
#5505 = CYLINDRICAL_SURFACE('',#5506,5.);
#5506 = AXIS2_PLACEMENT_3D('',#5507,#5508,#5509);
#5507 = CARTESIAN_POINT('',(-17.5,7.5,94.));
#5508 = DIRECTION('',(1.,0.,0.));
#5509 = DIRECTION('',(-0.,0.,1.));
#5510 = DEFINITIONAL_REPRESENTATION('',(#5511),#5514);
#5511 = B_SPLINE_CURVE_WITH_KNOTS('',1,(#5512,#5513),.UNSPECIFIED.,.F.,
  .F.,(2,2),(0.35,2.15),.PIECEWISE_BEZIER_KNOTS.);
#5512 = CARTESIAN_POINT('',(2.836899999574,0.35));
#5513 = CARTESIAN_POINT('',(2.836899999574,2.15));
#5514 = ( GEOMETRIC_REPRESENTATION_CONTEXT(2) 
PARAMETRIC_REPRESENTATION_CONTEXT() REPRESENTATION_CONTEXT('2D SPACE',''
  ) );
#5515 = ORIENTED_EDGE('',*,*,#5516,.T.);
#5516 = EDGE_CURVE('',#5491,#3556,#5517,.T.);
#5517 = SURFACE_CURVE('',#5518,(#5522,#5529),.PCURVE_S1.);
#5518 = LINE('',#5519,#5520);
#5519 = CARTESIAN_POINT('',(-15.5,6.,104.));
#5520 = VECTOR('',#5521,1.);
#5521 = DIRECTION('',(0.,0.,-1.));
#5522 = PCURVE('',#3571,#5523);
#5523 = DEFINITIONAL_REPRESENTATION('',(#5524),#5528);
#5524 = LINE('',#5525,#5526);
#5525 = CARTESIAN_POINT('',(20.,1.5));
#5526 = VECTOR('',#5527,1.);
#5527 = DIRECTION('',(-1.,0.));
#5528 = ( GEOMETRIC_REPRESENTATION_CONTEXT(2) 
PARAMETRIC_REPRESENTATION_CONTEXT() REPRESENTATION_CONTEXT('2D SPACE',''
  ) );
#5529 = PCURVE('',#3859,#5530);
#5530 = DEFINITIONAL_REPRESENTATION('',(#5531),#5535);
#5531 = LINE('',#5532,#5533);
#5532 = CARTESIAN_POINT('',(20.,-3.5));
#5533 = VECTOR('',#5534,1.);
#5534 = DIRECTION('',(-1.,0.));
#5535 = ( GEOMETRIC_REPRESENTATION_CONTEXT(2) 
PARAMETRIC_REPRESENTATION_CONTEXT() REPRESENTATION_CONTEXT('2D SPACE',''
  ) );
#5536 = ADVANCED_FACE('',(#5537),#3859,.F.);
#5537 = FACE_BOUND('',#5538,.F.);
#5538 = EDGE_LOOP('',(#5539,#5563,#5564,#5565,#5586,#5615));
#5539 = ORIENTED_EDGE('',*,*,#5540,.F.);
#5540 = EDGE_CURVE('',#5491,#5541,#5543,.T.);
#5541 = VERTEX_POINT('',#5542);
#5542 = CARTESIAN_POINT('',(-15.5,7.5,89.));
#5543 = SURFACE_CURVE('',#5544,(#5549,#5556),.PCURVE_S1.);
#5544 = CIRCLE('',#5545,5.);
#5545 = AXIS2_PLACEMENT_3D('',#5546,#5547,#5548);
#5546 = CARTESIAN_POINT('',(-15.5,7.5,94.));
#5547 = DIRECTION('',(1.,0.,0.));
#5548 = DIRECTION('',(-0.,0.,1.));
#5549 = PCURVE('',#3859,#5550);
#5550 = DEFINITIONAL_REPRESENTATION('',(#5551),#5555);
#5551 = CIRCLE('',#5552,5.);
#5552 = AXIS2_PLACEMENT_2D('',#5553,#5554);
#5553 = CARTESIAN_POINT('',(10.,-5.));
#5554 = DIRECTION('',(1.,0.));
#5555 = ( GEOMETRIC_REPRESENTATION_CONTEXT(2) 
PARAMETRIC_REPRESENTATION_CONTEXT() REPRESENTATION_CONTEXT('2D SPACE',''
  ) );
#5556 = PCURVE('',#5505,#5557);
#5557 = DEFINITIONAL_REPRESENTATION('',(#5558),#5562);
#5558 = LINE('',#5559,#5560);
#5559 = CARTESIAN_POINT('',(0.,2.));
#5560 = VECTOR('',#5561,1.);
#5561 = DIRECTION('',(1.,0.));
#5562 = ( GEOMETRIC_REPRESENTATION_CONTEXT(2) 
PARAMETRIC_REPRESENTATION_CONTEXT() REPRESENTATION_CONTEXT('2D SPACE',''
  ) );
#5563 = ORIENTED_EDGE('',*,*,#5516,.T.);
#5564 = ORIENTED_EDGE('',*,*,#3845,.T.);
#5565 = ORIENTED_EDGE('',*,*,#5566,.T.);
#5566 = EDGE_CURVE('',#3820,#5567,#5569,.T.);
#5567 = VERTEX_POINT('',#5568);
#5568 = CARTESIAN_POINT('',(-15.5,14.,89.025062814467));
#5569 = SURFACE_CURVE('',#5570,(#5574,#5580),.PCURVE_S1.);
#5570 = LINE('',#5571,#5572);
#5571 = CARTESIAN_POINT('',(-15.5,14.,84.75));
#5572 = VECTOR('',#5573,1.);
#5573 = DIRECTION('',(0.,0.,1.));
#5574 = PCURVE('',#3859,#5575);
#5575 = DEFINITIONAL_REPRESENTATION('',(#5576),#5579);
#5576 = B_SPLINE_CURVE_WITH_KNOTS('',1,(#5577,#5578),.UNSPECIFIED.,.F.,
  .F.,(2,2),(-0.75,4.75),.PIECEWISE_BEZIER_KNOTS.);
#5577 = CARTESIAN_POINT('',(0.,-11.5));
#5578 = CARTESIAN_POINT('',(5.5,-11.5));
#5579 = ( GEOMETRIC_REPRESENTATION_CONTEXT(2) 
PARAMETRIC_REPRESENTATION_CONTEXT() REPRESENTATION_CONTEXT('2D SPACE',''
  ) );
#5580 = PCURVE('',#3834,#5581);
#5581 = DEFINITIONAL_REPRESENTATION('',(#5582),#5585);
#5582 = B_SPLINE_CURVE_WITH_KNOTS('',1,(#5583,#5584),.UNSPECIFIED.,.F.,
  .F.,(2,2),(-0.75,4.75),.PIECEWISE_BEZIER_KNOTS.);
#5583 = CARTESIAN_POINT('',(-1.5,1.5));
#5584 = CARTESIAN_POINT('',(4.,1.5));
#5585 = ( GEOMETRIC_REPRESENTATION_CONTEXT(2) 
PARAMETRIC_REPRESENTATION_CONTEXT() REPRESENTATION_CONTEXT('2D SPACE',''
  ) );
#5586 = ORIENTED_EDGE('',*,*,#5587,.F.);
#5587 = EDGE_CURVE('',#5588,#5567,#5590,.T.);
#5588 = VERTEX_POINT('',#5589);
#5589 = CARTESIAN_POINT('',(-15.5,13.5,89.));
#5590 = SURFACE_CURVE('',#5591,(#5596,#5603),.PCURVE_S1.);
#5591 = CIRCLE('',#5592,5.);
#5592 = AXIS2_PLACEMENT_3D('',#5593,#5594,#5595);
#5593 = CARTESIAN_POINT('',(-15.5,13.5,94.));
#5594 = DIRECTION('',(1.,0.,0.));
#5595 = DIRECTION('',(-0.,0.,1.));
#5596 = PCURVE('',#3859,#5597);
#5597 = DEFINITIONAL_REPRESENTATION('',(#5598),#5602);
#5598 = CIRCLE('',#5599,5.);
#5599 = AXIS2_PLACEMENT_2D('',#5600,#5601);
#5600 = CARTESIAN_POINT('',(10.,-11.));
#5601 = DIRECTION('',(1.,0.));
#5602 = ( GEOMETRIC_REPRESENTATION_CONTEXT(2) 
PARAMETRIC_REPRESENTATION_CONTEXT() REPRESENTATION_CONTEXT('2D SPACE',''
  ) );
#5603 = PCURVE('',#5604,#5609);
#5604 = CYLINDRICAL_SURFACE('',#5605,5.);
#5605 = AXIS2_PLACEMENT_3D('',#5606,#5607,#5608);
#5606 = CARTESIAN_POINT('',(-17.5,13.5,94.));
#5607 = DIRECTION('',(1.,0.,0.));
#5608 = DIRECTION('',(-0.,0.,1.));
#5609 = DEFINITIONAL_REPRESENTATION('',(#5610),#5614);
#5610 = LINE('',#5611,#5612);
#5611 = CARTESIAN_POINT('',(0.,2.));
#5612 = VECTOR('',#5613,1.);
#5613 = DIRECTION('',(1.,0.));
#5614 = ( GEOMETRIC_REPRESENTATION_CONTEXT(2) 
PARAMETRIC_REPRESENTATION_CONTEXT() REPRESENTATION_CONTEXT('2D SPACE',''
  ) );
#5615 = ORIENTED_EDGE('',*,*,#5616,.T.);
#5616 = EDGE_CURVE('',#5588,#5541,#5617,.T.);
#5617 = SURFACE_CURVE('',#5618,(#5622,#5628),.PCURVE_S1.);
#5618 = LINE('',#5619,#5620);
#5619 = CARTESIAN_POINT('',(-15.5,5.,89.));
#5620 = VECTOR('',#5621,1.);
#5621 = DIRECTION('',(0.,-1.,0.));
#5622 = PCURVE('',#3859,#5623);
#5623 = DEFINITIONAL_REPRESENTATION('',(#5624),#5627);
#5624 = B_SPLINE_CURVE_WITH_KNOTS('',1,(#5625,#5626),.UNSPECIFIED.,.F.,
  .F.,(2,2),(-8.5,-2.5),.PIECEWISE_BEZIER_KNOTS.);
#5625 = CARTESIAN_POINT('',(5.,-11.));
#5626 = CARTESIAN_POINT('',(5.,-5.));
#5627 = ( GEOMETRIC_REPRESENTATION_CONTEXT(2) 
PARAMETRIC_REPRESENTATION_CONTEXT() REPRESENTATION_CONTEXT('2D SPACE',''
  ) );
#5628 = PCURVE('',#5629,#5634);
#5629 = PLANE('',#5630);
#5630 = AXIS2_PLACEMENT_3D('',#5631,#5632,#5633);
#5631 = CARTESIAN_POINT('',(-17.5,7.5,89.));
#5632 = DIRECTION('',(0.,0.,1.));
#5633 = DIRECTION('',(1.,0.,0.));
#5634 = DEFINITIONAL_REPRESENTATION('',(#5635),#5638);
#5635 = B_SPLINE_CURVE_WITH_KNOTS('',1,(#5636,#5637),.UNSPECIFIED.,.F.,
  .F.,(2,2),(-8.5,-2.5),.PIECEWISE_BEZIER_KNOTS.);
#5636 = CARTESIAN_POINT('',(2.,6.));
#5637 = CARTESIAN_POINT('',(2.,0.));
#5638 = ( GEOMETRIC_REPRESENTATION_CONTEXT(2) 
PARAMETRIC_REPRESENTATION_CONTEXT() REPRESENTATION_CONTEXT('2D SPACE',''
  ) );
#5639 = ADVANCED_FACE('',(#5640,#5691),#3834,.F.);
#5640 = FACE_BOUND('',#5641,.F.);
#5641 = EDGE_LOOP('',(#5642,#5643,#5671,#5690));
#5642 = ORIENTED_EDGE('',*,*,#3819,.F.);
#5643 = ORIENTED_EDGE('',*,*,#5644,.F.);
#5644 = EDGE_CURVE('',#5645,#3794,#5647,.T.);
#5645 = VERTEX_POINT('',#5646);
#5646 = CARTESIAN_POINT('',(-18.8904846347,14.,89.025062814467));
#5647 = SURFACE_CURVE('',#5648,(#5653,#5664),.PCURVE_S1.);
#5648 = CIRCLE('',#5649,4.);
#5649 = AXIS2_PLACEMENT_3D('',#5650,#5651,#5652);
#5650 = CARTESIAN_POINT('',(-17.,14.,85.5));
#5651 = DIRECTION('',(0.,-1.,0.));
#5652 = DIRECTION('',(0.472621158677,0.,0.881265703617));
#5653 = PCURVE('',#3834,#5654);
#5654 = DEFINITIONAL_REPRESENTATION('',(#5655),#5663);
#5655 = ( BOUNDED_CURVE() B_SPLINE_CURVE(2,(#5656,#5657,#5658,#5659,
#5660,#5661,#5662),.UNSPECIFIED.,.T.,.F.) B_SPLINE_CURVE_WITH_KNOTS((1,2
    ,2,2,2,1),(-2.094395102393,0.,2.094395102393,4.188790204786,
6.28318530718,8.377580409573),.UNSPECIFIED.) CURVE() 
GEOMETRIC_REPRESENTATION_ITEM() RATIONAL_B_SPLINE_CURVE((1.,0.5,1.,0.5,
1.,0.5,1.)) REPRESENTATION_ITEM('') );
#5656 = CARTESIAN_POINT('',(3.525062814467,1.890484634707));
#5657 = CARTESIAN_POINT('',(6.799478252707,-4.215103259822));
#5658 = CARTESIAN_POINT('',(-0.125323688113,-3.998036264618));
#5659 = CARTESIAN_POINT('',(-7.050125628934,-3.780969269414));
#5660 = CARTESIAN_POINT('',(-3.399739126354,2.107551629911));
#5661 = CARTESIAN_POINT('',(0.250647376226,7.996072529235));
#5662 = CARTESIAN_POINT('',(3.525062814467,1.890484634707));
#5663 = ( GEOMETRIC_REPRESENTATION_CONTEXT(2) 
PARAMETRIC_REPRESENTATION_CONTEXT() REPRESENTATION_CONTEXT('2D SPACE',''
  ) );
#5664 = PCURVE('',#3808,#5665);
#5665 = DEFINITIONAL_REPRESENTATION('',(#5666),#5670);
#5666 = LINE('',#5667,#5668);
#5667 = CARTESIAN_POINT('',(6.775448032606,0.));
#5668 = VECTOR('',#5669,1.);
#5669 = DIRECTION('',(-1.,-0.));
#5670 = ( GEOMETRIC_REPRESENTATION_CONTEXT(2) 
PARAMETRIC_REPRESENTATION_CONTEXT() REPRESENTATION_CONTEXT('2D SPACE',''
  ) );
#5671 = ORIENTED_EDGE('',*,*,#5672,.T.);
#5672 = EDGE_CURVE('',#5645,#5567,#5673,.T.);
#5673 = SURFACE_CURVE('',#5674,(#5678,#5684),.PCURVE_S1.);
#5674 = LINE('',#5675,#5676);
#5675 = CARTESIAN_POINT('',(-22.,14.,89.025062814467));
#5676 = VECTOR('',#5677,1.);
#5677 = DIRECTION('',(1.,0.,0.));
#5678 = PCURVE('',#3834,#5679);
#5679 = DEFINITIONAL_REPRESENTATION('',(#5680),#5683);
#5680 = B_SPLINE_CURVE_WITH_KNOTS('',1,(#5681,#5682),.UNSPECIFIED.,.F.,
  .F.,(2,2),(0.229190075645,9.478909167903),.PIECEWISE_BEZIER_KNOTS.);
#5681 = CARTESIAN_POINT('',(3.525062814467,-4.770809924355));
#5682 = CARTESIAN_POINT('',(3.525062814467,4.478909167903));
#5683 = ( GEOMETRIC_REPRESENTATION_CONTEXT(2) 
PARAMETRIC_REPRESENTATION_CONTEXT() REPRESENTATION_CONTEXT('2D SPACE',''
  ) );
#5684 = PCURVE('',#5604,#5685);
#5685 = DEFINITIONAL_REPRESENTATION('',(#5686),#5689);
#5686 = B_SPLINE_CURVE_WITH_KNOTS('',1,(#5687,#5688),.UNSPECIFIED.,.F.,
  .F.,(2,2),(0.229190075645,9.478909167903),.PIECEWISE_BEZIER_KNOTS.);
#5687 = CARTESIAN_POINT('',(3.241760074751,-4.270809924355));
#5688 = CARTESIAN_POINT('',(3.241760074751,4.978909167903));
#5689 = ( GEOMETRIC_REPRESENTATION_CONTEXT(2) 
PARAMETRIC_REPRESENTATION_CONTEXT() REPRESENTATION_CONTEXT('2D SPACE',''
  ) );
#5690 = ORIENTED_EDGE('',*,*,#5566,.F.);
#5691 = FACE_BOUND('',#5692,.F.);
#5692 = EDGE_LOOP('',(#5693));
#5693 = ORIENTED_EDGE('',*,*,#5694,.F.);
#5694 = EDGE_CURVE('',#5695,#5695,#5697,.T.);
#5695 = VERTEX_POINT('',#5696);
#5696 = CARTESIAN_POINT('',(-17.,14.,86.4));
#5697 = SURFACE_CURVE('',#5698,(#5703,#5710),.PCURVE_S1.);
#5698 = CIRCLE('',#5699,0.9);
#5699 = AXIS2_PLACEMENT_3D('',#5700,#5701,#5702);
#5700 = CARTESIAN_POINT('',(-17.,14.,85.5));
#5701 = DIRECTION('',(0.,1.,0.));
#5702 = DIRECTION('',(0.,-0.,1.));
#5703 = PCURVE('',#3834,#5704);
#5704 = DEFINITIONAL_REPRESENTATION('',(#5705),#5709);
#5705 = CIRCLE('',#5706,0.9);
#5706 = AXIS2_PLACEMENT_2D('',#5707,#5708);
#5707 = CARTESIAN_POINT('',(0.,0.));
#5708 = DIRECTION('',(1.,0.));
#5709 = ( GEOMETRIC_REPRESENTATION_CONTEXT(2) 
PARAMETRIC_REPRESENTATION_CONTEXT() REPRESENTATION_CONTEXT('2D SPACE',''
  ) );
#5710 = PCURVE('',#5711,#5716);
#5711 = CYLINDRICAL_SURFACE('',#5712,0.9);
#5712 = AXIS2_PLACEMENT_3D('',#5713,#5714,#5715);
#5713 = CARTESIAN_POINT('',(-17.,13.5,85.5));
#5714 = DIRECTION('',(0.,1.,0.));
#5715 = DIRECTION('',(0.,-0.,1.));
#5716 = DEFINITIONAL_REPRESENTATION('',(#5717),#5721);
#5717 = LINE('',#5718,#5719);
#5718 = CARTESIAN_POINT('',(0.,0.5));
#5719 = VECTOR('',#5720,1.);
#5720 = DIRECTION('',(1.,0.));
#5721 = ( GEOMETRIC_REPRESENTATION_CONTEXT(2) 
PARAMETRIC_REPRESENTATION_CONTEXT() REPRESENTATION_CONTEXT('2D SPACE',''
  ) );
#5722 = ADVANCED_FACE('',(#5723),#3808,.T.);
#5723 = FACE_BOUND('',#5724,.T.);
#5724 = EDGE_LOOP('',(#5725,#5726,#5979,#6005,#6034,#6060,#6086));
#5725 = ORIENTED_EDGE('',*,*,#5644,.F.);
#5726 = ORIENTED_EDGE('',*,*,#5727,.T.);
#5727 = EDGE_CURVE('',#5645,#5728,#5730,.T.);
#5728 = VERTEX_POINT('',#5729);
#5729 = CARTESIAN_POINT('',(-15.5,14.927475793249,89.208099243548));
#5730 = SURFACE_CURVE('',#5731,(#5789,#5884),.PCURVE_S1.);
#5731 = B_SPLINE_CURVE_WITH_KNOTS('',6,(#5732,#5733,#5734,#5735,#5736,
    #5737,#5738,#5739,#5740,#5741,#5742,#5743,#5744,#5745,#5746,#5747,
    #5748,#5749,#5750,#5751,#5752,#5753,#5754,#5755,#5756,#5757,#5758,
    #5759,#5760,#5761,#5762,#5763,#5764,#5765,#5766,#5767,#5768,#5769,
    #5770,#5771,#5772,#5773,#5774,#5775,#5776,#5777,#5778,#5779,#5780,
    #5781,#5782,#5783,#5784,#5785,#5786,#5787,#5788),.UNSPECIFIED.,.F.,
  .F.,(7,5,5,5,5,5,5,5,5,5,5,7),(2.196140308463E-07,0.290290051829,
    0.419381356709,0.501037929204,0.557489189525,0.713053411059,1.,
    1.28630389047,1.399394773022,1.501020812406,1.582175415978,
    1.632541952804),.UNSPECIFIED.);
#5732 = CARTESIAN_POINT('',(-18.8904846347,14.,89.025062814467));
#5733 = CARTESIAN_POINT('',(-18.86571338197,14.132181860138,
    89.038347591259));
#5734 = CARTESIAN_POINT('',(-18.83279943362,14.262780521082,
    89.055729982899));
#5735 = CARTESIAN_POINT('',(-18.79157702431,14.390825843123,
    89.076973575047));
#5736 = CARTESIAN_POINT('',(-18.74187639266,14.515378129095,
    89.101659778374));
#5737 = CARTESIAN_POINT('',(-18.68352814852,14.635528257053,
    89.1292042891));
#5738 = CARTESIAN_POINT('',(-18.58650149724,14.801480073559,
    89.172067410016));
#5739 = CARTESIAN_POINT('',(-18.55490674515,14.85149394309,
    89.185675271339));
#5740 = CARTESIAN_POINT('',(-18.52158904887,14.90033461464,
    89.199624436396));
#5741 = CARTESIAN_POINT('',(-18.48656032484,14.947903652493,
    89.213835378663));
#5742 = CARTESIAN_POINT('',(-18.44983898408,14.99410887865,
    89.228223465766));
#5743 = CARTESIAN_POINT('',(-18.3871673736,15.067174229544,
    89.251858231964));
#5744 = CARTESIAN_POINT('',(-18.36221961123,15.094901565519,
    89.261050670583));
#5745 = CARTESIAN_POINT('',(-18.33661517336,15.122022490747,
    89.27025488355));
#5746 = CARTESIAN_POINT('',(-18.31036441707,15.148514078384,
    89.279447284854));
#5747 = CARTESIAN_POINT('',(-18.28347977126,15.174354251295,
    89.288603817817));
#5748 = CARTESIAN_POINT('',(-18.23696149971,15.216920734605,
    89.303988345576));
#5749 = CARTESIAN_POINT('',(-18.21765122739,15.23399825368,
    89.31024791578));
#5750 = CARTESIAN_POINT('',(-18.19804972578,15.250747358205,
    89.316470591111));
#5751 = CARTESIAN_POINT('',(-18.17816225348,15.267161367139,
    89.322648321945));
#5752 = CARTESIAN_POINT('',(-18.15799452156,15.283233899469,
    89.328773083632));
#5753 = CARTESIAN_POINT('',(-18.081220611,15.342292600342,
    89.351547029842));
#5754 = CARTESIAN_POINT('',(-18.02280964859,15.382984956998,
    89.367793493129));
#5755 = CARTESIAN_POINT('',(-17.96244710686,15.420911032294,
    89.383410140864));
#5756 = CARTESIAN_POINT('',(-17.90028225106,15.455965988593,
    89.398236314945));
#5757 = CARTESIAN_POINT('',(-17.83648649828,15.488063988658,
    89.412123461443));
#5758 = CARTESIAN_POINT('',(-17.65092801723,15.570764082486,
    89.448585823397));
#5759 = CARTESIAN_POINT('',(-17.5257971673,15.614062020178,
    89.468576665482));
#5760 = CARTESIAN_POINT('',(-17.39688419443,15.646722691173,
    89.484149337763));
#5761 = CARTESIAN_POINT('',(-17.26539645428,15.668549480128,
    89.494720988534));
#5762 = CARTESIAN_POINT('',(-17.13265256835,15.67944947177,89.5));
#5763 = CARTESIAN_POINT('',(-16.86764454478,15.67944947177,89.5));
#5764 = CARTESIAN_POINT('',(-16.73519861091,15.668598257031,
    89.494744610394));
#5765 = CARTESIAN_POINT('',(-16.60399982858,15.646869304915,
    89.48422035418));
#5766 = CARTESIAN_POINT('',(-16.47535800017,15.614354431202,
    89.468716083963));
#5767 = CARTESIAN_POINT('',(-16.35047308196,15.571248304373,
    89.448809415337));
#5768 = CARTESIAN_POINT('',(-16.18291935249,15.49676690947,
    89.415956672824));
#5769 = CARTESIAN_POINT('',(-16.13623491781,15.474078596088,
    89.406088535766));
#5770 = CARTESIAN_POINT('',(-16.0903833838,15.449817561828,
    89.395704385488));
#5771 = CARTESIAN_POINT('',(-16.04543227146,15.424014480171,
    89.384859081018));
#5772 = CARTESIAN_POINT('',(-16.00144310121,15.396705153613,
    89.37361136221));
#5773 = CARTESIAN_POINT('',(-15.91985609575,15.342073387319,
    89.351608591264));
#5774 = CARTESIAN_POINT('',(-15.88206334013,15.315033541252,
    89.34091925459));
#5775 = CARTESIAN_POINT('',(-15.84513476334,15.286842170951,
    89.329999988124));
#5776 = CARTESIAN_POINT('',(-15.80910742718,15.257533651161,
    89.318896933062));
#5777 = CARTESIAN_POINT('',(-15.77401384816,15.227145756899,
    89.307656929704));
#5778 = CARTESIAN_POINT('',(-15.71262562873,15.170624007146,
    89.287280289361));
#5779 = CARTESIAN_POINT('',(-15.68598244022,15.144866104426,
    89.278175828329));
#5780 = CARTESIAN_POINT('',(-15.65996650966,15.11846687317,
    89.269038194665));
#5781 = CARTESIAN_POINT('',(-15.63458989478,15.091448046798,
    89.259890975951));
#5782 = CARTESIAN_POINT('',(-15.60986263338,15.063832174269,
    89.250757287051));
#5783 = CARTESIAN_POINT('',(-15.57085437943,15.018147491565,
    89.236013628032));
#5784 = CARTESIAN_POINT('',(-15.55617003668,15.000432327937,
    89.230381703284));
#5785 = CARTESIAN_POINT('',(-15.54174118714,14.982502246066,
    89.224769213409));
#5786 = CARTESIAN_POINT('',(-15.52756914742,14.964362504634,
    89.219181296502));
#5787 = CARTESIAN_POINT('',(-15.51365508095,14.94601850517,
    89.213622995716));
#5788 = CARTESIAN_POINT('',(-15.50000000015,14.927475793068,
    89.208099243771));
#5789 = PCURVE('',#3808,#5790);
#5790 = DEFINITIONAL_REPRESENTATION('',(#5791),#5883);
#5791 = B_SPLINE_CURVE_WITH_KNOTS('',3,(#5792,#5793,#5794,#5795,#5796,
    #5797,#5798,#5799,#5800,#5801,#5802,#5803,#5804,#5805,#5806,#5807,
    #5808,#5809,#5810,#5811,#5812,#5813,#5814,#5815,#5816,#5817,#5818,
    #5819,#5820,#5821,#5822,#5823,#5824,#5825,#5826,#5827,#5828,#5829,
    #5830,#5831,#5832,#5833,#5834,#5835,#5836,#5837,#5838,#5839,#5840,
    #5841,#5842,#5843,#5844,#5845,#5846,#5847,#5848,#5849,#5850,#5851,
    #5852,#5853,#5854,#5855,#5856,#5857,#5858,#5859,#5860,#5861,#5862,
    #5863,#5864,#5865,#5866,#5867,#5868,#5869,#5870,#5871,#5872,#5873,
    #5874,#5875,#5876,#5877,#5878,#5879,#5880,#5881,#5882),
  .UNSPECIFIED.,.F.,.F.,(4,1,1,1,1,1,1,1,1,1,1,1,1,1,1,1,1,1,1,1,1,1,1,1
    ,1,1,1,1,1,1,1,1,1,1,1,1,1,1,1,1,1,1,1,1,1,1,1,1,1,1,1,1,1,1,1,1,1,1
    ,1,1,1,1,1,1,1,1,1,1,1,1,1,1,1,1,1,1,1,1,1,1,1,1,1,1,1,1,1,1,4),(
    2.196140308463E-07,1.855183021847E-02,3.71034408229E-02,
    5.565505142733E-02,7.420666203177E-02,9.27582726362E-02,
    0.111309883241,0.129861493845,0.14841310445,0.166964715054,
    0.185516325658,0.204067936263,0.222619546867,0.241171157472,
    0.259722768076,0.278274378681,0.296825989285,0.315377599889,
    0.333929210494,0.352480821098,0.371032431703,0.389584042307,
    0.408135652912,0.426687263516,0.44523887412,0.463790484725,
    0.482342095329,0.500893705934,0.519445316538,0.537996927143,
    0.556548537747,0.575100148352,0.593651758956,0.61220336956,
    0.630754980165,0.649306590769,0.667858201374,0.686409811978,
    0.704961422583,0.723513033187,0.742064643791,0.760616254396,
    0.779167865,0.797719475605,0.816271086209,0.834822696814,
    0.853374307418,0.871925918022,0.890477528627,0.909029139231,
    0.927580749836,0.94613236044,0.964683971045,0.983235581649,
    1.001787192254,1.020338802858,1.038890413462,1.057442024067,
    1.075993634671,1.094545245276,1.11309685588,1.131648466485,
    1.150200077089,1.168751687693,1.187303298298,1.205854908902,
    1.224406519507,1.242958130111,1.261509740716,1.28006135132,
    1.298612961924,1.317164572529,1.335716183133,1.354267793738,
    1.372819404342,1.391371014947,1.409922625551,1.428474236156,
    1.44702584676,1.465577457364,1.484129067969,1.502680678573,
    1.521232289178,1.539783899782,1.558335510387,1.576887120991,
    1.595438731595,1.6139903422,1.632541952804),.QUASI_UNIFORM_KNOTS.);
#5792 = CARTESIAN_POINT('',(5.790922581753,1.616484723854E-13));
#5793 = CARTESIAN_POINT('',(5.79182074772,1.689476060603E-02));
#5794 = CARTESIAN_POINT('',(5.793710155161,5.061956401514E-02));
#5795 = CARTESIAN_POINT('',(5.796823608554,0.100982522602));
#5796 = CARTESIAN_POINT('',(5.80021656079,0.151091069757));
#5797 = CARTESIAN_POINT('',(5.803889025321,0.200915291825));
#5798 = CARTESIAN_POINT('',(5.807840927695,0.250425439974));
#5799 = CARTESIAN_POINT('',(5.812072097055,0.299591953486));
#5800 = CARTESIAN_POINT('',(5.816582275072,0.348385453613));
#5801 = CARTESIAN_POINT('',(5.821371120586,0.396776745496));
#5802 = CARTESIAN_POINT('',(5.826438215618,0.444736817222));
#5803 = CARTESIAN_POINT('',(5.831783071795,0.492236842303));
#5804 = CARTESIAN_POINT('',(5.837405135331,0.539248171307));
#5805 = CARTESIAN_POINT('',(5.843303798908,0.585742363474));
#5806 = CARTESIAN_POINT('',(5.849478388955,0.63169106922));
#5807 = CARTESIAN_POINT('',(5.855928245904,0.67706646912));
#5808 = CARTESIAN_POINT('',(5.862652458647,0.721839636095));
#5809 = CARTESIAN_POINT('',(5.869650890646,0.76598664827));
#5810 = CARTESIAN_POINT('',(5.87691941467,0.80945978407));
#5811 = CARTESIAN_POINT('',(5.884454816877,0.852220977362));
#5812 = CARTESIAN_POINT('',(5.892254010683,0.894235130268));
#5813 = CARTESIAN_POINT('',(5.90031359034,0.935467554568));
#5814 = CARTESIAN_POINT('',(5.908629989135,0.975884754131));
#5815 = CARTESIAN_POINT('',(5.91719935768,1.015453823746));
#5816 = CARTESIAN_POINT('',(5.926017954912,1.054144041317));
#5817 = CARTESIAN_POINT('',(5.935080295527,1.091919078498));
#5818 = CARTESIAN_POINT('',(5.94438106749,1.128745962437));
#5819 = CARTESIAN_POINT('',(5.953914651712,1.164592848256));
#5820 = CARTESIAN_POINT('',(5.963675021705,1.199428599853));
#5821 = CARTESIAN_POINT('',(5.973655791783,1.233223007786));
#5822 = CARTESIAN_POINT('',(5.98385020933,1.265946990881));
#5823 = CARTESIAN_POINT('',(5.994251250451,1.297572806689));
#5824 = CARTESIAN_POINT('',(6.004851377288,1.328073392268));
#5825 = CARTESIAN_POINT('',(6.01564281624,1.357423319504));
#5826 = CARTESIAN_POINT('',(6.026617855022,1.385599442027));
#5827 = CARTESIAN_POINT('',(6.037768491351,1.412579816199));
#5828 = CARTESIAN_POINT('',(6.049086529507,1.43834396389));
#5829 = CARTESIAN_POINT('',(6.060563556376,1.462872781828));
#5830 = CARTESIAN_POINT('',(6.072190946295,1.486148529543));
#5831 = CARTESIAN_POINT('',(6.083959863375,1.508154856344));
#5832 = CARTESIAN_POINT('',(6.095861237129,1.528876593589));
#5833 = CARTESIAN_POINT('',(6.10788355808,1.548296659091));
#5834 = CARTESIAN_POINT('',(6.120019631483,1.566406910183));
#5835 = CARTESIAN_POINT('',(6.13226141638,1.583198491089));
#5836 = CARTESIAN_POINT('',(6.144600971319,1.598663612653));
#5837 = CARTESIAN_POINT('',(6.157030210784,1.612795071847));
#5838 = CARTESIAN_POINT('',(6.169540979196,1.62558637849));
#5839 = CARTESIAN_POINT('',(6.182125038724,1.637031720866));
#5840 = CARTESIAN_POINT('',(6.194774079464,1.647125976105));
#5841 = CARTESIAN_POINT('',(6.207479721903,1.655864710181));
#5842 = CARTESIAN_POINT('',(6.220233523865,1.663244182209));
#5843 = CARTESIAN_POINT('',(6.233026973667,1.669261349499));
#5844 = CARTESIAN_POINT('',(6.245851530777,1.673913872838));
#5845 = CARTESIAN_POINT('',(6.258698487616,1.677200127667));
#5846 = CARTESIAN_POINT('',(6.271559496999,1.679119198979));
#5847 = CARTESIAN_POINT('',(6.284424614157,1.679670943015));
#5848 = CARTESIAN_POINT('',(6.297289772549,1.678855804072));
#5849 = CARTESIAN_POINT('',(6.310148694048,1.676673273537));
#5850 = CARTESIAN_POINT('',(6.322992002504,1.673123693276));
#5851 = CARTESIAN_POINT('',(6.335811216201,1.66820810206));
#5852 = CARTESIAN_POINT('',(6.348597680783,1.661928264398));
#5853 = CARTESIAN_POINT('',(6.361342858132,1.654286652102));
#5854 = CARTESIAN_POINT('',(6.374038252275,1.645286440121));
#5855 = CARTESIAN_POINT('',(6.386675433008,1.63493150016));
#5856 = CARTESIAN_POINT('',(6.399246033888,1.623226396514));
#5857 = CARTESIAN_POINT('',(6.411741757745,1.610176382829));
#5858 = CARTESIAN_POINT('',(6.424154380925,1.595787400574));
#5859 = CARTESIAN_POINT('',(6.436475758703,1.580066077316));
#5860 = CARTESIAN_POINT('',(6.448697831308,1.563019731706));
#5861 = CARTESIAN_POINT('',(6.460812630796,1.544656359382));
#5862 = CARTESIAN_POINT('',(6.472812288757,1.524984696133));
#5863 = CARTESIAN_POINT('',(6.484689045061,1.50401399868));
#5864 = CARTESIAN_POINT('',(6.496430939063,1.481762725844));
#5865 = CARTESIAN_POINT('',(6.508029585311,1.458245220789));
#5866 = CARTESIAN_POINT('',(6.519476152574,1.433478161512));
#5867 = CARTESIAN_POINT('',(6.530762188784,1.407479271397));
#5868 = CARTESIAN_POINT('',(6.541879381895,1.380267736227));
#5869 = CARTESIAN_POINT('',(6.552819682927,1.351863939013));
#5870 = CARTESIAN_POINT('',(6.563574785181,1.322290940871));
#5871 = CARTESIAN_POINT('',(6.574136831132,1.291572778602));
#5872 = CARTESIAN_POINT('',(6.584498232171,1.259734883693));
#5873 = CARTESIAN_POINT('',(6.594651693087,1.226804020239));
#5874 = CARTESIAN_POINT('',(6.604590181752,1.19280838315));
#5875 = CARTESIAN_POINT('',(6.614307015378,1.157777260292));
#5876 = CARTESIAN_POINT('',(6.623795900653,1.121740987992));
#5877 = CARTESIAN_POINT('',(6.633050872357,1.084730908449));
#5878 = CARTESIAN_POINT('',(6.642066416546,1.046778872497));
#5879 = CARTESIAN_POINT('',(6.650837189657,1.007918500852));
#5880 = CARTESIAN_POINT('',(6.659357933159,0.96818543951));
#5881 = CARTESIAN_POINT('',(6.664869334718,0.941135604607));
#5882 = CARTESIAN_POINT('',(6.667582081618,0.927475793068));
#5883 = ( GEOMETRIC_REPRESENTATION_CONTEXT(2) 
PARAMETRIC_REPRESENTATION_CONTEXT() REPRESENTATION_CONTEXT('2D SPACE',''
  ) );
#5884 = PCURVE('',#5604,#5885);
#5885 = DEFINITIONAL_REPRESENTATION('',(#5886),#5978);
#5886 = B_SPLINE_CURVE_WITH_KNOTS('',3,(#5887,#5888,#5889,#5890,#5891,
    #5892,#5893,#5894,#5895,#5896,#5897,#5898,#5899,#5900,#5901,#5902,
    #5903,#5904,#5905,#5906,#5907,#5908,#5909,#5910,#5911,#5912,#5913,
    #5914,#5915,#5916,#5917,#5918,#5919,#5920,#5921,#5922,#5923,#5924,
    #5925,#5926,#5927,#5928,#5929,#5930,#5931,#5932,#5933,#5934,#5935,
    #5936,#5937,#5938,#5939,#5940,#5941,#5942,#5943,#5944,#5945,#5946,
    #5947,#5948,#5949,#5950,#5951,#5952,#5953,#5954,#5955,#5956,#5957,
    #5958,#5959,#5960,#5961,#5962,#5963,#5964,#5965,#5966,#5967,#5968,
    #5969,#5970,#5971,#5972,#5973,#5974,#5975,#5976,#5977),
  .UNSPECIFIED.,.F.,.F.,(4,1,1,1,1,1,1,1,1,1,1,1,1,1,1,1,1,1,1,1,1,1,1,1
    ,1,1,1,1,1,1,1,1,1,1,1,1,1,1,1,1,1,1,1,1,1,1,1,1,1,1,1,1,1,1,1,1,1,1
    ,1,1,1,1,1,1,1,1,1,1,1,1,1,1,1,1,1,1,1,1,1,1,1,1,1,1,1,1,1,1,4),(
    2.196140308463E-07,1.855183021847E-02,3.71034408229E-02,
    5.565505142733E-02,7.420666203177E-02,9.27582726362E-02,
    0.111309883241,0.129861493845,0.14841310445,0.166964715054,
    0.185516325658,0.204067936263,0.222619546867,0.241171157472,
    0.259722768076,0.278274378681,0.296825989285,0.315377599889,
    0.333929210494,0.352480821098,0.371032431703,0.389584042307,
    0.408135652912,0.426687263516,0.44523887412,0.463790484725,
    0.482342095329,0.500893705934,0.519445316538,0.537996927143,
    0.556548537747,0.575100148352,0.593651758956,0.61220336956,
    0.630754980165,0.649306590769,0.667858201374,0.686409811978,
    0.704961422583,0.723513033187,0.742064643791,0.760616254396,
    0.779167865,0.797719475605,0.816271086209,0.834822696814,
    0.853374307418,0.871925918022,0.890477528627,0.909029139231,
    0.927580749836,0.94613236044,0.964683971045,0.983235581649,
    1.001787192254,1.020338802858,1.038890413462,1.057442024067,
    1.075993634671,1.094545245276,1.11309685588,1.131648466485,
    1.150200077089,1.168751687693,1.187303298298,1.205854908902,
    1.224406519507,1.242958130111,1.261509740716,1.28006135132,
    1.298612961924,1.317164572529,1.335716183133,1.354267793738,
    1.372819404342,1.391371014947,1.409922625551,1.428474236156,
    1.44702584676,1.465577457364,1.484129067969,1.502680678573,
    1.521232289178,1.539783899782,1.558335510387,1.576887120991,
    1.595438731595,1.6139903422,1.632541952804),.QUASI_UNIFORM_KNOTS.);
#5887 = CARTESIAN_POINT('',(3.241760074751,-1.390484634707));
#5888 = CARTESIAN_POINT('',(3.245156045582,-1.387318510196));
#5889 = CARTESIAN_POINT('',(3.251938469881,-1.380653709286));
#5890 = CARTESIAN_POINT('',(3.262078404666,-1.369653626806));
#5891 = CARTESIAN_POINT('',(3.272179492967,-1.357645444829));
#5892 = CARTESIAN_POINT('',(3.282236573338,-1.344623920253));
#5893 = CARTESIAN_POINT('',(3.29224446724,-1.330583798031));
#5894 = CARTESIAN_POINT('',(3.302197973166,-1.315519811987));
#5895 = CARTESIAN_POINT('',(3.312091862417,-1.299426688872));
#5896 = CARTESIAN_POINT('',(3.321920874674,-1.28229915144));
#5897 = CARTESIAN_POINT('',(3.33167971369,-1.26413192221));
#5898 = CARTESIAN_POINT('',(3.341363043709,-1.244919725431));
#5899 = CARTESIAN_POINT('',(3.350965483853,-1.224657295597));
#5900 = CARTESIAN_POINT('',(3.360481610934,-1.203339361519));
#5901 = CARTESIAN_POINT('',(3.369905931596,-1.180960721633));
#5902 = CARTESIAN_POINT('',(3.379232969732,-1.157515978813));
#5903 = CARTESIAN_POINT('',(3.388456924479,-1.133000545917));
#5904 = CARTESIAN_POINT('',(3.397572931654,-1.10740690891));
#5905 = CARTESIAN_POINT('',(3.406571103811,-1.080742152727));
#5906 = CARTESIAN_POINT('',(3.415443412282,-1.053010150367));
#5907 = CARTESIAN_POINT('',(3.424182320453,-1.02421443421));
#5908 = CARTESIAN_POINT('',(3.432780253076,-0.994359893805));
#5909 = CARTESIAN_POINT('',(3.441229759898,-0.963452241456));
#5910 = CARTESIAN_POINT('',(3.449523391093,-0.931498516469));
#5911 = CARTESIAN_POINT('',(3.457654034836,-0.89850566691));
#5912 = CARTESIAN_POINT('',(3.465613280331,-0.864487555461));
#5913 = CARTESIAN_POINT('',(3.473393292832,-0.829457834989));
#5914 = CARTESIAN_POINT('',(3.480986365348,-0.793431867321));
#5915 = CARTESIAN_POINT('',(3.488384825685,-0.756427084832));
#5916 = CARTESIAN_POINT('',(3.495581086579,-0.718462851308));
#5917 = CARTESIAN_POINT('',(3.502567703739,-0.679560598415));
#5918 = CARTESIAN_POINT('',(3.509337426791,-0.639743470713));
#5919 = CARTESIAN_POINT('',(3.51588306382,-0.599037283504));
#5920 = CARTESIAN_POINT('',(3.522197699842,-0.557469515722));
#5921 = CARTESIAN_POINT('',(3.528274846842,-0.5150681699));
#5922 = CARTESIAN_POINT('',(3.534108225654,-0.471863140808));
#5923 = CARTESIAN_POINT('',(3.539691834013,-0.427885855522));
#5924 = CARTESIAN_POINT('',(3.54501993979,-0.383169372648));
#5925 = CARTESIAN_POINT('',(3.550087091365,-0.337748364862));
#5926 = CARTESIAN_POINT('',(3.554888136678,-0.291659109005));
#5927 = CARTESIAN_POINT('',(3.559418192589,-0.244939562687));
#5928 = CARTESIAN_POINT('',(3.56367197559,-0.197638051534));
#5929 = CARTESIAN_POINT('',(3.567646195404,-0.149786674585));
#5930 = CARTESIAN_POINT('',(3.57133745748,-0.101421488272));
#5931 = CARTESIAN_POINT('',(3.574742662342,-5.257877898656E-02));
#5932 = CARTESIAN_POINT('',(3.577858910911,-3.295984828511E-03));
#5933 = CARTESIAN_POINT('',(3.580683541843,4.638862908546E-02));
#5934 = CARTESIAN_POINT('',(3.583214133047,9.643596171789E-02));
#5935 = CARTESIAN_POINT('',(3.585448512301,0.14680615814));
#5936 = CARTESIAN_POINT('',(3.587384764885,0.19745866441));
#5937 = CARTESIAN_POINT('',(3.589021241381,0.248352303109));
#5938 = CARTESIAN_POINT('',(3.590356564866,0.299445296401));
#5939 = CARTESIAN_POINT('',(3.591389637309,0.350695481305));
#5940 = CARTESIAN_POINT('',(3.59211964645,0.402059811591));
#5941 = CARTESIAN_POINT('',(3.59254606815,0.453496523981));
#5942 = CARTESIAN_POINT('',(3.592668682832,0.50495736345));
#5943 = CARTESIAN_POINT('',(3.592487536086,0.556417547004));
#5944 = CARTESIAN_POINT('',(3.592002593658,0.607843448889));
#5945 = CARTESIAN_POINT('',(3.591214145076,0.65918910352));
#5946 = CARTESIAN_POINT('',(3.590122767315,0.710412235655));
#5947 = CARTESIAN_POINT('',(3.588729328496,0.761470049045));
#5948 = CARTESIAN_POINT('',(3.587034980094,0.812320438114));
#5949 = CARTESIAN_POINT('',(3.585041151467,0.862921745862));
#5950 = CARTESIAN_POINT('',(3.582749543043,0.913232910639));
#5951 = CARTESIAN_POINT('',(3.580162119183,0.963213508046));
#5952 = CARTESIAN_POINT('',(3.577281100449,1.012823820257));
#5953 = CARTESIAN_POINT('',(3.574108955505,1.062024897345));
#5954 = CARTESIAN_POINT('',(3.570648392251,1.110778619977));
#5955 = CARTESIAN_POINT('',(3.566902349737,1.159047761445));
#5956 = CARTESIAN_POINT('',(3.562873985386,1.20679604781));
#5957 = CARTESIAN_POINT('',(3.558566678112,1.253988223046));
#5958 = CARTESIAN_POINT('',(3.553983970799,1.300590092895));
#5959 = CARTESIAN_POINT('',(3.549131451727,1.346551722546));
#5960 = CARTESIAN_POINT('',(3.544013826228,1.391837994217));
#5961 = CARTESIAN_POINT('',(3.538636317852,1.436412798845));
#5962 = CARTESIAN_POINT('',(3.533004371992,1.480242290768));
#5963 = CARTESIAN_POINT('',(3.527123734843,1.523293953607));
#5964 = CARTESIAN_POINT('',(3.521000380755,1.565537066544));
#5965 = CARTESIAN_POINT('',(3.51464082032,1.606940699536));
#5966 = CARTESIAN_POINT('',(3.508051730796,1.647476485197));
#5967 = CARTESIAN_POINT('',(3.501240007139,1.687117787867));
#5968 = CARTESIAN_POINT('',(3.494212753497,1.725839824021));
#5969 = CARTESIAN_POINT('',(3.486977305245,1.763619572262));
#5970 = CARTESIAN_POINT('',(3.479541136474,1.800436017396));
#5971 = CARTESIAN_POINT('',(3.471911836709,1.836270244883));
#5972 = CARTESIAN_POINT('',(3.46409710068,1.871105164681));
#5973 = CARTESIAN_POINT('',(3.456104615305,1.904925909845));
#5974 = CARTESIAN_POINT('',(3.447942326006,1.937718810706));
#5975 = CARTESIAN_POINT('',(3.439618485212,1.969470904255));
#5976 = CARTESIAN_POINT('',(3.433966298047,1.98994089224));
#5977 = CARTESIAN_POINT('',(3.431115704057,1.999999999844));
#5978 = ( GEOMETRIC_REPRESENTATION_CONTEXT(2) 
PARAMETRIC_REPRESENTATION_CONTEXT() REPRESENTATION_CONTEXT('2D SPACE',''
  ) );
#5979 = ORIENTED_EDGE('',*,*,#5980,.T.);
#5980 = EDGE_CURVE('',#5728,#5981,#5983,.T.);
#5981 = VERTEX_POINT('',#5982);
#5982 = CARTESIAN_POINT('',(-15.5,18.,89.208099243548));
#5983 = SURFACE_CURVE('',#5984,(#5988,#5994),.PCURVE_S1.);
#5984 = LINE('',#5985,#5986);
#5985 = CARTESIAN_POINT('',(-15.5,14.,89.208099243548));
#5986 = VECTOR('',#5987,1.);
#5987 = DIRECTION('',(0.,1.,0.));
#5988 = PCURVE('',#3808,#5989);
#5989 = DEFINITIONAL_REPRESENTATION('',(#5990),#5993);
#5990 = B_SPLINE_CURVE_WITH_KNOTS('',1,(#5991,#5992),.UNSPECIFIED.,.F.,
  .F.,(2,2),(0.927475793249,4.),.PIECEWISE_BEZIER_KNOTS.);
#5991 = CARTESIAN_POINT('',(6.667582081675,0.927475793249));
#5992 = CARTESIAN_POINT('',(6.667582081675,4.));
#5993 = ( GEOMETRIC_REPRESENTATION_CONTEXT(2) 
PARAMETRIC_REPRESENTATION_CONTEXT() REPRESENTATION_CONTEXT('2D SPACE',''
  ) );
#5994 = PCURVE('',#5995,#6000);
#5995 = PLANE('',#5996);
#5996 = AXIS2_PLACEMENT_3D('',#5997,#5998,#5999);
#5997 = CARTESIAN_POINT('',(-15.5,2.5,84.));
#5998 = DIRECTION('',(1.,0.,0.));
#5999 = DIRECTION('',(0.,0.,1.));
#6000 = DEFINITIONAL_REPRESENTATION('',(#6001),#6004);
#6001 = B_SPLINE_CURVE_WITH_KNOTS('',1,(#6002,#6003),.UNSPECIFIED.,.F.,
  .F.,(2,2),(-5.999999999062E-07,10.0000006),.PIECEWISE_BEZIER_KNOTS.);
#6002 = CARTESIAN_POINT('',(5.208099243548,-11.4999994));
#6003 = CARTESIAN_POINT('',(5.208099243548,-21.5000006));
#6004 = ( GEOMETRIC_REPRESENTATION_CONTEXT(2) 
PARAMETRIC_REPRESENTATION_CONTEXT() REPRESENTATION_CONTEXT('2D SPACE',''
  ) );
#6005 = ORIENTED_EDGE('',*,*,#6006,.F.);
#6006 = EDGE_CURVE('',#6007,#5981,#6009,.T.);
#6007 = VERTEX_POINT('',#6008);
#6008 = CARTESIAN_POINT('',(-16.4,18.,89.454743986657));
#6009 = SURFACE_CURVE('',#6010,(#6015,#6022),.PCURVE_S1.);
#6010 = CIRCLE('',#6011,4.);
#6011 = AXIS2_PLACEMENT_3D('',#6012,#6013,#6014);
#6012 = CARTESIAN_POINT('',(-17.,18.,85.5));
#6013 = DIRECTION('',(0.,1.,0.));
#6014 = DIRECTION('',(0.,-0.,1.));
#6015 = PCURVE('',#3808,#6016);
#6016 = DEFINITIONAL_REPRESENTATION('',(#6017),#6021);
#6017 = LINE('',#6018,#6019);
#6018 = CARTESIAN_POINT('',(6.28318530718,4.));
#6019 = VECTOR('',#6020,1.);
#6020 = DIRECTION('',(1.,0.));
#6021 = ( GEOMETRIC_REPRESENTATION_CONTEXT(2) 
PARAMETRIC_REPRESENTATION_CONTEXT() REPRESENTATION_CONTEXT('2D SPACE',''
  ) );
#6022 = PCURVE('',#6023,#6028);
#6023 = PLANE('',#6024);
#6024 = AXIS2_PLACEMENT_3D('',#6025,#6026,#6027);
#6025 = CARTESIAN_POINT('',(-16.4,18.,87.7));
#6026 = DIRECTION('',(0.,1.,0.));
#6027 = DIRECTION('',(0.,0.,1.));
#6028 = DEFINITIONAL_REPRESENTATION('',(#6029),#6033);
#6029 = CIRCLE('',#6030,4.);
#6030 = AXIS2_PLACEMENT_2D('',#6031,#6032);
#6031 = CARTESIAN_POINT('',(-2.2,-0.6));
#6032 = DIRECTION('',(1.,0.));
#6033 = ( GEOMETRIC_REPRESENTATION_CONTEXT(2) 
PARAMETRIC_REPRESENTATION_CONTEXT() REPRESENTATION_CONTEXT('2D SPACE',''
  ) );
#6034 = ORIENTED_EDGE('',*,*,#6035,.T.);
#6035 = EDGE_CURVE('',#6007,#6036,#6038,.T.);
#6036 = VERTEX_POINT('',#6037);
#6037 = CARTESIAN_POINT('',(-16.4,24.,89.454743986657));
#6038 = SURFACE_CURVE('',#6039,(#6043,#6049),.PCURVE_S1.);
#6039 = LINE('',#6040,#6041);
#6040 = CARTESIAN_POINT('',(-16.4,14.,89.454743986657));
#6041 = VECTOR('',#6042,1.);
#6042 = DIRECTION('',(0.,1.,0.));
#6043 = PCURVE('',#3808,#6044);
#6044 = DEFINITIONAL_REPRESENTATION('',(#6045),#6048);
#6045 = B_SPLINE_CURVE_WITH_KNOTS('',1,(#6046,#6047),.UNSPECIFIED.,.F.,
  .F.,(2,2),(3.35,10.0000006),.PIECEWISE_BEZIER_KNOTS.);
#6046 = CARTESIAN_POINT('',(6.433753579956,3.35));
#6047 = CARTESIAN_POINT('',(6.433753579956,10.0000006));
#6048 = ( GEOMETRIC_REPRESENTATION_CONTEXT(2) 
PARAMETRIC_REPRESENTATION_CONTEXT() REPRESENTATION_CONTEXT('2D SPACE',''
  ) );
#6049 = PCURVE('',#6050,#6055);
#6050 = PLANE('',#6051);
#6051 = AXIS2_PLACEMENT_3D('',#6052,#6053,#6054);
#6052 = CARTESIAN_POINT('',(-16.4,18.,87.7));
#6053 = DIRECTION('',(1.,0.,0.));
#6054 = DIRECTION('',(0.,0.,1.));
#6055 = DEFINITIONAL_REPRESENTATION('',(#6056),#6059);
#6056 = B_SPLINE_CURVE_WITH_KNOTS('',1,(#6057,#6058),.UNSPECIFIED.,.F.,
  .F.,(2,2),(3.35,10.0000006),.PIECEWISE_BEZIER_KNOTS.);
#6057 = CARTESIAN_POINT('',(1.754743986657,0.65));
#6058 = CARTESIAN_POINT('',(1.754743986657,-6.0000006));
#6059 = ( GEOMETRIC_REPRESENTATION_CONTEXT(2) 
PARAMETRIC_REPRESENTATION_CONTEXT() REPRESENTATION_CONTEXT('2D SPACE',''
  ) );
#6060 = ORIENTED_EDGE('',*,*,#6061,.T.);
#6061 = EDGE_CURVE('',#6036,#3766,#6062,.T.);
#6062 = SURFACE_CURVE('',#6063,(#6068,#6075),.PCURVE_S1.);
#6063 = CIRCLE('',#6064,4.);
#6064 = AXIS2_PLACEMENT_3D('',#6065,#6066,#6067);
#6065 = CARTESIAN_POINT('',(-17.,24.,85.5));
#6066 = DIRECTION('',(0.,-1.,0.));
#6067 = DIRECTION('',(0.927024810887,0.,0.375));
#6068 = PCURVE('',#3808,#6069);
#6069 = DEFINITIONAL_REPRESENTATION('',(#6070),#6074);
#6070 = LINE('',#6071,#6072);
#6071 = CARTESIAN_POINT('',(7.469584859479,10.));
#6072 = VECTOR('',#6073,1.);
#6073 = DIRECTION('',(-1.,-0.));
#6074 = ( GEOMETRIC_REPRESENTATION_CONTEXT(2) 
PARAMETRIC_REPRESENTATION_CONTEXT() REPRESENTATION_CONTEXT('2D SPACE',''
  ) );
#6075 = PCURVE('',#3781,#6076);
#6076 = DEFINITIONAL_REPRESENTATION('',(#6077),#6085);
#6077 = ( BOUNDED_CURVE() B_SPLINE_CURVE(2,(#6078,#6079,#6080,#6081,
#6082,#6083,#6084),.UNSPECIFIED.,.T.,.F.) B_SPLINE_CURVE_WITH_KNOTS((1,2
    ,2,2,2,1),(-2.094395102393,0.,2.094395102393,4.188790204786,
6.28318530718,8.377580409573),.UNSPECIFIED.) CURVE() 
GEOMETRIC_REPRESENTATION_ITEM() RATIONAL_B_SPLINE_CURVE((1.,0.5,1.,0.5,
1.,0.5,1.)) REPRESENTATION_ITEM('') );
#6078 = CARTESIAN_POINT('',(3.,2.208099243548));
#6079 = CARTESIAN_POINT('',(9.422616289333,-0.389976967805));
#6080 = CARTESIAN_POINT('',(3.961308144666,-4.653087727451));
#6081 = CARTESIAN_POINT('',(-1.5,-8.916198487096));
#6082 = CARTESIAN_POINT('',(-2.461308144666,-2.055011516097));
#6083 = CARTESIAN_POINT('',(-3.422616289333,4.806175454901));
#6084 = CARTESIAN_POINT('',(3.,2.208099243548));
#6085 = ( GEOMETRIC_REPRESENTATION_CONTEXT(2) 
PARAMETRIC_REPRESENTATION_CONTEXT() REPRESENTATION_CONTEXT('2D SPACE',''
  ) );
#6086 = ORIENTED_EDGE('',*,*,#3793,.F.);
#6087 = ADVANCED_FACE('',(#6088,#6303,#6329),#3781,.T.);
#6088 = FACE_BOUND('',#6089,.T.);
#6089 = EDGE_LOOP('',(#6090,#6091,#6092,#6113,#6139,#6172,#6200,#6229,
    #6255,#6281));
#6090 = ORIENTED_EDGE('',*,*,#3765,.F.);
#6091 = ORIENTED_EDGE('',*,*,#6061,.F.);
#6092 = ORIENTED_EDGE('',*,*,#6093,.T.);
#6093 = EDGE_CURVE('',#6036,#6094,#6096,.T.);
#6094 = VERTEX_POINT('',#6095);
#6095 = CARTESIAN_POINT('',(-16.4,24.,87.7));
#6096 = SURFACE_CURVE('',#6097,(#6101,#6107),.PCURVE_S1.);
#6097 = LINE('',#6098,#6099);
#6098 = CARTESIAN_POINT('',(-16.4,24.,85.85));
#6099 = VECTOR('',#6100,1.);
#6100 = DIRECTION('',(0.,0.,-1.));
#6101 = PCURVE('',#3781,#6102);
#6102 = DEFINITIONAL_REPRESENTATION('',(#6103),#6106);
#6103 = B_SPLINE_CURVE_WITH_KNOTS('',1,(#6104,#6105),.UNSPECIFIED.,.F.,
  .F.,(2,2),(-3.65,-1.85),.PIECEWISE_BEZIER_KNOTS.);
#6104 = CARTESIAN_POINT('',(5.5,-0.9));
#6105 = CARTESIAN_POINT('',(3.7,-0.9));
#6106 = ( GEOMETRIC_REPRESENTATION_CONTEXT(2) 
PARAMETRIC_REPRESENTATION_CONTEXT() REPRESENTATION_CONTEXT('2D SPACE',''
  ) );
#6107 = PCURVE('',#6050,#6108);
#6108 = DEFINITIONAL_REPRESENTATION('',(#6109),#6112);
#6109 = B_SPLINE_CURVE_WITH_KNOTS('',1,(#6110,#6111),.UNSPECIFIED.,.F.,
  .F.,(2,2),(-3.65,-1.85),.PIECEWISE_BEZIER_KNOTS.);
#6110 = CARTESIAN_POINT('',(1.8,-6.));
#6111 = CARTESIAN_POINT('',(0.,-6.));
#6112 = ( GEOMETRIC_REPRESENTATION_CONTEXT(2) 
PARAMETRIC_REPRESENTATION_CONTEXT() REPRESENTATION_CONTEXT('2D SPACE',''
  ) );
#6113 = ORIENTED_EDGE('',*,*,#6114,.T.);
#6114 = EDGE_CURVE('',#6094,#6115,#6117,.T.);
#6115 = VERTEX_POINT('',#6116);
#6116 = CARTESIAN_POINT('',(-13.6593413823,24.,87.7));
#6117 = SURFACE_CURVE('',#6118,(#6122,#6128),.PCURVE_S1.);
#6118 = LINE('',#6119,#6120);
#6119 = CARTESIAN_POINT('',(-15.95,24.,87.7));
#6120 = VECTOR('',#6121,1.);
#6121 = DIRECTION('',(1.,0.,0.));
#6122 = PCURVE('',#3781,#6123);
#6123 = DEFINITIONAL_REPRESENTATION('',(#6124),#6127);
#6124 = B_SPLINE_CURVE_WITH_KNOTS('',1,(#6125,#6126),.UNSPECIFIED.,.F.,
  .F.,(2,2),(-0.45,3.95),.PIECEWISE_BEZIER_KNOTS.);
#6125 = CARTESIAN_POINT('',(3.7,-0.9));
#6126 = CARTESIAN_POINT('',(3.7,3.5));
#6127 = ( GEOMETRIC_REPRESENTATION_CONTEXT(2) 
PARAMETRIC_REPRESENTATION_CONTEXT() REPRESENTATION_CONTEXT('2D SPACE',''
  ) );
#6128 = PCURVE('',#6129,#6134);
#6129 = PLANE('',#6130);
#6130 = AXIS2_PLACEMENT_3D('',#6131,#6132,#6133);
#6131 = CARTESIAN_POINT('',(-16.4,18.,87.7));
#6132 = DIRECTION('',(0.,0.,1.));
#6133 = DIRECTION('',(1.,0.,0.));
#6134 = DEFINITIONAL_REPRESENTATION('',(#6135),#6138);
#6135 = B_SPLINE_CURVE_WITH_KNOTS('',1,(#6136,#6137),.UNSPECIFIED.,.F.,
  .F.,(2,2),(-0.45,3.95),.PIECEWISE_BEZIER_KNOTS.);
#6136 = CARTESIAN_POINT('',(0.,6.));
#6137 = CARTESIAN_POINT('',(4.4,6.));
#6138 = ( GEOMETRIC_REPRESENTATION_CONTEXT(2) 
PARAMETRIC_REPRESENTATION_CONTEXT() REPRESENTATION_CONTEXT('2D SPACE',''
  ) );
#6139 = ORIENTED_EDGE('',*,*,#6140,.F.);
#6140 = EDGE_CURVE('',#6141,#6115,#6143,.T.);
#6141 = VERTEX_POINT('',#6142);
#6142 = CARTESIAN_POINT('',(-13.29190075645,24.,87.));
#6143 = SURFACE_CURVE('',#6144,(#6149,#6160),.PCURVE_S1.);
#6144 = CIRCLE('',#6145,4.);
#6145 = AXIS2_PLACEMENT_3D('',#6146,#6147,#6148);
#6146 = CARTESIAN_POINT('',(-17.,24.,85.5));
#6147 = DIRECTION('',(0.,-1.,0.));
#6148 = DIRECTION('',(0.927024810887,0.,0.375));
#6149 = PCURVE('',#3781,#6150);
#6150 = DEFINITIONAL_REPRESENTATION('',(#6151),#6159);
#6151 = ( BOUNDED_CURVE() B_SPLINE_CURVE(2,(#6152,#6153,#6154,#6155,
#6156,#6157,#6158),.UNSPECIFIED.,.T.,.F.) B_SPLINE_CURVE_WITH_KNOTS((1,2
    ,2,2,2,1),(-2.094395102393,0.,2.094395102393,4.188790204786,
6.28318530718,8.377580409573),.UNSPECIFIED.) CURVE() 
GEOMETRIC_REPRESENTATION_ITEM() RATIONAL_B_SPLINE_CURVE((1.,0.5,1.,0.5,
1.,0.5,1.)) REPRESENTATION_ITEM('') );
#6152 = CARTESIAN_POINT('',(3.,2.208099243548));
#6153 = CARTESIAN_POINT('',(9.422616289333,-0.389976967805));
#6154 = CARTESIAN_POINT('',(3.961308144666,-4.653087727451));
#6155 = CARTESIAN_POINT('',(-1.5,-8.916198487096));
#6156 = CARTESIAN_POINT('',(-2.461308144666,-2.055011516097));
#6157 = CARTESIAN_POINT('',(-3.422616289333,4.806175454901));
#6158 = CARTESIAN_POINT('',(3.,2.208099243548));
#6159 = ( GEOMETRIC_REPRESENTATION_CONTEXT(2) 
PARAMETRIC_REPRESENTATION_CONTEXT() REPRESENTATION_CONTEXT('2D SPACE',''
  ) );
#6160 = PCURVE('',#6161,#6166);
#6161 = CYLINDRICAL_SURFACE('',#6162,4.);
#6162 = AXIS2_PLACEMENT_3D('',#6163,#6164,#6165);
#6163 = CARTESIAN_POINT('',(-17.,14.,85.5));
#6164 = DIRECTION('',(0.,1.,0.));
#6165 = DIRECTION('',(0.,-0.,1.));
#6166 = DEFINITIONAL_REPRESENTATION('',(#6167),#6171);
#6167 = LINE('',#6168,#6169);
#6168 = CARTESIAN_POINT('',(7.469584859479,10.));
#6169 = VECTOR('',#6170,1.);
#6170 = DIRECTION('',(-1.,-0.));
#6171 = ( GEOMETRIC_REPRESENTATION_CONTEXT(2) 
PARAMETRIC_REPRESENTATION_CONTEXT() REPRESENTATION_CONTEXT('2D SPACE',''
  ) );
#6172 = ORIENTED_EDGE('',*,*,#6173,.T.);
#6173 = EDGE_CURVE('',#6141,#6174,#6176,.T.);
#6174 = VERTEX_POINT('',#6175);
#6175 = CARTESIAN_POINT('',(13.291900756452,24.,87.));
#6176 = SURFACE_CURVE('',#6177,(#6181,#6188),.PCURVE_S1.);
#6177 = LINE('',#6178,#6179);
#6178 = CARTESIAN_POINT('',(-15.5,24.,87.));
#6179 = VECTOR('',#6180,1.);
#6180 = DIRECTION('',(1.,0.,0.));
#6181 = PCURVE('',#3781,#6182);
#6182 = DEFINITIONAL_REPRESENTATION('',(#6183),#6187);
#6183 = LINE('',#6184,#6185);
#6184 = CARTESIAN_POINT('',(3.,0.));
#6185 = VECTOR('',#6186,1.);
#6186 = DIRECTION('',(0.,1.));
#6187 = ( GEOMETRIC_REPRESENTATION_CONTEXT(2) 
PARAMETRIC_REPRESENTATION_CONTEXT() REPRESENTATION_CONTEXT('2D SPACE',''
  ) );
#6188 = PCURVE('',#6189,#6194);
#6189 = PLANE('',#6190);
#6190 = AXIS2_PLACEMENT_3D('',#6191,#6192,#6193);
#6191 = CARTESIAN_POINT('',(12.,18.,87.));
#6192 = DIRECTION('',(0.,0.,1.));
#6193 = DIRECTION('',(1.,0.,0.));
#6194 = DEFINITIONAL_REPRESENTATION('',(#6195),#6199);
#6195 = LINE('',#6196,#6197);
#6196 = CARTESIAN_POINT('',(-27.5,6.));
#6197 = VECTOR('',#6198,1.);
#6198 = DIRECTION('',(1.,0.));
#6199 = ( GEOMETRIC_REPRESENTATION_CONTEXT(2) 
PARAMETRIC_REPRESENTATION_CONTEXT() REPRESENTATION_CONTEXT('2D SPACE',''
  ) );
#6200 = ORIENTED_EDGE('',*,*,#6201,.T.);
#6201 = EDGE_CURVE('',#6174,#6202,#6204,.T.);
#6202 = VERTEX_POINT('',#6203);
#6203 = CARTESIAN_POINT('',(13.659341382302,24.,87.7));
#6204 = SURFACE_CURVE('',#6205,(#6210,#6217),.PCURVE_S1.);
#6205 = CIRCLE('',#6206,4.);
#6206 = AXIS2_PLACEMENT_3D('',#6207,#6208,#6209);
#6207 = CARTESIAN_POINT('',(17.,24.,85.5));
#6208 = DIRECTION('',(0.,1.,-0.));
#6209 = DIRECTION('',(-0.927024810887,0.,0.375));
#6210 = PCURVE('',#3781,#6211);
#6211 = DEFINITIONAL_REPRESENTATION('',(#6212),#6216);
#6212 = CIRCLE('',#6213,4.);
#6213 = AXIS2_PLACEMENT_2D('',#6214,#6215);
#6214 = CARTESIAN_POINT('',(1.5,32.5));
#6215 = DIRECTION('',(0.375,-0.927024810887));
#6216 = ( GEOMETRIC_REPRESENTATION_CONTEXT(2) 
PARAMETRIC_REPRESENTATION_CONTEXT() REPRESENTATION_CONTEXT('2D SPACE',''
  ) );
#6217 = PCURVE('',#6218,#6223);
#6218 = CYLINDRICAL_SURFACE('',#6219,4.);
#6219 = AXIS2_PLACEMENT_3D('',#6220,#6221,#6222);
#6220 = CARTESIAN_POINT('',(17.,14.,85.5));
#6221 = DIRECTION('',(0.,1.,0.));
#6222 = DIRECTION('',(0.,-0.,1.));
#6223 = DEFINITIONAL_REPRESENTATION('',(#6224),#6228);
#6224 = LINE('',#6225,#6226);
#6225 = CARTESIAN_POINT('',(5.09678575488,10.));
#6226 = VECTOR('',#6227,1.);
#6227 = DIRECTION('',(1.,0.));
#6228 = ( GEOMETRIC_REPRESENTATION_CONTEXT(2) 
PARAMETRIC_REPRESENTATION_CONTEXT() REPRESENTATION_CONTEXT('2D SPACE',''
  ) );
#6229 = ORIENTED_EDGE('',*,*,#6230,.T.);
#6230 = EDGE_CURVE('',#6202,#6231,#6233,.T.);
#6231 = VERTEX_POINT('',#6232);
#6232 = CARTESIAN_POINT('',(16.4,24.,87.7));
#6233 = SURFACE_CURVE('',#6234,(#6238,#6244),.PCURVE_S1.);
#6234 = LINE('',#6235,#6236);
#6235 = CARTESIAN_POINT('',(-1.75,24.,87.7));
#6236 = VECTOR('',#6237,1.);
#6237 = DIRECTION('',(1.,0.,0.));
#6238 = PCURVE('',#3781,#6239);
#6239 = DEFINITIONAL_REPRESENTATION('',(#6240),#6243);
#6240 = B_SPLINE_CURVE_WITH_KNOTS('',1,(#6241,#6242),.UNSPECIFIED.,.F.,
  .F.,(2,2),(13.75,18.15),.PIECEWISE_BEZIER_KNOTS.);
#6241 = CARTESIAN_POINT('',(3.7,27.5));
#6242 = CARTESIAN_POINT('',(3.7,31.9));
#6243 = ( GEOMETRIC_REPRESENTATION_CONTEXT(2) 
PARAMETRIC_REPRESENTATION_CONTEXT() REPRESENTATION_CONTEXT('2D SPACE',''
  ) );
#6244 = PCURVE('',#6245,#6250);
#6245 = PLANE('',#6246);
#6246 = AXIS2_PLACEMENT_3D('',#6247,#6248,#6249);
#6247 = CARTESIAN_POINT('',(12.,18.,87.7));
#6248 = DIRECTION('',(0.,0.,1.));
#6249 = DIRECTION('',(1.,0.,0.));
#6250 = DEFINITIONAL_REPRESENTATION('',(#6251),#6254);
#6251 = B_SPLINE_CURVE_WITH_KNOTS('',1,(#6252,#6253),.UNSPECIFIED.,.F.,
  .F.,(2,2),(13.75,18.15),.PIECEWISE_BEZIER_KNOTS.);
#6252 = CARTESIAN_POINT('',(0.,6.));
#6253 = CARTESIAN_POINT('',(4.4,6.));
#6254 = ( GEOMETRIC_REPRESENTATION_CONTEXT(2) 
PARAMETRIC_REPRESENTATION_CONTEXT() REPRESENTATION_CONTEXT('2D SPACE',''
  ) );
#6255 = ORIENTED_EDGE('',*,*,#6256,.F.);
#6256 = EDGE_CURVE('',#6257,#6231,#6259,.T.);
#6257 = VERTEX_POINT('',#6258);
#6258 = CARTESIAN_POINT('',(16.4,24.,89.454743986657));
#6259 = SURFACE_CURVE('',#6260,(#6264,#6270),.PCURVE_S1.);
#6260 = LINE('',#6261,#6262);
#6261 = CARTESIAN_POINT('',(16.4,24.,85.85));
#6262 = VECTOR('',#6263,1.);
#6263 = DIRECTION('',(0.,0.,-1.));
#6264 = PCURVE('',#3781,#6265);
#6265 = DEFINITIONAL_REPRESENTATION('',(#6266),#6269);
#6266 = B_SPLINE_CURVE_WITH_KNOTS('',1,(#6267,#6268),.UNSPECIFIED.,.F.,
  .F.,(2,2),(-3.65,-1.85),.PIECEWISE_BEZIER_KNOTS.);
#6267 = CARTESIAN_POINT('',(5.5,31.9));
#6268 = CARTESIAN_POINT('',(3.7,31.9));
#6269 = ( GEOMETRIC_REPRESENTATION_CONTEXT(2) 
PARAMETRIC_REPRESENTATION_CONTEXT() REPRESENTATION_CONTEXT('2D SPACE',''
  ) );
#6270 = PCURVE('',#6271,#6276);
#6271 = PLANE('',#6272);
#6272 = AXIS2_PLACEMENT_3D('',#6273,#6274,#6275);
#6273 = CARTESIAN_POINT('',(16.4,18.,87.7));
#6274 = DIRECTION('',(1.,0.,0.));
#6275 = DIRECTION('',(0.,0.,1.));
#6276 = DEFINITIONAL_REPRESENTATION('',(#6277),#6280);
#6277 = B_SPLINE_CURVE_WITH_KNOTS('',1,(#6278,#6279),.UNSPECIFIED.,.F.,
  .F.,(2,2),(-3.65,-1.85),.PIECEWISE_BEZIER_KNOTS.);
#6278 = CARTESIAN_POINT('',(1.8,-6.));
#6279 = CARTESIAN_POINT('',(0.,-6.));
#6280 = ( GEOMETRIC_REPRESENTATION_CONTEXT(2) 
PARAMETRIC_REPRESENTATION_CONTEXT() REPRESENTATION_CONTEXT('2D SPACE',''
  ) );
#6281 = ORIENTED_EDGE('',*,*,#6282,.T.);
#6282 = EDGE_CURVE('',#6257,#3740,#6283,.T.);
#6283 = SURFACE_CURVE('',#6284,(#6289,#6296),.PCURVE_S1.);
#6284 = CIRCLE('',#6285,4.);
#6285 = AXIS2_PLACEMENT_3D('',#6286,#6287,#6288);
#6286 = CARTESIAN_POINT('',(17.,24.,85.5));
#6287 = DIRECTION('',(0.,1.,-0.));
#6288 = DIRECTION('',(-0.927024810887,0.,0.375));
#6289 = PCURVE('',#3781,#6290);
#6290 = DEFINITIONAL_REPRESENTATION('',(#6291),#6295);
#6291 = CIRCLE('',#6292,4.);
#6292 = AXIS2_PLACEMENT_2D('',#6293,#6294);
#6293 = CARTESIAN_POINT('',(1.5,32.5));
#6294 = DIRECTION('',(0.375,-0.927024810887));
#6295 = ( GEOMETRIC_REPRESENTATION_CONTEXT(2) 
PARAMETRIC_REPRESENTATION_CONTEXT() REPRESENTATION_CONTEXT('2D SPACE',''
  ) );
#6296 = PCURVE('',#3754,#6297);
#6297 = DEFINITIONAL_REPRESENTATION('',(#6298),#6302);
#6298 = LINE('',#6299,#6300);
#6299 = CARTESIAN_POINT('',(5.09678575488,10.));
#6300 = VECTOR('',#6301,1.);
#6301 = DIRECTION('',(1.,0.));
#6302 = ( GEOMETRIC_REPRESENTATION_CONTEXT(2) 
PARAMETRIC_REPRESENTATION_CONTEXT() REPRESENTATION_CONTEXT('2D SPACE',''
  ) );
#6303 = FACE_BOUND('',#6304,.T.);
#6304 = EDGE_LOOP('',(#6305));
#6305 = ORIENTED_EDGE('',*,*,#6306,.F.);
#6306 = EDGE_CURVE('',#6307,#6307,#6309,.T.);
#6307 = VERTEX_POINT('',#6308);
#6308 = CARTESIAN_POINT('',(-17.,24.,86.4));
#6309 = SURFACE_CURVE('',#6310,(#6315,#6322),.PCURVE_S1.);
#6310 = CIRCLE('',#6311,0.9);
#6311 = AXIS2_PLACEMENT_3D('',#6312,#6313,#6314);
#6312 = CARTESIAN_POINT('',(-17.,24.,85.5));
#6313 = DIRECTION('',(0.,1.,0.));
#6314 = DIRECTION('',(0.,-0.,1.));
#6315 = PCURVE('',#3781,#6316);
#6316 = DEFINITIONAL_REPRESENTATION('',(#6317),#6321);
#6317 = CIRCLE('',#6318,0.9);
#6318 = AXIS2_PLACEMENT_2D('',#6319,#6320);
#6319 = CARTESIAN_POINT('',(1.5,-1.5));
#6320 = DIRECTION('',(1.,0.));
#6321 = ( GEOMETRIC_REPRESENTATION_CONTEXT(2) 
PARAMETRIC_REPRESENTATION_CONTEXT() REPRESENTATION_CONTEXT('2D SPACE',''
  ) );
#6322 = PCURVE('',#5711,#6323);
#6323 = DEFINITIONAL_REPRESENTATION('',(#6324),#6328);
#6324 = LINE('',#6325,#6326);
#6325 = CARTESIAN_POINT('',(0.,10.5));
#6326 = VECTOR('',#6327,1.);
#6327 = DIRECTION('',(1.,0.));
#6328 = ( GEOMETRIC_REPRESENTATION_CONTEXT(2) 
PARAMETRIC_REPRESENTATION_CONTEXT() REPRESENTATION_CONTEXT('2D SPACE',''
  ) );
#6329 = FACE_BOUND('',#6330,.T.);
#6330 = EDGE_LOOP('',(#6331));
#6331 = ORIENTED_EDGE('',*,*,#6332,.F.);
#6332 = EDGE_CURVE('',#6333,#6333,#6335,.T.);
#6333 = VERTEX_POINT('',#6334);
#6334 = CARTESIAN_POINT('',(17.,24.,86.4));
#6335 = SURFACE_CURVE('',#6336,(#6341,#6348),.PCURVE_S1.);
#6336 = CIRCLE('',#6337,0.9);
#6337 = AXIS2_PLACEMENT_3D('',#6338,#6339,#6340);
#6338 = CARTESIAN_POINT('',(17.,24.,85.5));
#6339 = DIRECTION('',(0.,1.,0.));
#6340 = DIRECTION('',(0.,-0.,1.));
#6341 = PCURVE('',#3781,#6342);
#6342 = DEFINITIONAL_REPRESENTATION('',(#6343),#6347);
#6343 = CIRCLE('',#6344,0.9);
#6344 = AXIS2_PLACEMENT_2D('',#6345,#6346);
#6345 = CARTESIAN_POINT('',(1.5,32.5));
#6346 = DIRECTION('',(1.,0.));
#6347 = ( GEOMETRIC_REPRESENTATION_CONTEXT(2) 
PARAMETRIC_REPRESENTATION_CONTEXT() REPRESENTATION_CONTEXT('2D SPACE',''
  ) );
#6348 = PCURVE('',#6349,#6354);
#6349 = CYLINDRICAL_SURFACE('',#6350,0.9);
#6350 = AXIS2_PLACEMENT_3D('',#6351,#6352,#6353);
#6351 = CARTESIAN_POINT('',(17.,13.5,85.5));
#6352 = DIRECTION('',(0.,1.,0.));
#6353 = DIRECTION('',(0.,-0.,1.));
#6354 = DEFINITIONAL_REPRESENTATION('',(#6355),#6359);
#6355 = LINE('',#6356,#6357);
#6356 = CARTESIAN_POINT('',(0.,10.5));
#6357 = VECTOR('',#6358,1.);
#6358 = DIRECTION('',(1.,0.));
#6359 = ( GEOMETRIC_REPRESENTATION_CONTEXT(2) 
PARAMETRIC_REPRESENTATION_CONTEXT() REPRESENTATION_CONTEXT('2D SPACE',''
  ) );
#6360 = ADVANCED_FACE('',(#6361),#3754,.T.);
#6361 = FACE_BOUND('',#6362,.T.);
#6362 = EDGE_LOOP('',(#6363,#6364,#6385,#6414,#6440,#6632,#6654));
#6363 = ORIENTED_EDGE('',*,*,#6282,.F.);
#6364 = ORIENTED_EDGE('',*,*,#6365,.F.);
#6365 = EDGE_CURVE('',#6366,#6257,#6368,.T.);
#6366 = VERTEX_POINT('',#6367);
#6367 = CARTESIAN_POINT('',(16.4,18.,89.454743986657));
#6368 = SURFACE_CURVE('',#6369,(#6373,#6379),.PCURVE_S1.);
#6369 = LINE('',#6370,#6371);
#6370 = CARTESIAN_POINT('',(16.4,14.,89.454743986657));
#6371 = VECTOR('',#6372,1.);
#6372 = DIRECTION('',(0.,1.,0.));
#6373 = PCURVE('',#3754,#6374);
#6374 = DEFINITIONAL_REPRESENTATION('',(#6375),#6378);
#6375 = B_SPLINE_CURVE_WITH_KNOTS('',1,(#6376,#6377),.UNSPECIFIED.,.F.,
  .F.,(2,2),(3.35,10.0000006),.PIECEWISE_BEZIER_KNOTS.);
#6376 = CARTESIAN_POINT('',(6.132617034403,3.35));
#6377 = CARTESIAN_POINT('',(6.132617034403,10.0000006));
#6378 = ( GEOMETRIC_REPRESENTATION_CONTEXT(2) 
PARAMETRIC_REPRESENTATION_CONTEXT() REPRESENTATION_CONTEXT('2D SPACE',''
  ) );
#6379 = PCURVE('',#6271,#6380);
#6380 = DEFINITIONAL_REPRESENTATION('',(#6381),#6384);
#6381 = B_SPLINE_CURVE_WITH_KNOTS('',1,(#6382,#6383),.UNSPECIFIED.,.F.,
  .F.,(2,2),(3.35,10.0000006),.PIECEWISE_BEZIER_KNOTS.);
#6382 = CARTESIAN_POINT('',(1.754743986657,0.65));
#6383 = CARTESIAN_POINT('',(1.754743986657,-6.0000006));
#6384 = ( GEOMETRIC_REPRESENTATION_CONTEXT(2) 
PARAMETRIC_REPRESENTATION_CONTEXT() REPRESENTATION_CONTEXT('2D SPACE',''
  ) );
#6385 = ORIENTED_EDGE('',*,*,#6386,.F.);
#6386 = EDGE_CURVE('',#6387,#6366,#6389,.T.);
#6387 = VERTEX_POINT('',#6388);
#6388 = CARTESIAN_POINT('',(15.5,18.,89.208099243548));
#6389 = SURFACE_CURVE('',#6390,(#6395,#6402),.PCURVE_S1.);
#6390 = CIRCLE('',#6391,4.);
#6391 = AXIS2_PLACEMENT_3D('',#6392,#6393,#6394);
#6392 = CARTESIAN_POINT('',(17.,18.,85.5));
#6393 = DIRECTION('',(0.,1.,0.));
#6394 = DIRECTION('',(0.,-0.,1.));
#6395 = PCURVE('',#3754,#6396);
#6396 = DEFINITIONAL_REPRESENTATION('',(#6397),#6401);
#6397 = LINE('',#6398,#6399);
#6398 = CARTESIAN_POINT('',(0.,4.));
#6399 = VECTOR('',#6400,1.);
#6400 = DIRECTION('',(1.,0.));
#6401 = ( GEOMETRIC_REPRESENTATION_CONTEXT(2) 
PARAMETRIC_REPRESENTATION_CONTEXT() REPRESENTATION_CONTEXT('2D SPACE',''
  ) );
#6402 = PCURVE('',#6403,#6408);
#6403 = PLANE('',#6404);
#6404 = AXIS2_PLACEMENT_3D('',#6405,#6406,#6407);
#6405 = CARTESIAN_POINT('',(12.,18.,87.7));
#6406 = DIRECTION('',(0.,1.,0.));
#6407 = DIRECTION('',(0.,0.,1.));
#6408 = DEFINITIONAL_REPRESENTATION('',(#6409),#6413);
#6409 = CIRCLE('',#6410,4.);
#6410 = AXIS2_PLACEMENT_2D('',#6411,#6412);
#6411 = CARTESIAN_POINT('',(-2.2,5.));
#6412 = DIRECTION('',(1.,0.));
#6413 = ( GEOMETRIC_REPRESENTATION_CONTEXT(2) 
PARAMETRIC_REPRESENTATION_CONTEXT() REPRESENTATION_CONTEXT('2D SPACE',''
  ) );
#6414 = ORIENTED_EDGE('',*,*,#6415,.F.);
#6415 = EDGE_CURVE('',#6416,#6387,#6418,.T.);
#6416 = VERTEX_POINT('',#6417);
#6417 = CARTESIAN_POINT('',(15.5,14.927475793249,89.208099243548));
#6418 = SURFACE_CURVE('',#6419,(#6423,#6429),.PCURVE_S1.);
#6419 = LINE('',#6420,#6421);
#6420 = CARTESIAN_POINT('',(15.5,14.,89.208099243548));
#6421 = VECTOR('',#6422,1.);
#6422 = DIRECTION('',(0.,1.,0.));
#6423 = PCURVE('',#3754,#6424);
#6424 = DEFINITIONAL_REPRESENTATION('',(#6425),#6428);
#6425 = B_SPLINE_CURVE_WITH_KNOTS('',1,(#6426,#6427),.UNSPECIFIED.,.F.,
  .F.,(2,2),(0.927475793249,4.),.PIECEWISE_BEZIER_KNOTS.);
#6426 = CARTESIAN_POINT('',(5.898788532684,0.927475793249));
#6427 = CARTESIAN_POINT('',(5.898788532684,4.));
#6428 = ( GEOMETRIC_REPRESENTATION_CONTEXT(2) 
PARAMETRIC_REPRESENTATION_CONTEXT() REPRESENTATION_CONTEXT('2D SPACE',''
  ) );
#6429 = PCURVE('',#6430,#6435);
#6430 = PLANE('',#6431);
#6431 = AXIS2_PLACEMENT_3D('',#6432,#6433,#6434);
#6432 = CARTESIAN_POINT('',(15.5,2.5,84.));
#6433 = DIRECTION('',(1.,0.,0.));
#6434 = DIRECTION('',(0.,0.,1.));
#6435 = DEFINITIONAL_REPRESENTATION('',(#6436),#6439);
#6436 = B_SPLINE_CURVE_WITH_KNOTS('',1,(#6437,#6438),.UNSPECIFIED.,.F.,
  .F.,(2,2),(-5.999999999062E-07,10.0000006),.PIECEWISE_BEZIER_KNOTS.);
#6437 = CARTESIAN_POINT('',(5.208099243548,-11.4999994));
#6438 = CARTESIAN_POINT('',(5.208099243548,-21.5000006));
#6439 = ( GEOMETRIC_REPRESENTATION_CONTEXT(2) 
PARAMETRIC_REPRESENTATION_CONTEXT() REPRESENTATION_CONTEXT('2D SPACE',''
  ) );
#6440 = ORIENTED_EDGE('',*,*,#6441,.T.);
#6441 = EDGE_CURVE('',#6416,#6442,#6444,.T.);
#6442 = VERTEX_POINT('',#6443);
#6443 = CARTESIAN_POINT('',(18.890484634707,14.,89.025062814467));
#6444 = SURFACE_CURVE('',#6445,(#6481,#6554),.PCURVE_S1.);
#6445 = B_SPLINE_CURVE_WITH_KNOTS('',4,(#6446,#6447,#6448,#6449,#6450,
    #6451,#6452,#6453,#6454,#6455,#6456,#6457,#6458,#6459,#6460,#6461,
    #6462,#6463,#6464,#6465,#6466,#6467,#6468,#6469,#6470,#6471,#6472,
    #6473,#6474,#6475,#6476,#6477,#6478,#6479,#6480),.UNSPECIFIED.,.F.,
  .F.,(5,3,3,3,3,3,3,3,3,3,3,5),(0.367488628839,0.417838583613,
    0.499247510206,0.555577544223,0.710761625666,1.,1.28623679178,
    1.399340568091,1.497872523819,1.579389566074,1.707341959042,
    2.00001325228),.UNSPECIFIED.);
#6446 = CARTESIAN_POINT('',(15.500000094752,14.927475735999,
    89.208099201498));
#6447 = CARTESIAN_POINT('',(15.520475071497,14.955279277251,
    89.216381672445));
#6448 = CARTESIAN_POINT('',(15.541597339847,14.982586955107,
    89.224750627707));
#6449 = CARTESIAN_POINT('',(15.563361402423,15.00937055752,
    89.233181325968));
#6450 = CARTESIAN_POINT('',(15.621970385887,15.078014645844,
    89.255333947372));
#6451 = CARTESIAN_POINT('',(15.659836058935,15.11898448933,
    89.26911226143));
#6452 = CARTESIAN_POINT('',(15.699314642949,15.158393651948,
    89.28286736739));
#6453 = CARTESIAN_POINT('',(15.76871863907,15.222252490648,
    89.305895496676));
#6454 = CARTESIAN_POINT('',(15.797840458918,15.247570717888,
    89.315244004288));
#6455 = CARTESIAN_POINT('',(15.827676850617,15.272056529904,
    89.32448330806));
#6456 = CARTESIAN_POINT('',(15.942278841431,15.360758842617,
    89.358616693603));
#6457 = CARTESIAN_POINT('',(16.031557016628,15.419291269718,
    89.382533436404));
#6458 = CARTESIAN_POINT('',(16.125379368919,15.470639711107,
    89.40447242953));
#6459 = CARTESIAN_POINT('',(16.404420061828,15.596194307871,
    89.459742257694));
#6460 = CARTESIAN_POINT('',(16.598593805596,15.651771932388,
    89.486567435098));
#6461 = CARTESIAN_POINT('',(16.799339815841,15.67944947177,89.5));
#6462 = CARTESIAN_POINT('',(17.198577825241,15.67944947177,89.5));
#6463 = CARTESIAN_POINT('',(17.397237725734,15.652342081481,
    89.486845285984));
#6464 = CARTESIAN_POINT('',(17.589531653571,15.597917546525,
    89.460572859705));
#6465 = CARTESIAN_POINT('',(17.840803744091,15.486221460376,
    89.411305216924));
#6466 = CARTESIAN_POINT('',(17.910067771627,15.45059228331,
    89.395937378919));
#6467 = CARTESIAN_POINT('',(17.977072151427,15.411091632069,
    89.37940547087));
#6468 = CARTESIAN_POINT('',(18.097680704303,15.330330507958,
    89.346879183772));
#6469 = CARTESIAN_POINT('',(18.151900188892,15.289952064738,
    89.33108888118));
#6470 = CARTESIAN_POINT('',(18.203997586464,15.246936405288,
    89.314858471576));
#6471 = CARTESIAN_POINT('',(18.295081760326,15.16385457502,
    89.284791821854));
#6472 = CARTESIAN_POINT('',(18.334779267179,15.124561352706,
    89.271025618324));
#6473 = CARTESIAN_POINT('',(18.372863493812,15.083695454597,
    89.257227834765));
#6474 = CARTESIAN_POINT('',(18.466473669952,14.974947063362,
    89.221987105911));
#6475 = CARTESIAN_POINT('',(18.519576271753,14.904933584579,
    89.200665154348));
#6476 = CARTESIAN_POINT('',(18.568445640377,14.831794548679,
    89.179994244243));
#6477 = CARTESIAN_POINT('',(18.715181156858,14.582622103723,
    89.115328797032));
#6478 = CARTESIAN_POINT('',(18.794880541288,14.395749157795,
    89.075661606917));
#6479 = CARTESIAN_POINT('',(18.853026378514,14.199880968288,
    89.045151607655));
#6480 = CARTESIAN_POINT('',(18.890484634707,14.,89.025062814467));
#6481 = PCURVE('',#3754,#6482);
#6482 = DEFINITIONAL_REPRESENTATION('',(#6483),#6553);
#6483 = B_SPLINE_CURVE_WITH_KNOTS('',3,(#6484,#6485,#6486,#6487,#6488,
    #6489,#6490,#6491,#6492,#6493,#6494,#6495,#6496,#6497,#6498,#6499,
    #6500,#6501,#6502,#6503,#6504,#6505,#6506,#6507,#6508,#6509,#6510,
    #6511,#6512,#6513,#6514,#6515,#6516,#6517,#6518,#6519,#6520,#6521,
    #6522,#6523,#6524,#6525,#6526,#6527,#6528,#6529,#6530,#6531,#6532,
    #6533,#6534,#6535,#6536,#6537,#6538,#6539,#6540,#6541,#6542,#6543,
    #6544,#6545,#6546,#6547,#6548,#6549,#6550,#6551,#6552),
  .UNSPECIFIED.,.F.,.F.,(4,1,1,1,1,1,1,1,1,1,1,1,1,1,1,1,1,1,1,1,1,1,1,1
    ,1,1,1,1,1,1,1,1,1,1,1,1,1,1,1,1,1,1,1,1,1,1,1,1,1,1,1,1,1,1,1,1,1,1
    ,1,1,1,1,1,1,1,1,4),(0.367488628839,0.392223850407,0.416959071974,
    0.441694293541,0.466429515108,0.491164736676,0.515899958243,
    0.54063517981,0.565370401378,0.590105622945,0.614840844512,
    0.639576066079,0.664311287647,0.689046509214,0.713781730781,
    0.738516952349,0.763252173916,0.787987395483,0.81272261705,
    0.837457838618,0.862193060185,0.886928281752,0.91166350332,
    0.936398724887,0.961133946454,0.985869168021,1.010604389589,
    1.035339611156,1.060074832723,1.084810054291,1.109545275858,
    1.134280497425,1.159015718992,1.18375094056,1.208486162127,
    1.233221383694,1.257956605262,1.282691826829,1.307427048396,
    1.332162269963,1.356897491531,1.381632713098,1.406367934665,
    1.431103156233,1.4558383778,1.480573599367,1.505308820934,
    1.530044042502,1.554779264069,1.579514485636,1.604249707204,
    1.628984928771,1.653720150338,1.678455371905,1.703190593473,
    1.72792581504,1.752661036607,1.777396258175,1.802131479742,
    1.826866701309,1.851601922876,1.876337144444,1.901072366011,
    1.925807587578,1.950542809146,1.975278030713,2.00001325228),
  .QUASI_UNIFORM_KNOTS.);
#6484 = CARTESIAN_POINT('',(5.898788550701,0.927475735999));
#6485 = CARTESIAN_POINT('',(5.902405268525,0.945687721178));
#6486 = CARTESIAN_POINT('',(5.909791740609,0.981632755964));
#6487 = CARTESIAN_POINT('',(5.921319663687,1.034034174107));
#6488 = CARTESIAN_POINT('',(5.933285445811,1.084839494927));
#6489 = CARTESIAN_POINT('',(5.945676846504,1.13397098104));
#6490 = CARTESIAN_POINT('',(5.958480573533,1.181352879486));
#6491 = CARTESIAN_POINT('',(5.971682074568,1.226912041257));
#6492 = CARTESIAN_POINT('',(5.985265683182,1.270578626997));
#6493 = CARTESIAN_POINT('',(5.99921464816,1.31228649637));
#6494 = CARTESIAN_POINT('',(6.013511508233,1.351973909071));
#6495 = CARTESIAN_POINT('',(6.028137450635,1.389583253606));
#6496 = CARTESIAN_POINT('',(6.043073340924,1.425061826195));
#6497 = CARTESIAN_POINT('',(6.058299553693,1.458361856206));
#6498 = CARTESIAN_POINT('',(6.073796020007,1.489440119261));
#6499 = CARTESIAN_POINT('',(6.089542049284,1.518259459372));
#6500 = CARTESIAN_POINT('',(6.10551687392,1.544782873585));
#6501 = CARTESIAN_POINT('',(6.121699666984,1.568983957233));
#6502 = CARTESIAN_POINT('',(6.138069792827,1.590840766301));
#6503 = CARTESIAN_POINT('',(6.154606971017,1.610333395636));
#6504 = CARTESIAN_POINT('',(6.17129116584,1.627444627774));
#6505 = CARTESIAN_POINT('',(6.18810254814,1.642159759424));
#6506 = CARTESIAN_POINT('',(6.205021438918,1.6544666467));
#6507 = CARTESIAN_POINT('',(6.22202825148,1.664355697724));
#6508 = CARTESIAN_POINT('',(6.239103456614,1.671819856961));
#6509 = CARTESIAN_POINT('',(6.256227457238,1.6768546753));
#6510 = CARTESIAN_POINT('',(6.273380803306,1.679458045372));
#6511 = CARTESIAN_POINT('',(6.290543138314,1.679631190211));
#6512 = CARTESIAN_POINT('',(6.307698939122,1.677374388708));
#6513 = CARTESIAN_POINT('',(6.324828268797,1.672686046744));
#6514 = CARTESIAN_POINT('',(6.34191156329,1.665567982386));
#6515 = CARTESIAN_POINT('',(6.358929260389,1.656024307787));
#6516 = CARTESIAN_POINT('',(6.375861831697,1.644061728579));
#6517 = CARTESIAN_POINT('',(6.392689706111,1.629689464387));
#6518 = CARTESIAN_POINT('',(6.409393222113,1.612919267391));
#6519 = CARTESIAN_POINT('',(6.425952572088,1.593765427562));
#6520 = CARTESIAN_POINT('',(6.442347749573,1.572244733147));
#6521 = CARTESIAN_POINT('',(6.45855849365,1.548376623506));
#6522 = CARTESIAN_POINT('',(6.474564243887,1.522182617273));
#6523 = CARTESIAN_POINT('',(6.490344059167,1.493688446876));
#6524 = CARTESIAN_POINT('',(6.505877115419,1.46293054241));
#6525 = CARTESIAN_POINT('',(6.521142921373,1.429945272113));
#6526 = CARTESIAN_POINT('',(6.536121361993,1.394775113634));
#6527 = CARTESIAN_POINT('',(6.55079256167,1.357467120266));
#6528 = CARTESIAN_POINT('',(6.565137273575,1.318073129487));
#6529 = CARTESIAN_POINT('',(6.579136860296,1.27665010264));
#6530 = CARTESIAN_POINT('',(6.59277356556,1.233259238573));
#6531 = CARTESIAN_POINT('',(6.606030483787,1.1879661962));
#6532 = CARTESIAN_POINT('',(6.618891783906,1.140840312444));
#6533 = CARTESIAN_POINT('',(6.631342775676,1.091954251071));
#6534 = CARTESIAN_POINT('',(6.643369957752,1.041383420822));
#6535 = CARTESIAN_POINT('',(6.654961020907,0.989205304447));
#6536 = CARTESIAN_POINT('',(6.66610505059,0.935499463573));
#6537 = CARTESIAN_POINT('',(6.676792370444,0.880345888593));
#6538 = CARTESIAN_POINT('',(6.687014306071,0.823825765709));
#6539 = CARTESIAN_POINT('',(6.696764066981,0.766016499677));
#6540 = CARTESIAN_POINT('',(6.70603360086,0.707010855793));
#6541 = CARTESIAN_POINT('',(6.714815135861,0.646909485419));
#6542 = CARTESIAN_POINT('',(6.723108260175,0.585769788383));
#6543 = CARTESIAN_POINT('',(6.730910866496,0.523660681295));
#6544 = CARTESIAN_POINT('',(6.7382214828,0.460648739671));
#6545 = CARTESIAN_POINT('',(6.745038684763,0.396801911232));
#6546 = CARTESIAN_POINT('',(6.751361287067,0.332188520571));
#6547 = CARTESIAN_POINT('',(6.757188324233,0.266877537185));
#6548 = CARTESIAN_POINT('',(6.762519081882,0.200938498693));
#6549 = CARTESIAN_POINT('',(6.767353124841,0.134441549925));
#6550 = CARTESIAN_POINT('',(6.771690276229,6.745736334179E-02));
#6551 = CARTESIAN_POINT('',(6.774250615493,2.252406663362E-02));
#6552 = CARTESIAN_POINT('',(6.775448032606,-1.50990331349E-13));
#6553 = ( GEOMETRIC_REPRESENTATION_CONTEXT(2) 
PARAMETRIC_REPRESENTATION_CONTEXT() REPRESENTATION_CONTEXT('2D SPACE',''
  ) );
#6554 = PCURVE('',#6555,#6560);
#6555 = CYLINDRICAL_SURFACE('',#6556,5.);
#6556 = AXIS2_PLACEMENT_3D('',#6557,#6558,#6559);
#6557 = CARTESIAN_POINT('',(11.5,13.5,94.));
#6558 = DIRECTION('',(1.,0.,0.));
#6559 = DIRECTION('',(-0.,0.,1.));
#6560 = DEFINITIONAL_REPRESENTATION('',(#6561),#6631);
#6561 = B_SPLINE_CURVE_WITH_KNOTS('',3,(#6562,#6563,#6564,#6565,#6566,
    #6567,#6568,#6569,#6570,#6571,#6572,#6573,#6574,#6575,#6576,#6577,
    #6578,#6579,#6580,#6581,#6582,#6583,#6584,#6585,#6586,#6587,#6588,
    #6589,#6590,#6591,#6592,#6593,#6594,#6595,#6596,#6597,#6598,#6599,
    #6600,#6601,#6602,#6603,#6604,#6605,#6606,#6607,#6608,#6609,#6610,
    #6611,#6612,#6613,#6614,#6615,#6616,#6617,#6618,#6619,#6620,#6621,
    #6622,#6623,#6624,#6625,#6626,#6627,#6628,#6629,#6630),
  .UNSPECIFIED.,.F.,.F.,(4,1,1,1,1,1,1,1,1,1,1,1,1,1,1,1,1,1,1,1,1,1,1,1
    ,1,1,1,1,1,1,1,1,1,1,1,1,1,1,1,1,1,1,1,1,1,1,1,1,1,1,1,1,1,1,1,1,1,1
    ,1,1,1,1,1,1,1,1,4),(0.367488628839,0.392223850407,0.416959071974,
    0.441694293541,0.466429515108,0.491164736676,0.515899958243,
    0.54063517981,0.565370401378,0.590105622945,0.614840844512,
    0.639576066079,0.664311287647,0.689046509214,0.713781730781,
    0.738516952349,0.763252173916,0.787987395483,0.81272261705,
    0.837457838618,0.862193060185,0.886928281752,0.91166350332,
    0.936398724887,0.961133946454,0.985869168021,1.010604389589,
    1.035339611156,1.060074832723,1.084810054291,1.109545275858,
    1.134280497425,1.159015718992,1.18375094056,1.208486162127,
    1.233221383694,1.257956605262,1.282691826829,1.307427048396,
    1.332162269963,1.356897491531,1.381632713098,1.406367934665,
    1.431103156233,1.4558383778,1.480573599367,1.505308820934,
    1.530044042502,1.554779264069,1.579514485636,1.604249707204,
    1.628984928771,1.653720150338,1.678455371905,1.703190593473,
    1.72792581504,1.752661036607,1.777396258175,1.802131479742,
    1.826866701309,1.851601922876,1.876337144444,1.901072366011,
    1.925807587578,1.950542809146,1.975278030713,2.00001325228),
  .QUASI_UNIFORM_KNOTS.);
#6562 = CARTESIAN_POINT('',(3.431115690704,4.000000094752));
#6563 = CARTESIAN_POINT('',(3.434916233551,4.013411164907));
#6564 = CARTESIAN_POINT('',(3.442430406568,4.040859968811));
#6565 = CARTESIAN_POINT('',(3.453422568829,4.083888719903));
#6566 = CARTESIAN_POINT('',(3.464117291844,4.128751128145));
#6567 = CARTESIAN_POINT('',(3.474496173251,4.175416354344));
#6568 = CARTESIAN_POINT('',(3.484540901958,4.223848170169));
#6569 = CARTESIAN_POINT('',(3.494233344155,4.274003844616));
#6570 = CARTESIAN_POINT('',(3.503555744492,4.325834451952));
#6571 = CARTESIAN_POINT('',(3.512490838227,4.379284785946));
#6572 = CARTESIAN_POINT('',(3.521022078388,4.434294576546));
#6573 = CARTESIAN_POINT('',(3.529133470487,4.490796293501));
#6574 = CARTESIAN_POINT('',(3.536810000181,4.548718415226));
#6575 = CARTESIAN_POINT('',(3.544037617667,4.607985003678));
#6576 = CARTESIAN_POINT('',(3.550803206658,4.66851592901));
#6577 = CARTESIAN_POINT('',(3.557094812112,4.730226396094));
#6578 = CARTESIAN_POINT('',(3.562900804965,4.793028677571));
#6579 = CARTESIAN_POINT('',(3.568211713323,4.856832635292));
#6580 = CARTESIAN_POINT('',(3.573019142818,4.921546772968));
#6581 = CARTESIAN_POINT('',(3.577315458547,4.987078881524));
#6582 = CARTESIAN_POINT('',(3.581093897351,5.05333586654));
#6583 = CARTESIAN_POINT('',(3.584348560735,5.120223793116));
#6584 = CARTESIAN_POINT('',(3.587074435856,5.187647878981));
#6585 = CARTESIAN_POINT('',(3.589267406769,5.255512477182));
#6586 = CARTESIAN_POINT('',(3.590924261809,5.323721152228));
#6587 = CARTESIAN_POINT('',(3.592042713255,5.392176392827));
#6588 = CARTESIAN_POINT('',(3.592621360445,5.460780684783));
#6589 = CARTESIAN_POINT('',(3.592659856789,5.529432506676));
#6590 = CARTESIAN_POINT('',(3.592158213704,5.598049503075));
#6591 = CARTESIAN_POINT('',(3.591116642931,5.666531793166));
#6592 = CARTESIAN_POINT('',(3.589536425108,5.734781339352));
#6593 = CARTESIAN_POINT('',(3.587419720944,5.802700671267));
#6594 = CARTESIAN_POINT('',(3.584769614236,5.870193227691));
#6595 = CARTESIAN_POINT('',(3.581590090853,5.937163264863));
#6596 = CARTESIAN_POINT('',(3.577886032013,6.003515881324));
#6597 = CARTESIAN_POINT('',(3.573663203201,6.069157010234));
#6598 = CARTESIAN_POINT('',(3.568928233441,6.133993425251));
#6599 = CARTESIAN_POINT('',(3.563688622905,6.197932724703));
#6600 = CARTESIAN_POINT('',(3.557952630193,6.260883389019));
#6601 = CARTESIAN_POINT('',(3.551729593763,6.322754566839));
#6602 = CARTESIAN_POINT('',(3.54503099694,6.383457963375));
#6603 = CARTESIAN_POINT('',(3.537868578041,6.442909120363));
#6604 = CARTESIAN_POINT('',(3.530255306494,6.501027379476));
#6605 = CARTESIAN_POINT('',(3.522205141272,6.557735598713));
#6606 = CARTESIAN_POINT('',(3.513732948769,6.612961539686));
#6607 = CARTESIAN_POINT('',(3.504854541439,6.666637827256));
#6608 = CARTESIAN_POINT('',(3.495586403333,6.718702744209));
#6609 = CARTESIAN_POINT('',(3.485945738814,6.769100195099));
#6610 = CARTESIAN_POINT('',(3.475950247749,6.817780360504));
#6611 = CARTESIAN_POINT('',(3.465618003084,6.864699706426));
#6612 = CARTESIAN_POINT('',(3.454967304221,6.909820957752));
#6613 = CARTESIAN_POINT('',(3.444016522712,6.953112892119));
#6614 = CARTESIAN_POINT('',(3.432784087912,6.994551036138));
#6615 = CARTESIAN_POINT('',(3.421288122075,7.034116550559));
#6616 = CARTESIAN_POINT('',(3.409546595385,7.071795067538));
#6617 = CARTESIAN_POINT('',(3.397576318879,7.107579932077));
#6618 = CARTESIAN_POINT('',(3.385396893329,7.141460398989));
#6619 = CARTESIAN_POINT('',(3.373029127748,7.173426889841));
#6620 = CARTESIAN_POINT('',(3.360484606358,7.203497041567));
#6621 = CARTESIAN_POINT('',(3.347776963481,7.231681737112));
#6622 = CARTESIAN_POINT('',(3.334919053147,7.257993699983));
#6623 = CARTESIAN_POINT('',(3.321923730659,7.282445191349));
#6624 = CARTESIAN_POINT('',(3.308803666639,7.305048627083));
#6625 = CARTESIAN_POINT('',(3.295571420437,7.325816412487));
#6626 = CARTESIAN_POINT('',(3.282239444545,7.344760986368));
#6627 = CARTESIAN_POINT('',(3.268820106299,7.361894809995));
#6628 = CARTESIAN_POINT('',(3.255325709867,7.377230367196));
#6629 = CARTESIAN_POINT('',(3.246287569974,7.386263572407));
#6630 = CARTESIAN_POINT('',(3.241760074751,7.390484634707));
#6631 = ( GEOMETRIC_REPRESENTATION_CONTEXT(2) 
PARAMETRIC_REPRESENTATION_CONTEXT() REPRESENTATION_CONTEXT('2D SPACE',''
  ) );
#6632 = ORIENTED_EDGE('',*,*,#6633,.T.);
#6633 = EDGE_CURVE('',#6442,#3714,#6634,.T.);
#6634 = SURFACE_CURVE('',#6635,(#6640,#6647),.PCURVE_S1.);
#6635 = CIRCLE('',#6636,4.);
#6636 = AXIS2_PLACEMENT_3D('',#6637,#6638,#6639);
#6637 = CARTESIAN_POINT('',(17.,14.,85.5));
#6638 = DIRECTION('',(0.,1.,-0.));
#6639 = DIRECTION('',(-0.472621158677,0.,0.881265703617));
#6640 = PCURVE('',#3754,#6641);
#6641 = DEFINITIONAL_REPRESENTATION('',(#6642),#6646);
#6642 = LINE('',#6643,#6644);
#6643 = CARTESIAN_POINT('',(5.790922581753,0.));
#6644 = VECTOR('',#6645,1.);
#6645 = DIRECTION('',(1.,0.));
#6646 = ( GEOMETRIC_REPRESENTATION_CONTEXT(2) 
PARAMETRIC_REPRESENTATION_CONTEXT() REPRESENTATION_CONTEXT('2D SPACE',''
  ) );
#6647 = PCURVE('',#3728,#6648);
#6648 = DEFINITIONAL_REPRESENTATION('',(#6649),#6653);
#6649 = CIRCLE('',#6650,4.);
#6650 = AXIS2_PLACEMENT_2D('',#6651,#6652);
#6651 = CARTESIAN_POINT('',(0.,0.));
#6652 = DIRECTION('',(0.881265703617,-0.472621158677));
#6653 = ( GEOMETRIC_REPRESENTATION_CONTEXT(2) 
PARAMETRIC_REPRESENTATION_CONTEXT() REPRESENTATION_CONTEXT('2D SPACE',''
  ) );
#6654 = ORIENTED_EDGE('',*,*,#3739,.T.);
#6655 = ADVANCED_FACE('',(#6656,#6700),#3728,.F.);
#6656 = FACE_BOUND('',#6657,.F.);
#6657 = EDGE_LOOP('',(#6658,#6679,#6680,#6681));
#6658 = ORIENTED_EDGE('',*,*,#6659,.T.);
#6659 = EDGE_CURVE('',#6660,#6442,#6662,.T.);
#6660 = VERTEX_POINT('',#6661);
#6661 = CARTESIAN_POINT('',(15.5,14.,89.025062814467));
#6662 = SURFACE_CURVE('',#6663,(#6667,#6673),.PCURVE_S1.);
#6663 = LINE('',#6664,#6665);
#6664 = CARTESIAN_POINT('',(11.5,14.,89.025062814467));
#6665 = VECTOR('',#6666,1.);
#6666 = DIRECTION('',(1.,0.,0.));
#6667 = PCURVE('',#3728,#6668);
#6668 = DEFINITIONAL_REPRESENTATION('',(#6669),#6672);
#6669 = B_SPLINE_CURVE_WITH_KNOTS('',1,(#6670,#6671),.UNSPECIFIED.,.F.,
  .F.,(2,2),(1.021090832097,10.270809924355),.PIECEWISE_BEZIER_KNOTS.);
#6670 = CARTESIAN_POINT('',(3.525062814467,-4.478909167903));
#6671 = CARTESIAN_POINT('',(3.525062814467,4.770809924355));
#6672 = ( GEOMETRIC_REPRESENTATION_CONTEXT(2) 
PARAMETRIC_REPRESENTATION_CONTEXT() REPRESENTATION_CONTEXT('2D SPACE',''
  ) );
#6673 = PCURVE('',#6555,#6674);
#6674 = DEFINITIONAL_REPRESENTATION('',(#6675),#6678);
#6675 = B_SPLINE_CURVE_WITH_KNOTS('',1,(#6676,#6677),.UNSPECIFIED.,.F.,
  .F.,(2,2),(1.021090832097,10.270809924355),.PIECEWISE_BEZIER_KNOTS.);
#6676 = CARTESIAN_POINT('',(3.241760074751,1.021090832097));
#6677 = CARTESIAN_POINT('',(3.241760074751,10.270809924355));
#6678 = ( GEOMETRIC_REPRESENTATION_CONTEXT(2) 
PARAMETRIC_REPRESENTATION_CONTEXT() REPRESENTATION_CONTEXT('2D SPACE',''
  ) );
#6679 = ORIENTED_EDGE('',*,*,#6633,.T.);
#6680 = ORIENTED_EDGE('',*,*,#3713,.F.);
#6681 = ORIENTED_EDGE('',*,*,#6682,.T.);
#6682 = EDGE_CURVE('',#3686,#6660,#6683,.T.);
#6683 = SURFACE_CURVE('',#6684,(#6688,#6694),.PCURVE_S1.);
#6684 = LINE('',#6685,#6686);
#6685 = CARTESIAN_POINT('',(15.5,14.,84.75));
#6686 = VECTOR('',#6687,1.);
#6687 = DIRECTION('',(0.,0.,1.));
#6688 = PCURVE('',#3728,#6689);
#6689 = DEFINITIONAL_REPRESENTATION('',(#6690),#6693);
#6690 = B_SPLINE_CURVE_WITH_KNOTS('',1,(#6691,#6692),.UNSPECIFIED.,.F.,
  .F.,(2,2),(-0.75,4.75),.PIECEWISE_BEZIER_KNOTS.);
#6691 = CARTESIAN_POINT('',(-1.5,-1.5));
#6692 = CARTESIAN_POINT('',(4.,-1.5));
#6693 = ( GEOMETRIC_REPRESENTATION_CONTEXT(2) 
PARAMETRIC_REPRESENTATION_CONTEXT() REPRESENTATION_CONTEXT('2D SPACE',''
  ) );
#6694 = PCURVE('',#3701,#6695);
#6695 = DEFINITIONAL_REPRESENTATION('',(#6696),#6699);
#6696 = B_SPLINE_CURVE_WITH_KNOTS('',1,(#6697,#6698),.UNSPECIFIED.,.F.,
  .F.,(2,2),(-0.75,4.75),.PIECEWISE_BEZIER_KNOTS.);
#6697 = CARTESIAN_POINT('',(0.,-11.5));
#6698 = CARTESIAN_POINT('',(5.5,-11.5));
#6699 = ( GEOMETRIC_REPRESENTATION_CONTEXT(2) 
PARAMETRIC_REPRESENTATION_CONTEXT() REPRESENTATION_CONTEXT('2D SPACE',''
  ) );
#6700 = FACE_BOUND('',#6701,.F.);
#6701 = EDGE_LOOP('',(#6702));
#6702 = ORIENTED_EDGE('',*,*,#6703,.F.);
#6703 = EDGE_CURVE('',#6704,#6704,#6706,.T.);
#6704 = VERTEX_POINT('',#6705);
#6705 = CARTESIAN_POINT('',(17.,14.,86.4));
#6706 = SURFACE_CURVE('',#6707,(#6712,#6719),.PCURVE_S1.);
#6707 = CIRCLE('',#6708,0.9);
#6708 = AXIS2_PLACEMENT_3D('',#6709,#6710,#6711);
#6709 = CARTESIAN_POINT('',(17.,14.,85.5));
#6710 = DIRECTION('',(0.,1.,0.));
#6711 = DIRECTION('',(0.,-0.,1.));
#6712 = PCURVE('',#3728,#6713);
#6713 = DEFINITIONAL_REPRESENTATION('',(#6714),#6718);
#6714 = CIRCLE('',#6715,0.9);
#6715 = AXIS2_PLACEMENT_2D('',#6716,#6717);
#6716 = CARTESIAN_POINT('',(0.,0.));
#6717 = DIRECTION('',(1.,0.));
#6718 = ( GEOMETRIC_REPRESENTATION_CONTEXT(2) 
PARAMETRIC_REPRESENTATION_CONTEXT() REPRESENTATION_CONTEXT('2D SPACE',''
  ) );
#6719 = PCURVE('',#6349,#6720);
#6720 = DEFINITIONAL_REPRESENTATION('',(#6721),#6725);
#6721 = LINE('',#6722,#6723);
#6722 = CARTESIAN_POINT('',(0.,0.5));
#6723 = VECTOR('',#6724,1.);
#6724 = DIRECTION('',(1.,0.));
#6725 = ( GEOMETRIC_REPRESENTATION_CONTEXT(2) 
PARAMETRIC_REPRESENTATION_CONTEXT() REPRESENTATION_CONTEXT('2D SPACE',''
  ) );
#6726 = ADVANCED_FACE('',(#6727),#3701,.T.);
#6727 = FACE_BOUND('',#6728,.T.);
#6728 = EDGE_LOOP('',(#6729,#6752,#6753,#6754,#6778,#6804));
#6729 = ORIENTED_EDGE('',*,*,#6730,.F.);
#6730 = EDGE_CURVE('',#3658,#6731,#6733,.T.);
#6731 = VERTEX_POINT('',#6732);
#6732 = CARTESIAN_POINT('',(15.5,6.,89.230303992915));
#6733 = SURFACE_CURVE('',#6734,(#6738,#6745),.PCURVE_S1.);
#6734 = LINE('',#6735,#6736);
#6735 = CARTESIAN_POINT('',(15.5,6.,84.));
#6736 = VECTOR('',#6737,1.);
#6737 = DIRECTION('',(0.,0.,1.));
#6738 = PCURVE('',#3701,#6739);
#6739 = DEFINITIONAL_REPRESENTATION('',(#6740),#6744);
#6740 = LINE('',#6741,#6742);
#6741 = CARTESIAN_POINT('',(0.,-3.5));
#6742 = VECTOR('',#6743,1.);
#6743 = DIRECTION('',(1.,0.));
#6744 = ( GEOMETRIC_REPRESENTATION_CONTEXT(2) 
PARAMETRIC_REPRESENTATION_CONTEXT() REPRESENTATION_CONTEXT('2D SPACE',''
  ) );
#6745 = PCURVE('',#3673,#6746);
#6746 = DEFINITIONAL_REPRESENTATION('',(#6747),#6751);
#6747 = LINE('',#6748,#6749);
#6748 = CARTESIAN_POINT('',(0.,32.5));
#6749 = VECTOR('',#6750,1.);
#6750 = DIRECTION('',(1.,0.));
#6751 = ( GEOMETRIC_REPRESENTATION_CONTEXT(2) 
PARAMETRIC_REPRESENTATION_CONTEXT() REPRESENTATION_CONTEXT('2D SPACE',''
  ) );
#6752 = ORIENTED_EDGE('',*,*,#3685,.T.);
#6753 = ORIENTED_EDGE('',*,*,#6682,.T.);
#6754 = ORIENTED_EDGE('',*,*,#6755,.F.);
#6755 = EDGE_CURVE('',#6756,#6660,#6758,.T.);
#6756 = VERTEX_POINT('',#6757);
#6757 = CARTESIAN_POINT('',(15.5,13.5,89.));
#6758 = SURFACE_CURVE('',#6759,(#6764,#6771),.PCURVE_S1.);
#6759 = CIRCLE('',#6760,5.);
#6760 = AXIS2_PLACEMENT_3D('',#6761,#6762,#6763);
#6761 = CARTESIAN_POINT('',(15.5,13.5,94.));
#6762 = DIRECTION('',(1.,0.,0.));
#6763 = DIRECTION('',(-0.,0.,1.));
#6764 = PCURVE('',#3701,#6765);
#6765 = DEFINITIONAL_REPRESENTATION('',(#6766),#6770);
#6766 = CIRCLE('',#6767,5.);
#6767 = AXIS2_PLACEMENT_2D('',#6768,#6769);
#6768 = CARTESIAN_POINT('',(10.,-11.));
#6769 = DIRECTION('',(1.,0.));
#6770 = ( GEOMETRIC_REPRESENTATION_CONTEXT(2) 
PARAMETRIC_REPRESENTATION_CONTEXT() REPRESENTATION_CONTEXT('2D SPACE',''
  ) );
#6771 = PCURVE('',#6555,#6772);
#6772 = DEFINITIONAL_REPRESENTATION('',(#6773),#6777);
#6773 = LINE('',#6774,#6775);
#6774 = CARTESIAN_POINT('',(0.,4.));
#6775 = VECTOR('',#6776,1.);
#6776 = DIRECTION('',(1.,0.));
#6777 = ( GEOMETRIC_REPRESENTATION_CONTEXT(2) 
PARAMETRIC_REPRESENTATION_CONTEXT() REPRESENTATION_CONTEXT('2D SPACE',''
  ) );
#6778 = ORIENTED_EDGE('',*,*,#6779,.T.);
#6779 = EDGE_CURVE('',#6756,#6780,#6782,.T.);
#6780 = VERTEX_POINT('',#6781);
#6781 = CARTESIAN_POINT('',(15.5,7.5,89.));
#6782 = SURFACE_CURVE('',#6783,(#6787,#6793),.PCURVE_S1.);
#6783 = LINE('',#6784,#6785);
#6784 = CARTESIAN_POINT('',(15.5,5.,89.));
#6785 = VECTOR('',#6786,1.);
#6786 = DIRECTION('',(0.,-1.,0.));
#6787 = PCURVE('',#3701,#6788);
#6788 = DEFINITIONAL_REPRESENTATION('',(#6789),#6792);
#6789 = B_SPLINE_CURVE_WITH_KNOTS('',1,(#6790,#6791),.UNSPECIFIED.,.F.,
  .F.,(2,2),(-8.5,-2.5),.PIECEWISE_BEZIER_KNOTS.);
#6790 = CARTESIAN_POINT('',(5.,-11.));
#6791 = CARTESIAN_POINT('',(5.,-5.));
#6792 = ( GEOMETRIC_REPRESENTATION_CONTEXT(2) 
PARAMETRIC_REPRESENTATION_CONTEXT() REPRESENTATION_CONTEXT('2D SPACE',''
  ) );
#6793 = PCURVE('',#6794,#6799);
#6794 = PLANE('',#6795);
#6795 = AXIS2_PLACEMENT_3D('',#6796,#6797,#6798);
#6796 = CARTESIAN_POINT('',(11.5,7.5,89.));
#6797 = DIRECTION('',(0.,0.,1.));
#6798 = DIRECTION('',(1.,0.,0.));
#6799 = DEFINITIONAL_REPRESENTATION('',(#6800),#6803);
#6800 = B_SPLINE_CURVE_WITH_KNOTS('',1,(#6801,#6802),.UNSPECIFIED.,.F.,
  .F.,(2,2),(-8.5,-2.5),.PIECEWISE_BEZIER_KNOTS.);
#6801 = CARTESIAN_POINT('',(4.,6.));
#6802 = CARTESIAN_POINT('',(4.,0.));
#6803 = ( GEOMETRIC_REPRESENTATION_CONTEXT(2) 
PARAMETRIC_REPRESENTATION_CONTEXT() REPRESENTATION_CONTEXT('2D SPACE',''
  ) );
#6804 = ORIENTED_EDGE('',*,*,#6805,.F.);
#6805 = EDGE_CURVE('',#6731,#6780,#6806,.T.);
#6806 = SURFACE_CURVE('',#6807,(#6812,#6819),.PCURVE_S1.);
#6807 = CIRCLE('',#6808,5.);
#6808 = AXIS2_PLACEMENT_3D('',#6809,#6810,#6811);
#6809 = CARTESIAN_POINT('',(15.5,7.5,94.));
#6810 = DIRECTION('',(1.,0.,0.));
#6811 = DIRECTION('',(-0.,0.,1.));
#6812 = PCURVE('',#3701,#6813);
#6813 = DEFINITIONAL_REPRESENTATION('',(#6814),#6818);
#6814 = CIRCLE('',#6815,5.);
#6815 = AXIS2_PLACEMENT_2D('',#6816,#6817);
#6816 = CARTESIAN_POINT('',(10.,-5.));
#6817 = DIRECTION('',(1.,0.));
#6818 = ( GEOMETRIC_REPRESENTATION_CONTEXT(2) 
PARAMETRIC_REPRESENTATION_CONTEXT() REPRESENTATION_CONTEXT('2D SPACE',''
  ) );
#6819 = PCURVE('',#6820,#6825);
#6820 = CYLINDRICAL_SURFACE('',#6821,5.);
#6821 = AXIS2_PLACEMENT_3D('',#6822,#6823,#6824);
#6822 = CARTESIAN_POINT('',(11.5,7.5,94.));
#6823 = DIRECTION('',(1.,0.,0.));
#6824 = DIRECTION('',(-0.,0.,1.));
#6825 = DEFINITIONAL_REPRESENTATION('',(#6826),#6830);
#6826 = LINE('',#6827,#6828);
#6827 = CARTESIAN_POINT('',(0.,4.));
#6828 = VECTOR('',#6829,1.);
#6829 = DIRECTION('',(1.,0.));
#6830 = ( GEOMETRIC_REPRESENTATION_CONTEXT(2) 
PARAMETRIC_REPRESENTATION_CONTEXT() REPRESENTATION_CONTEXT('2D SPACE',''
  ) );
#6831 = ADVANCED_FACE('',(#6832),#3673,.T.);
#6832 = FACE_BOUND('',#6833,.T.);
#6833 = EDGE_LOOP('',(#6834,#6835,#6836,#6857,#6880,#6904));
#6834 = ORIENTED_EDGE('',*,*,#3657,.F.);
#6835 = ORIENTED_EDGE('',*,*,#6730,.T.);
#6836 = ORIENTED_EDGE('',*,*,#6837,.T.);
#6837 = EDGE_CURVE('',#6731,#6838,#6840,.T.);
#6838 = VERTEX_POINT('',#6839);
#6839 = CARTESIAN_POINT('',(17.,6.,89.230303992915));
#6840 = SURFACE_CURVE('',#6841,(#6845,#6851),.PCURVE_S1.);
#6841 = LINE('',#6842,#6843);
#6842 = CARTESIAN_POINT('',(11.5,6.,89.230303992915));
#6843 = VECTOR('',#6844,1.);
#6844 = DIRECTION('',(1.,0.,0.));
#6845 = PCURVE('',#3673,#6846);
#6846 = DEFINITIONAL_REPRESENTATION('',(#6847),#6850);
#6847 = B_SPLINE_CURVE_WITH_KNOTS('',1,(#6848,#6849),.UNSPECIFIED.,.F.,
  .F.,(2,2),(3.85,5.65),.PIECEWISE_BEZIER_KNOTS.);
#6848 = CARTESIAN_POINT('',(5.230303992915,32.35));
#6849 = CARTESIAN_POINT('',(5.230303992915,34.15));
#6850 = ( GEOMETRIC_REPRESENTATION_CONTEXT(2) 
PARAMETRIC_REPRESENTATION_CONTEXT() REPRESENTATION_CONTEXT('2D SPACE',''
  ) );
#6851 = PCURVE('',#6820,#6852);
#6852 = DEFINITIONAL_REPRESENTATION('',(#6853),#6856);
#6853 = B_SPLINE_CURVE_WITH_KNOTS('',1,(#6854,#6855),.UNSPECIFIED.,.F.,
  .F.,(2,2),(3.85,5.65),.PIECEWISE_BEZIER_KNOTS.);
#6854 = CARTESIAN_POINT('',(2.836899999574,3.85));
#6855 = CARTESIAN_POINT('',(2.836899999574,5.65));
#6856 = ( GEOMETRIC_REPRESENTATION_CONTEXT(2) 
PARAMETRIC_REPRESENTATION_CONTEXT() REPRESENTATION_CONTEXT('2D SPACE',''
  ) );
#6857 = ORIENTED_EDGE('',*,*,#6858,.F.);
#6858 = EDGE_CURVE('',#6859,#6838,#6861,.T.);
#6859 = VERTEX_POINT('',#6860);
#6860 = CARTESIAN_POINT('',(17.,6.,86.4));
#6861 = SURFACE_CURVE('',#6862,(#6866,#6873),.PCURVE_S1.);
#6862 = LINE('',#6863,#6864);
#6863 = CARTESIAN_POINT('',(17.,6.,84.));
#6864 = VECTOR('',#6865,1.);
#6865 = DIRECTION('',(0.,0.,1.));
#6866 = PCURVE('',#3673,#6867);
#6867 = DEFINITIONAL_REPRESENTATION('',(#6868),#6872);
#6868 = LINE('',#6869,#6870);
#6869 = CARTESIAN_POINT('',(0.,34.));
#6870 = VECTOR('',#6871,1.);
#6871 = DIRECTION('',(1.,0.));
#6872 = ( GEOMETRIC_REPRESENTATION_CONTEXT(2) 
PARAMETRIC_REPRESENTATION_CONTEXT() REPRESENTATION_CONTEXT('2D SPACE',''
  ) );
#6873 = PCURVE('',#4782,#6874);
#6874 = DEFINITIONAL_REPRESENTATION('',(#6875),#6879);
#6875 = LINE('',#6876,#6877);
#6876 = CARTESIAN_POINT('',(0.,-3.5));
#6877 = VECTOR('',#6878,1.);
#6878 = DIRECTION('',(1.,0.));
#6879 = ( GEOMETRIC_REPRESENTATION_CONTEXT(2) 
PARAMETRIC_REPRESENTATION_CONTEXT() REPRESENTATION_CONTEXT('2D SPACE',''
  ) );
#6880 = ORIENTED_EDGE('',*,*,#6881,.F.);
#6881 = EDGE_CURVE('',#6882,#6859,#6884,.T.);
#6882 = VERTEX_POINT('',#6883);
#6883 = CARTESIAN_POINT('',(17.,6.,84.599999999999));
#6884 = SURFACE_CURVE('',#6885,(#6890,#6897),.PCURVE_S1.);
#6885 = CIRCLE('',#6886,0.9);
#6886 = AXIS2_PLACEMENT_3D('',#6887,#6888,#6889);
#6887 = CARTESIAN_POINT('',(17.,6.,85.5));
#6888 = DIRECTION('',(0.,1.,0.));
#6889 = DIRECTION('',(0.,-0.,1.));
#6890 = PCURVE('',#3673,#6891);
#6891 = DEFINITIONAL_REPRESENTATION('',(#6892),#6896);
#6892 = CIRCLE('',#6893,0.9);
#6893 = AXIS2_PLACEMENT_2D('',#6894,#6895);
#6894 = CARTESIAN_POINT('',(1.5,34.));
#6895 = DIRECTION('',(1.,0.));
#6896 = ( GEOMETRIC_REPRESENTATION_CONTEXT(2) 
PARAMETRIC_REPRESENTATION_CONTEXT() REPRESENTATION_CONTEXT('2D SPACE',''
  ) );
#6897 = PCURVE('',#4811,#6898);
#6898 = DEFINITIONAL_REPRESENTATION('',(#6899),#6903);
#6899 = LINE('',#6900,#6901);
#6900 = CARTESIAN_POINT('',(0.,4.5));
#6901 = VECTOR('',#6902,1.);
#6902 = DIRECTION('',(1.,0.));
#6903 = ( GEOMETRIC_REPRESENTATION_CONTEXT(2) 
PARAMETRIC_REPRESENTATION_CONTEXT() REPRESENTATION_CONTEXT('2D SPACE',''
  ) );
#6904 = ORIENTED_EDGE('',*,*,#6905,.F.);
#6905 = EDGE_CURVE('',#3630,#6882,#6906,.T.);
#6906 = SURFACE_CURVE('',#6907,(#6911,#6918),.PCURVE_S1.);
#6907 = LINE('',#6908,#6909);
#6908 = CARTESIAN_POINT('',(17.,6.,84.));
#6909 = VECTOR('',#6910,1.);
#6910 = DIRECTION('',(0.,0.,1.));
#6911 = PCURVE('',#3673,#6912);
#6912 = DEFINITIONAL_REPRESENTATION('',(#6913),#6917);
#6913 = LINE('',#6914,#6915);
#6914 = CARTESIAN_POINT('',(0.,34.));
#6915 = VECTOR('',#6916,1.);
#6916 = DIRECTION('',(1.,0.));
#6917 = ( GEOMETRIC_REPRESENTATION_CONTEXT(2) 
PARAMETRIC_REPRESENTATION_CONTEXT() REPRESENTATION_CONTEXT('2D SPACE',''
  ) );
#6918 = PCURVE('',#3645,#6919);
#6919 = DEFINITIONAL_REPRESENTATION('',(#6920),#6924);
#6920 = LINE('',#6921,#6922);
#6921 = CARTESIAN_POINT('',(0.,-3.5));
#6922 = VECTOR('',#6923,1.);
#6923 = DIRECTION('',(1.,0.));
#6924 = ( GEOMETRIC_REPRESENTATION_CONTEXT(2) 
PARAMETRIC_REPRESENTATION_CONTEXT() REPRESENTATION_CONTEXT('2D SPACE',''
  ) );
#6925 = ADVANCED_FACE('',(#6926),#3645,.T.);
#6926 = FACE_BOUND('',#6927,.T.);
#6927 = EDGE_LOOP('',(#6928,#6947,#6948,#6949));
#6928 = ORIENTED_EDGE('',*,*,#6929,.F.);
#6929 = EDGE_CURVE('',#4795,#6882,#6930,.T.);
#6930 = SURFACE_CURVE('',#6931,(#6935,#6941),.PCURVE_S1.);
#6931 = LINE('',#6932,#6933);
#6932 = CARTESIAN_POINT('',(17.,1.5,84.6));
#6933 = VECTOR('',#6934,1.);
#6934 = DIRECTION('',(0.,1.,0.));
#6935 = PCURVE('',#3645,#6936);
#6936 = DEFINITIONAL_REPRESENTATION('',(#6937),#6940);
#6937 = B_SPLINE_CURVE_WITH_KNOTS('',1,(#6938,#6939),.UNSPECIFIED.,.F.,
  .F.,(2,2),(0.65,4.85),.PIECEWISE_BEZIER_KNOTS.);
#6938 = CARTESIAN_POINT('',(0.6,0.35));
#6939 = CARTESIAN_POINT('',(0.6,-3.85));
#6940 = ( GEOMETRIC_REPRESENTATION_CONTEXT(2) 
PARAMETRIC_REPRESENTATION_CONTEXT() REPRESENTATION_CONTEXT('2D SPACE',''
  ) );
#6941 = PCURVE('',#4811,#6942);
#6942 = DEFINITIONAL_REPRESENTATION('',(#6943),#6946);
#6943 = B_SPLINE_CURVE_WITH_KNOTS('',1,(#6944,#6945),.UNSPECIFIED.,.F.,
  .F.,(2,2),(0.65,4.85),.PIECEWISE_BEZIER_KNOTS.);
#6944 = CARTESIAN_POINT('',(3.14159265359,0.65));
#6945 = CARTESIAN_POINT('',(3.14159265359,4.85));
#6946 = ( GEOMETRIC_REPRESENTATION_CONTEXT(2) 
PARAMETRIC_REPRESENTATION_CONTEXT() REPRESENTATION_CONTEXT('2D SPACE',''
  ) );
#6947 = ORIENTED_EDGE('',*,*,#4823,.F.);
#6948 = ORIENTED_EDGE('',*,*,#3629,.T.);
#6949 = ORIENTED_EDGE('',*,*,#6905,.T.);
#6950 = ADVANCED_FACE('',(#6951),#3963,.F.);
#6951 = FACE_BOUND('',#6952,.F.);
#6952 = EDGE_LOOP('',(#6953,#6975,#6976,#6977));
#6953 = ORIENTED_EDGE('',*,*,#6954,.F.);
#6954 = EDGE_CURVE('',#4850,#5468,#6955,.T.);
#6955 = SURFACE_CURVE('',#6956,(#6961,#6968),.PCURVE_S1.);
#6956 = CIRCLE('',#6957,5.);
#6957 = AXIS2_PLACEMENT_3D('',#6958,#6959,#6960);
#6958 = CARTESIAN_POINT('',(-17.,7.5,94.));
#6959 = DIRECTION('',(1.,0.,0.));
#6960 = DIRECTION('',(-0.,0.,1.));
#6961 = PCURVE('',#3963,#6962);
#6962 = DEFINITIONAL_REPRESENTATION('',(#6963),#6967);
#6963 = CIRCLE('',#6964,5.);
#6964 = AXIS2_PLACEMENT_2D('',#6965,#6966);
#6965 = CARTESIAN_POINT('',(10.,-5.));
#6966 = DIRECTION('',(1.,0.));
#6967 = ( GEOMETRIC_REPRESENTATION_CONTEXT(2) 
PARAMETRIC_REPRESENTATION_CONTEXT() REPRESENTATION_CONTEXT('2D SPACE',''
  ) );
#6968 = PCURVE('',#5505,#6969);
#6969 = DEFINITIONAL_REPRESENTATION('',(#6970),#6974);
#6970 = LINE('',#6971,#6972);
#6971 = CARTESIAN_POINT('',(0.,0.5));
#6972 = VECTOR('',#6973,1.);
#6973 = DIRECTION('',(1.,0.));
#6974 = ( GEOMETRIC_REPRESENTATION_CONTEXT(2) 
PARAMETRIC_REPRESENTATION_CONTEXT() REPRESENTATION_CONTEXT('2D SPACE',''
  ) );
#6975 = ORIENTED_EDGE('',*,*,#4849,.F.);
#6976 = ORIENTED_EDGE('',*,*,#3948,.T.);
#6977 = ORIENTED_EDGE('',*,*,#5467,.T.);
#6978 = ADVANCED_FACE('',(#6979),#4037,.T.);
#6979 = FACE_BOUND('',#6980,.T.);
#6980 = EDGE_LOOP('',(#6981,#6982));
#6981 = ORIENTED_EDGE('',*,*,#4411,.T.);
#6982 = ORIENTED_EDGE('',*,*,#4020,.T.);
#6983 = ADVANCED_FACE('',(#6984),#2069,.T.);
#6984 = FACE_BOUND('',#6985,.T.);
#6985 = EDGE_LOOP('',(#6986,#7009,#7030,#7031));
#6986 = ORIENTED_EDGE('',*,*,#6987,.F.);
#6987 = EDGE_CURVE('',#6988,#4321,#6990,.T.);
#6988 = VERTEX_POINT('',#6989);
#6989 = CARTESIAN_POINT('',(-30.,0.,68.));
#6990 = SURFACE_CURVE('',#6991,(#6995,#7002),.PCURVE_S1.);
#6991 = LINE('',#6992,#6993);
#6992 = CARTESIAN_POINT('',(-30.,0.,68.));
#6993 = VECTOR('',#6994,1.);
#6994 = DIRECTION('',(1.,0.,0.));
#6995 = PCURVE('',#2069,#6996);
#6996 = DEFINITIONAL_REPRESENTATION('',(#6997),#7001);
#6997 = LINE('',#6998,#6999);
#6998 = CARTESIAN_POINT('',(0.,5.));
#6999 = VECTOR('',#7000,1.);
#7000 = DIRECTION('',(1.,0.));
#7001 = ( GEOMETRIC_REPRESENTATION_CONTEXT(2) 
PARAMETRIC_REPRESENTATION_CONTEXT() REPRESENTATION_CONTEXT('2D SPACE',''
  ) );
#7002 = PCURVE('',#4267,#7003);
#7003 = DEFINITIONAL_REPRESENTATION('',(#7004),#7008);
#7004 = LINE('',#7005,#7006);
#7005 = CARTESIAN_POINT('',(6.,0.));
#7006 = VECTOR('',#7007,1.);
#7007 = DIRECTION('',(0.,1.));
#7008 = ( GEOMETRIC_REPRESENTATION_CONTEXT(2) 
PARAMETRIC_REPRESENTATION_CONTEXT() REPRESENTATION_CONTEXT('2D SPACE',''
  ) );
#7009 = ORIENTED_EDGE('',*,*,#7010,.F.);
#7010 = EDGE_CURVE('',#2026,#6988,#7011,.T.);
#7011 = SURFACE_CURVE('',#7012,(#7016,#7023),.PCURVE_S1.);
#7012 = LINE('',#7013,#7014);
#7013 = CARTESIAN_POINT('',(-30.,-5.,68.));
#7014 = VECTOR('',#7015,1.);
#7015 = DIRECTION('',(0.,1.,0.));
#7016 = PCURVE('',#2069,#7017);
#7017 = DEFINITIONAL_REPRESENTATION('',(#7018),#7022);
#7018 = LINE('',#7019,#7020);
#7019 = CARTESIAN_POINT('',(0.,0.));
#7020 = VECTOR('',#7021,1.);
#7021 = DIRECTION('',(0.,1.));
#7022 = ( GEOMETRIC_REPRESENTATION_CONTEXT(2) 
PARAMETRIC_REPRESENTATION_CONTEXT() REPRESENTATION_CONTEXT('2D SPACE',''
  ) );
#7023 = PCURVE('',#2041,#7024);
#7024 = DEFINITIONAL_REPRESENTATION('',(#7025),#7029);
#7025 = LINE('',#7026,#7027);
#7026 = CARTESIAN_POINT('',(6.,0.));
#7027 = VECTOR('',#7028,1.);
#7028 = DIRECTION('',(0.,-1.));
#7029 = ( GEOMETRIC_REPRESENTATION_CONTEXT(2) 
PARAMETRIC_REPRESENTATION_CONTEXT() REPRESENTATION_CONTEXT('2D SPACE',''
  ) );
#7030 = ORIENTED_EDGE('',*,*,#2053,.T.);
#7031 = ORIENTED_EDGE('',*,*,#4344,.T.);
#7032 = ADVANCED_FACE('',(#7033),#4267,.T.);
#7033 = FACE_BOUND('',#7034,.T.);
#7034 = EDGE_LOOP('',(#7035,#7058,#7079,#7080,#7081,#7102,#7123,#7142));
#7035 = ORIENTED_EDGE('',*,*,#7036,.F.);
#7036 = EDGE_CURVE('',#7037,#4230,#7039,.T.);
#7037 = VERTEX_POINT('',#7038);
#7038 = CARTESIAN_POINT('',(-30.,0.,62.));
#7039 = SURFACE_CURVE('',#7040,(#7044,#7051),.PCURVE_S1.);
#7040 = LINE('',#7041,#7042);
#7041 = CARTESIAN_POINT('',(-30.,0.,62.));
#7042 = VECTOR('',#7043,1.);
#7043 = DIRECTION('',(1.,0.,0.));
#7044 = PCURVE('',#4267,#7045);
#7045 = DEFINITIONAL_REPRESENTATION('',(#7046),#7050);
#7046 = LINE('',#7047,#7048);
#7047 = CARTESIAN_POINT('',(0.,0.));
#7048 = VECTOR('',#7049,1.);
#7049 = DIRECTION('',(0.,1.));
#7050 = ( GEOMETRIC_REPRESENTATION_CONTEXT(2) 
PARAMETRIC_REPRESENTATION_CONTEXT() REPRESENTATION_CONTEXT('2D SPACE',''
  ) );
#7051 = PCURVE('',#2013,#7052);
#7052 = DEFINITIONAL_REPRESENTATION('',(#7053),#7057);
#7053 = LINE('',#7054,#7055);
#7054 = CARTESIAN_POINT('',(0.,5.));
#7055 = VECTOR('',#7056,1.);
#7056 = DIRECTION('',(1.,0.));
#7057 = ( GEOMETRIC_REPRESENTATION_CONTEXT(2) 
PARAMETRIC_REPRESENTATION_CONTEXT() REPRESENTATION_CONTEXT('2D SPACE',''
  ) );
#7058 = ORIENTED_EDGE('',*,*,#7059,.T.);
#7059 = EDGE_CURVE('',#7037,#6988,#7060,.T.);
#7060 = SURFACE_CURVE('',#7061,(#7065,#7072),.PCURVE_S1.);
#7061 = LINE('',#7062,#7063);
#7062 = CARTESIAN_POINT('',(-30.,0.,62.));
#7063 = VECTOR('',#7064,1.);
#7064 = DIRECTION('',(0.,0.,1.));
#7065 = PCURVE('',#4267,#7066);
#7066 = DEFINITIONAL_REPRESENTATION('',(#7067),#7071);
#7067 = LINE('',#7068,#7069);
#7068 = CARTESIAN_POINT('',(0.,0.));
#7069 = VECTOR('',#7070,1.);
#7070 = DIRECTION('',(1.,0.));
#7071 = ( GEOMETRIC_REPRESENTATION_CONTEXT(2) 
PARAMETRIC_REPRESENTATION_CONTEXT() REPRESENTATION_CONTEXT('2D SPACE',''
  ) );
#7072 = PCURVE('',#2041,#7073);
#7073 = DEFINITIONAL_REPRESENTATION('',(#7074),#7078);
#7074 = LINE('',#7075,#7076);
#7075 = CARTESIAN_POINT('',(0.,-5.));
#7076 = VECTOR('',#7077,1.);
#7077 = DIRECTION('',(1.,0.));
#7078 = ( GEOMETRIC_REPRESENTATION_CONTEXT(2) 
PARAMETRIC_REPRESENTATION_CONTEXT() REPRESENTATION_CONTEXT('2D SPACE',''
  ) );
#7079 = ORIENTED_EDGE('',*,*,#6987,.T.);
#7080 = ORIENTED_EDGE('',*,*,#4320,.F.);
#7081 = ORIENTED_EDGE('',*,*,#7082,.F.);
#7082 = EDGE_CURVE('',#7083,#4300,#7085,.T.);
#7083 = VERTEX_POINT('',#7084);
#7084 = CARTESIAN_POINT('',(-28.,0.,66.));
#7085 = SURFACE_CURVE('',#7086,(#7090,#7096),.PCURVE_S1.);
#7086 = LINE('',#7087,#7088);
#7087 = CARTESIAN_POINT('',(-29.,0.,66.));
#7088 = VECTOR('',#7089,1.);
#7089 = DIRECTION('',(1.,0.,0.));
#7090 = PCURVE('',#4267,#7091);
#7091 = DEFINITIONAL_REPRESENTATION('',(#7092),#7095);
#7092 = B_SPLINE_CURVE_WITH_KNOTS('',1,(#7093,#7094),.UNSPECIFIED.,.F.,
  .F.,(2,2),(1.,5.),.PIECEWISE_BEZIER_KNOTS.);
#7093 = CARTESIAN_POINT('',(4.,2.));
#7094 = CARTESIAN_POINT('',(4.,6.));
#7095 = ( GEOMETRIC_REPRESENTATION_CONTEXT(2) 
PARAMETRIC_REPRESENTATION_CONTEXT() REPRESENTATION_CONTEXT('2D SPACE',''
  ) );
#7096 = PCURVE('',#2563,#7097);
#7097 = DEFINITIONAL_REPRESENTATION('',(#7098),#7101);
#7098 = B_SPLINE_CURVE_WITH_KNOTS('',1,(#7099,#7100),.UNSPECIFIED.,.F.,
  .F.,(2,2),(1.,5.),.PIECEWISE_BEZIER_KNOTS.);
#7099 = CARTESIAN_POINT('',(0.,5.5));
#7100 = CARTESIAN_POINT('',(4.,5.5));
#7101 = ( GEOMETRIC_REPRESENTATION_CONTEXT(2) 
PARAMETRIC_REPRESENTATION_CONTEXT() REPRESENTATION_CONTEXT('2D SPACE',''
  ) );
#7102 = ORIENTED_EDGE('',*,*,#7103,.T.);
#7103 = EDGE_CURVE('',#7083,#7104,#7106,.T.);
#7104 = VERTEX_POINT('',#7105);
#7105 = CARTESIAN_POINT('',(-28.,0.,64.));
#7106 = SURFACE_CURVE('',#7107,(#7111,#7117),.PCURVE_S1.);
#7107 = LINE('',#7108,#7109);
#7108 = CARTESIAN_POINT('',(-28.,0.,63.));
#7109 = VECTOR('',#7110,1.);
#7110 = DIRECTION('',(0.,0.,-1.));
#7111 = PCURVE('',#4267,#7112);
#7112 = DEFINITIONAL_REPRESENTATION('',(#7113),#7116);
#7113 = B_SPLINE_CURVE_WITH_KNOTS('',1,(#7114,#7115),.UNSPECIFIED.,.F.,
  .F.,(2,2),(-3.,-1.),.PIECEWISE_BEZIER_KNOTS.);
#7114 = CARTESIAN_POINT('',(4.,2.));
#7115 = CARTESIAN_POINT('',(2.,2.));
#7116 = ( GEOMETRIC_REPRESENTATION_CONTEXT(2) 
PARAMETRIC_REPRESENTATION_CONTEXT() REPRESENTATION_CONTEXT('2D SPACE',''
  ) );
#7117 = PCURVE('',#2588,#7118);
#7118 = DEFINITIONAL_REPRESENTATION('',(#7119),#7122);
#7119 = B_SPLINE_CURVE_WITH_KNOTS('',1,(#7120,#7121),.UNSPECIFIED.,.F.,
  .F.,(2,2),(-3.,-1.),.PIECEWISE_BEZIER_KNOTS.);
#7120 = CARTESIAN_POINT('',(2.,-5.5));
#7121 = CARTESIAN_POINT('',(0.,-5.5));
#7122 = ( GEOMETRIC_REPRESENTATION_CONTEXT(2) 
PARAMETRIC_REPRESENTATION_CONTEXT() REPRESENTATION_CONTEXT('2D SPACE',''
  ) );
#7123 = ORIENTED_EDGE('',*,*,#7124,.T.);
#7124 = EDGE_CURVE('',#7104,#4251,#7125,.T.);
#7125 = SURFACE_CURVE('',#7126,(#7130,#7136),.PCURVE_S1.);
#7126 = LINE('',#7127,#7128);
#7127 = CARTESIAN_POINT('',(-29.,0.,64.));
#7128 = VECTOR('',#7129,1.);
#7129 = DIRECTION('',(1.,0.,0.));
#7130 = PCURVE('',#4267,#7131);
#7131 = DEFINITIONAL_REPRESENTATION('',(#7132),#7135);
#7132 = B_SPLINE_CURVE_WITH_KNOTS('',1,(#7133,#7134),.UNSPECIFIED.,.F.,
  .F.,(2,2),(1.,5.),.PIECEWISE_BEZIER_KNOTS.);
#7133 = CARTESIAN_POINT('',(2.,2.));
#7134 = CARTESIAN_POINT('',(2.,6.));
#7135 = ( GEOMETRIC_REPRESENTATION_CONTEXT(2) 
PARAMETRIC_REPRESENTATION_CONTEXT() REPRESENTATION_CONTEXT('2D SPACE',''
  ) );
#7136 = PCURVE('',#2512,#7137);
#7137 = DEFINITIONAL_REPRESENTATION('',(#7138),#7141);
#7138 = B_SPLINE_CURVE_WITH_KNOTS('',1,(#7139,#7140),.UNSPECIFIED.,.F.,
  .F.,(2,2),(1.,5.),.PIECEWISE_BEZIER_KNOTS.);
#7139 = CARTESIAN_POINT('',(0.,5.5));
#7140 = CARTESIAN_POINT('',(4.,5.5));
#7141 = ( GEOMETRIC_REPRESENTATION_CONTEXT(2) 
PARAMETRIC_REPRESENTATION_CONTEXT() REPRESENTATION_CONTEXT('2D SPACE',''
  ) );
#7142 = ORIENTED_EDGE('',*,*,#4250,.F.);
#7143 = ADVANCED_FACE('',(#7144),#2563,.F.);
#7144 = FACE_BOUND('',#7145,.F.);
#7145 = EDGE_LOOP('',(#7146,#7167,#7168,#7169));
#7146 = ORIENTED_EDGE('',*,*,#7147,.F.);
#7147 = EDGE_CURVE('',#2548,#7083,#7148,.T.);
#7148 = SURFACE_CURVE('',#7149,(#7153,#7160),.PCURVE_S1.);
#7149 = LINE('',#7150,#7151);
#7150 = CARTESIAN_POINT('',(-28.,-5.5,66.));
#7151 = VECTOR('',#7152,1.);
#7152 = DIRECTION('',(0.,1.,0.));
#7153 = PCURVE('',#2563,#7154);
#7154 = DEFINITIONAL_REPRESENTATION('',(#7155),#7159);
#7155 = LINE('',#7156,#7157);
#7156 = CARTESIAN_POINT('',(0.,0.));
#7157 = VECTOR('',#7158,1.);
#7158 = DIRECTION('',(0.,1.));
#7159 = ( GEOMETRIC_REPRESENTATION_CONTEXT(2) 
PARAMETRIC_REPRESENTATION_CONTEXT() REPRESENTATION_CONTEXT('2D SPACE',''
  ) );
#7160 = PCURVE('',#2588,#7161);
#7161 = DEFINITIONAL_REPRESENTATION('',(#7162),#7166);
#7162 = LINE('',#7163,#7164);
#7163 = CARTESIAN_POINT('',(2.,0.));
#7164 = VECTOR('',#7165,1.);
#7165 = DIRECTION('',(0.,-1.));
#7166 = ( GEOMETRIC_REPRESENTATION_CONTEXT(2) 
PARAMETRIC_REPRESENTATION_CONTEXT() REPRESENTATION_CONTEXT('2D SPACE',''
  ) );
#7167 = ORIENTED_EDGE('',*,*,#2547,.T.);
#7168 = ORIENTED_EDGE('',*,*,#4299,.T.);
#7169 = ORIENTED_EDGE('',*,*,#7082,.F.);
#7170 = ADVANCED_FACE('',(#7171),#2512,.T.);
#7171 = FACE_BOUND('',#7172,.T.);
#7172 = EDGE_LOOP('',(#7173,#7194,#7195,#7196));
#7173 = ORIENTED_EDGE('',*,*,#7174,.F.);
#7174 = EDGE_CURVE('',#2495,#7104,#7175,.T.);
#7175 = SURFACE_CURVE('',#7176,(#7180,#7187),.PCURVE_S1.);
#7176 = LINE('',#7177,#7178);
#7177 = CARTESIAN_POINT('',(-28.,-5.5,64.));
#7178 = VECTOR('',#7179,1.);
#7179 = DIRECTION('',(0.,1.,0.));
#7180 = PCURVE('',#2512,#7181);
#7181 = DEFINITIONAL_REPRESENTATION('',(#7182),#7186);
#7182 = LINE('',#7183,#7184);
#7183 = CARTESIAN_POINT('',(0.,0.));
#7184 = VECTOR('',#7185,1.);
#7185 = DIRECTION('',(0.,1.));
#7186 = ( GEOMETRIC_REPRESENTATION_CONTEXT(2) 
PARAMETRIC_REPRESENTATION_CONTEXT() REPRESENTATION_CONTEXT('2D SPACE',''
  ) );
#7187 = PCURVE('',#2588,#7188);
#7188 = DEFINITIONAL_REPRESENTATION('',(#7189),#7193);
#7189 = LINE('',#7190,#7191);
#7190 = CARTESIAN_POINT('',(0.,0.));
#7191 = VECTOR('',#7192,1.);
#7192 = DIRECTION('',(0.,-1.));
#7193 = ( GEOMETRIC_REPRESENTATION_CONTEXT(2) 
PARAMETRIC_REPRESENTATION_CONTEXT() REPRESENTATION_CONTEXT('2D SPACE',''
  ) );
#7194 = ORIENTED_EDGE('',*,*,#2494,.T.);
#7195 = ORIENTED_EDGE('',*,*,#4279,.T.);
#7196 = ORIENTED_EDGE('',*,*,#7124,.F.);
#7197 = ADVANCED_FACE('',(#7198),#2013,.F.);
#7198 = FACE_BOUND('',#7199,.F.);
#7199 = EDGE_LOOP('',(#7200,#7201,#7222,#7223));
#7200 = ORIENTED_EDGE('',*,*,#7036,.F.);
#7201 = ORIENTED_EDGE('',*,*,#7202,.F.);
#7202 = EDGE_CURVE('',#1998,#7037,#7203,.T.);
#7203 = SURFACE_CURVE('',#7204,(#7208,#7215),.PCURVE_S1.);
#7204 = LINE('',#7205,#7206);
#7205 = CARTESIAN_POINT('',(-30.,-5.,62.));
#7206 = VECTOR('',#7207,1.);
#7207 = DIRECTION('',(0.,1.,0.));
#7208 = PCURVE('',#2013,#7209);
#7209 = DEFINITIONAL_REPRESENTATION('',(#7210),#7214);
#7210 = LINE('',#7211,#7212);
#7211 = CARTESIAN_POINT('',(0.,0.));
#7212 = VECTOR('',#7213,1.);
#7213 = DIRECTION('',(0.,1.));
#7214 = ( GEOMETRIC_REPRESENTATION_CONTEXT(2) 
PARAMETRIC_REPRESENTATION_CONTEXT() REPRESENTATION_CONTEXT('2D SPACE',''
  ) );
#7215 = PCURVE('',#2041,#7216);
#7216 = DEFINITIONAL_REPRESENTATION('',(#7217),#7221);
#7217 = LINE('',#7218,#7219);
#7218 = CARTESIAN_POINT('',(0.,0.));
#7219 = VECTOR('',#7220,1.);
#7220 = DIRECTION('',(0.,-1.));
#7221 = ( GEOMETRIC_REPRESENTATION_CONTEXT(2) 
PARAMETRIC_REPRESENTATION_CONTEXT() REPRESENTATION_CONTEXT('2D SPACE',''
  ) );
#7222 = ORIENTED_EDGE('',*,*,#1997,.T.);
#7223 = ORIENTED_EDGE('',*,*,#4229,.T.);
#7224 = ADVANCED_FACE('',(#7225),#4132,.T.);
#7225 = FACE_BOUND('',#7226,.T.);
#7226 = EDGE_LOOP('',(#7227,#7228,#7229,#7230,#7231,#7232,#7233,#7234));
#7227 = ORIENTED_EDGE('',*,*,#4597,.F.);
#7228 = ORIENTED_EDGE('',*,*,#4572,.T.);
#7229 = ORIENTED_EDGE('',*,*,#4499,.T.);
#7230 = ORIENTED_EDGE('',*,*,#4185,.F.);
#7231 = ORIENTED_EDGE('',*,*,#4696,.F.);
#7232 = ORIENTED_EDGE('',*,*,#4721,.T.);
#7233 = ORIENTED_EDGE('',*,*,#4649,.T.);
#7234 = ORIENTED_EDGE('',*,*,#4115,.F.);
#7235 = ADVANCED_FACE('',(#7236),#4811,.F.);
#7236 = FACE_BOUND('',#7237,.F.);
#7237 = EDGE_LOOP('',(#7238,#7259,#7260,#7261));
#7238 = ORIENTED_EDGE('',*,*,#7239,.T.);
#7239 = EDGE_CURVE('',#4767,#6859,#7240,.T.);
#7240 = SURFACE_CURVE('',#7241,(#7245,#7252),.PCURVE_S1.);
#7241 = LINE('',#7242,#7243);
#7242 = CARTESIAN_POINT('',(17.,1.5,86.4));
#7243 = VECTOR('',#7244,1.);
#7244 = DIRECTION('',(0.,1.,0.));
#7245 = PCURVE('',#4811,#7246);
#7246 = DEFINITIONAL_REPRESENTATION('',(#7247),#7251);
#7247 = LINE('',#7248,#7249);
#7248 = CARTESIAN_POINT('',(6.28318530718,-0.));
#7249 = VECTOR('',#7250,1.);
#7250 = DIRECTION('',(0.,1.));
#7251 = ( GEOMETRIC_REPRESENTATION_CONTEXT(2) 
PARAMETRIC_REPRESENTATION_CONTEXT() REPRESENTATION_CONTEXT('2D SPACE',''
  ) );
#7252 = PCURVE('',#4782,#7253);
#7253 = DEFINITIONAL_REPRESENTATION('',(#7254),#7258);
#7254 = LINE('',#7255,#7256);
#7255 = CARTESIAN_POINT('',(2.4,1.));
#7256 = VECTOR('',#7257,1.);
#7257 = DIRECTION('',(0.,-1.));
#7258 = ( GEOMETRIC_REPRESENTATION_CONTEXT(2) 
PARAMETRIC_REPRESENTATION_CONTEXT() REPRESENTATION_CONTEXT('2D SPACE',''
  ) );
#7259 = ORIENTED_EDGE('',*,*,#6881,.F.);
#7260 = ORIENTED_EDGE('',*,*,#6929,.F.);
#7261 = ORIENTED_EDGE('',*,*,#4794,.T.);
#7262 = ADVANCED_FACE('',(#7263),#4782,.T.);
#7263 = FACE_BOUND('',#7264,.T.);
#7264 = EDGE_LOOP('',(#7265,#7287,#7288,#7289));
#7265 = ORIENTED_EDGE('',*,*,#7266,.F.);
#7266 = EDGE_CURVE('',#4746,#6838,#7267,.T.);
#7267 = SURFACE_CURVE('',#7268,(#7273,#7280),.PCURVE_S1.);
#7268 = CIRCLE('',#7269,5.);
#7269 = AXIS2_PLACEMENT_3D('',#7270,#7271,#7272);
#7270 = CARTESIAN_POINT('',(17.,7.5,94.));
#7271 = DIRECTION('',(1.,0.,0.));
#7272 = DIRECTION('',(-0.,0.,1.));
#7273 = PCURVE('',#4782,#7274);
#7274 = DEFINITIONAL_REPRESENTATION('',(#7275),#7279);
#7275 = CIRCLE('',#7276,5.);
#7276 = AXIS2_PLACEMENT_2D('',#7277,#7278);
#7277 = CARTESIAN_POINT('',(10.,-5.));
#7278 = DIRECTION('',(1.,0.));
#7279 = ( GEOMETRIC_REPRESENTATION_CONTEXT(2) 
PARAMETRIC_REPRESENTATION_CONTEXT() REPRESENTATION_CONTEXT('2D SPACE',''
  ) );
#7280 = PCURVE('',#6820,#7281);
#7281 = DEFINITIONAL_REPRESENTATION('',(#7282),#7286);
#7282 = LINE('',#7283,#7284);
#7283 = CARTESIAN_POINT('',(0.,5.5));
#7284 = VECTOR('',#7285,1.);
#7285 = DIRECTION('',(1.,0.));
#7286 = ( GEOMETRIC_REPRESENTATION_CONTEXT(2) 
PARAMETRIC_REPRESENTATION_CONTEXT() REPRESENTATION_CONTEXT('2D SPACE',''
  ) );
#7287 = ORIENTED_EDGE('',*,*,#4766,.F.);
#7288 = ORIENTED_EDGE('',*,*,#7239,.T.);
#7289 = ORIENTED_EDGE('',*,*,#6858,.T.);
#7290 = ADVANCED_FACE('',(#7291),#4992,.T.);
#7291 = FACE_BOUND('',#7292,.T.);
#7292 = EDGE_LOOP('',(#7293,#7314,#7315,#7339));
#7293 = ORIENTED_EDGE('',*,*,#7294,.F.);
#7294 = EDGE_CURVE('',#4950,#7295,#7297,.T.);
#7295 = VERTEX_POINT('',#7296);
#7296 = CARTESIAN_POINT('',(17.,6.,101.6));
#7297 = SURFACE_CURVE('',#7298,(#7302,#7308),.PCURVE_S1.);
#7298 = LINE('',#7299,#7300);
#7299 = CARTESIAN_POINT('',(17.,1.5,101.6));
#7300 = VECTOR('',#7301,1.);
#7301 = DIRECTION('',(0.,1.,0.));
#7302 = PCURVE('',#4992,#7303);
#7303 = DEFINITIONAL_REPRESENTATION('',(#7304),#7307);
#7304 = B_SPLINE_CURVE_WITH_KNOTS('',1,(#7305,#7306),.UNSPECIFIED.,.F.,
  .F.,(2,2),(0.65,4.85),.PIECEWISE_BEZIER_KNOTS.);
#7305 = CARTESIAN_POINT('',(17.6,0.35));
#7306 = CARTESIAN_POINT('',(17.6,-3.85));
#7307 = ( GEOMETRIC_REPRESENTATION_CONTEXT(2) 
PARAMETRIC_REPRESENTATION_CONTEXT() REPRESENTATION_CONTEXT('2D SPACE',''
  ) );
#7308 = PCURVE('',#4966,#7309);
#7309 = DEFINITIONAL_REPRESENTATION('',(#7310),#7313);
#7310 = B_SPLINE_CURVE_WITH_KNOTS('',1,(#7311,#7312),.UNSPECIFIED.,.F.,
  .F.,(2,2),(0.65,4.85),.PIECEWISE_BEZIER_KNOTS.);
#7311 = CARTESIAN_POINT('',(3.14159265359,0.65));
#7312 = CARTESIAN_POINT('',(3.14159265359,4.85));
#7313 = ( GEOMETRIC_REPRESENTATION_CONTEXT(2) 
PARAMETRIC_REPRESENTATION_CONTEXT() REPRESENTATION_CONTEXT('2D SPACE',''
  ) );
#7314 = ORIENTED_EDGE('',*,*,#4978,.F.);
#7315 = ORIENTED_EDGE('',*,*,#7316,.F.);
#7316 = EDGE_CURVE('',#7317,#4746,#7319,.T.);
#7317 = VERTEX_POINT('',#7318);
#7318 = CARTESIAN_POINT('',(17.,6.,98.769696007085));
#7319 = SURFACE_CURVE('',#7320,(#7325,#7332),.PCURVE_S1.);
#7320 = CIRCLE('',#7321,5.);
#7321 = AXIS2_PLACEMENT_3D('',#7322,#7323,#7324);
#7322 = CARTESIAN_POINT('',(17.,7.5,94.));
#7323 = DIRECTION('',(1.,0.,0.));
#7324 = DIRECTION('',(-0.,0.,1.));
#7325 = PCURVE('',#4992,#7326);
#7326 = DEFINITIONAL_REPRESENTATION('',(#7327),#7331);
#7327 = CIRCLE('',#7328,5.);
#7328 = AXIS2_PLACEMENT_2D('',#7329,#7330);
#7329 = CARTESIAN_POINT('',(10.,-5.));
#7330 = DIRECTION('',(1.,0.));
#7331 = ( GEOMETRIC_REPRESENTATION_CONTEXT(2) 
PARAMETRIC_REPRESENTATION_CONTEXT() REPRESENTATION_CONTEXT('2D SPACE',''
  ) );
#7332 = PCURVE('',#6820,#7333);
#7333 = DEFINITIONAL_REPRESENTATION('',(#7334),#7338);
#7334 = LINE('',#7335,#7336);
#7335 = CARTESIAN_POINT('',(0.,5.5));
#7336 = VECTOR('',#7337,1.);
#7337 = DIRECTION('',(1.,0.));
#7338 = ( GEOMETRIC_REPRESENTATION_CONTEXT(2) 
PARAMETRIC_REPRESENTATION_CONTEXT() REPRESENTATION_CONTEXT('2D SPACE',''
  ) );
#7339 = ORIENTED_EDGE('',*,*,#7340,.T.);
#7340 = EDGE_CURVE('',#7317,#7295,#7341,.T.);
#7341 = SURFACE_CURVE('',#7342,(#7346,#7353),.PCURVE_S1.);
#7342 = LINE('',#7343,#7344);
#7343 = CARTESIAN_POINT('',(17.,6.,84.));
#7344 = VECTOR('',#7345,1.);
#7345 = DIRECTION('',(0.,0.,1.));
#7346 = PCURVE('',#4992,#7347);
#7347 = DEFINITIONAL_REPRESENTATION('',(#7348),#7352);
#7348 = LINE('',#7349,#7350);
#7349 = CARTESIAN_POINT('',(0.,-3.5));
#7350 = VECTOR('',#7351,1.);
#7351 = DIRECTION('',(1.,0.));
#7352 = ( GEOMETRIC_REPRESENTATION_CONTEXT(2) 
PARAMETRIC_REPRESENTATION_CONTEXT() REPRESENTATION_CONTEXT('2D SPACE',''
  ) );
#7353 = PCURVE('',#5231,#7354);
#7354 = DEFINITIONAL_REPRESENTATION('',(#7355),#7359);
#7355 = LINE('',#7356,#7357);
#7356 = CARTESIAN_POINT('',(0.,34.));
#7357 = VECTOR('',#7358,1.);
#7358 = DIRECTION('',(1.,0.));
#7359 = ( GEOMETRIC_REPRESENTATION_CONTEXT(2) 
PARAMETRIC_REPRESENTATION_CONTEXT() REPRESENTATION_CONTEXT('2D SPACE',''
  ) );
#7360 = ADVANCED_FACE('',(#7361),#4966,.F.);
#7361 = FACE_BOUND('',#7362,.F.);
#7362 = EDGE_LOOP('',(#7363,#7386,#7408,#7409));
#7363 = ORIENTED_EDGE('',*,*,#7364,.T.);
#7364 = EDGE_CURVE('',#4922,#7365,#7367,.T.);
#7365 = VERTEX_POINT('',#7366);
#7366 = CARTESIAN_POINT('',(17.,6.,103.4));
#7367 = SURFACE_CURVE('',#7368,(#7372,#7379),.PCURVE_S1.);
#7368 = LINE('',#7369,#7370);
#7369 = CARTESIAN_POINT('',(17.,1.5,103.4));
#7370 = VECTOR('',#7371,1.);
#7371 = DIRECTION('',(0.,1.,0.));
#7372 = PCURVE('',#4966,#7373);
#7373 = DEFINITIONAL_REPRESENTATION('',(#7374),#7378);
#7374 = LINE('',#7375,#7376);
#7375 = CARTESIAN_POINT('',(6.28318530718,-0.));
#7376 = VECTOR('',#7377,1.);
#7377 = DIRECTION('',(0.,1.));
#7378 = ( GEOMETRIC_REPRESENTATION_CONTEXT(2) 
PARAMETRIC_REPRESENTATION_CONTEXT() REPRESENTATION_CONTEXT('2D SPACE',''
  ) );
#7379 = PCURVE('',#4937,#7380);
#7380 = DEFINITIONAL_REPRESENTATION('',(#7381),#7385);
#7381 = LINE('',#7382,#7383);
#7382 = CARTESIAN_POINT('',(19.4,1.));
#7383 = VECTOR('',#7384,1.);
#7384 = DIRECTION('',(0.,-1.));
#7385 = ( GEOMETRIC_REPRESENTATION_CONTEXT(2) 
PARAMETRIC_REPRESENTATION_CONTEXT() REPRESENTATION_CONTEXT('2D SPACE',''
  ) );
#7386 = ORIENTED_EDGE('',*,*,#7387,.F.);
#7387 = EDGE_CURVE('',#7295,#7365,#7388,.T.);
#7388 = SURFACE_CURVE('',#7389,(#7394,#7401),.PCURVE_S1.);
#7389 = CIRCLE('',#7390,0.9);
#7390 = AXIS2_PLACEMENT_3D('',#7391,#7392,#7393);
#7391 = CARTESIAN_POINT('',(17.,6.,102.5));
#7392 = DIRECTION('',(0.,1.,0.));
#7393 = DIRECTION('',(0.,-0.,1.));
#7394 = PCURVE('',#4966,#7395);
#7395 = DEFINITIONAL_REPRESENTATION('',(#7396),#7400);
#7396 = LINE('',#7397,#7398);
#7397 = CARTESIAN_POINT('',(0.,4.5));
#7398 = VECTOR('',#7399,1.);
#7399 = DIRECTION('',(1.,0.));
#7400 = ( GEOMETRIC_REPRESENTATION_CONTEXT(2) 
PARAMETRIC_REPRESENTATION_CONTEXT() REPRESENTATION_CONTEXT('2D SPACE',''
  ) );
#7401 = PCURVE('',#5231,#7402);
#7402 = DEFINITIONAL_REPRESENTATION('',(#7403),#7407);
#7403 = CIRCLE('',#7404,0.9);
#7404 = AXIS2_PLACEMENT_2D('',#7405,#7406);
#7405 = CARTESIAN_POINT('',(18.5,34.));
#7406 = DIRECTION('',(1.,0.));
#7407 = ( GEOMETRIC_REPRESENTATION_CONTEXT(2) 
PARAMETRIC_REPRESENTATION_CONTEXT() REPRESENTATION_CONTEXT('2D SPACE',''
  ) );
#7408 = ORIENTED_EDGE('',*,*,#7294,.F.);
#7409 = ORIENTED_EDGE('',*,*,#4949,.T.);
#7410 = ADVANCED_FACE('',(#7411),#4937,.T.);
#7411 = FACE_BOUND('',#7412,.T.);
#7412 = EDGE_LOOP('',(#7413,#7414,#7415,#7436));
#7413 = ORIENTED_EDGE('',*,*,#4921,.F.);
#7414 = ORIENTED_EDGE('',*,*,#7364,.T.);
#7415 = ORIENTED_EDGE('',*,*,#7416,.T.);
#7416 = EDGE_CURVE('',#7365,#5193,#7417,.T.);
#7417 = SURFACE_CURVE('',#7418,(#7422,#7429),.PCURVE_S1.);
#7418 = LINE('',#7419,#7420);
#7419 = CARTESIAN_POINT('',(17.,6.,84.));
#7420 = VECTOR('',#7421,1.);
#7421 = DIRECTION('',(0.,0.,1.));
#7422 = PCURVE('',#4937,#7423);
#7423 = DEFINITIONAL_REPRESENTATION('',(#7424),#7428);
#7424 = LINE('',#7425,#7426);
#7425 = CARTESIAN_POINT('',(0.,-3.5));
#7426 = VECTOR('',#7427,1.);
#7427 = DIRECTION('',(1.,0.));
#7428 = ( GEOMETRIC_REPRESENTATION_CONTEXT(2) 
PARAMETRIC_REPRESENTATION_CONTEXT() REPRESENTATION_CONTEXT('2D SPACE',''
  ) );
#7429 = PCURVE('',#5231,#7430);
#7430 = DEFINITIONAL_REPRESENTATION('',(#7431),#7435);
#7431 = LINE('',#7432,#7433);
#7432 = CARTESIAN_POINT('',(0.,34.));
#7433 = VECTOR('',#7434,1.);
#7434 = DIRECTION('',(1.,0.));
#7435 = ( GEOMETRIC_REPRESENTATION_CONTEXT(2) 
PARAMETRIC_REPRESENTATION_CONTEXT() REPRESENTATION_CONTEXT('2D SPACE',''
  ) );
#7436 = ORIENTED_EDGE('',*,*,#5192,.F.);
#7437 = ADVANCED_FACE('',(#7438),#5081,.F.);
#7438 = FACE_BOUND('',#7439,.F.);
#7439 = EDGE_LOOP('',(#7440,#7441,#7464,#7485));
#7440 = ORIENTED_EDGE('',*,*,#5065,.F.);
#7441 = ORIENTED_EDGE('',*,*,#7442,.T.);
#7442 = EDGE_CURVE('',#5037,#7443,#7445,.T.);
#7443 = VERTEX_POINT('',#7444);
#7444 = CARTESIAN_POINT('',(-17.,6.,103.4));
#7445 = SURFACE_CURVE('',#7446,(#7450,#7457),.PCURVE_S1.);
#7446 = LINE('',#7447,#7448);
#7447 = CARTESIAN_POINT('',(-17.,1.5,103.4));
#7448 = VECTOR('',#7449,1.);
#7449 = DIRECTION('',(0.,1.,0.));
#7450 = PCURVE('',#5081,#7451);
#7451 = DEFINITIONAL_REPRESENTATION('',(#7452),#7456);
#7452 = LINE('',#7453,#7454);
#7453 = CARTESIAN_POINT('',(19.4,1.));
#7454 = VECTOR('',#7455,1.);
#7455 = DIRECTION('',(0.,-1.));
#7456 = ( GEOMETRIC_REPRESENTATION_CONTEXT(2) 
PARAMETRIC_REPRESENTATION_CONTEXT() REPRESENTATION_CONTEXT('2D SPACE',''
  ) );
#7457 = PCURVE('',#5053,#7458);
#7458 = DEFINITIONAL_REPRESENTATION('',(#7459),#7463);
#7459 = LINE('',#7460,#7461);
#7460 = CARTESIAN_POINT('',(0.,-0.));
#7461 = VECTOR('',#7462,1.);
#7462 = DIRECTION('',(0.,1.));
#7463 = ( GEOMETRIC_REPRESENTATION_CONTEXT(2) 
PARAMETRIC_REPRESENTATION_CONTEXT() REPRESENTATION_CONTEXT('2D SPACE',''
  ) );
#7464 = ORIENTED_EDGE('',*,*,#7465,.T.);
#7465 = EDGE_CURVE('',#7443,#5119,#7466,.T.);
#7466 = SURFACE_CURVE('',#7467,(#7471,#7478),.PCURVE_S1.);
#7467 = LINE('',#7468,#7469);
#7468 = CARTESIAN_POINT('',(-17.,6.,84.));
#7469 = VECTOR('',#7470,1.);
#7470 = DIRECTION('',(0.,0.,1.));
#7471 = PCURVE('',#5081,#7472);
#7472 = DEFINITIONAL_REPRESENTATION('',(#7473),#7477);
#7473 = LINE('',#7474,#7475);
#7474 = CARTESIAN_POINT('',(0.,-3.5));
#7475 = VECTOR('',#7476,1.);
#7476 = DIRECTION('',(1.,0.));
#7477 = ( GEOMETRIC_REPRESENTATION_CONTEXT(2) 
PARAMETRIC_REPRESENTATION_CONTEXT() REPRESENTATION_CONTEXT('2D SPACE',''
  ) );
#7478 = PCURVE('',#5136,#7479);
#7479 = DEFINITIONAL_REPRESENTATION('',(#7480),#7484);
#7480 = LINE('',#7481,#7482);
#7481 = CARTESIAN_POINT('',(0.,0.));
#7482 = VECTOR('',#7483,1.);
#7483 = DIRECTION('',(1.,0.));
#7484 = ( GEOMETRIC_REPRESENTATION_CONTEXT(2) 
PARAMETRIC_REPRESENTATION_CONTEXT() REPRESENTATION_CONTEXT('2D SPACE',''
  ) );
#7485 = ORIENTED_EDGE('',*,*,#5148,.F.);
#7486 = ADVANCED_FACE('',(#7487),#5053,.F.);
#7487 = FACE_BOUND('',#7488,.F.);
#7488 = EDGE_LOOP('',(#7489,#7513,#7514,#7515));
#7489 = ORIENTED_EDGE('',*,*,#7490,.F.);
#7490 = EDGE_CURVE('',#7443,#7491,#7493,.T.);
#7491 = VERTEX_POINT('',#7492);
#7492 = CARTESIAN_POINT('',(-17.,6.,101.6));
#7493 = SURFACE_CURVE('',#7494,(#7499,#7506),.PCURVE_S1.);
#7494 = CIRCLE('',#7495,0.9);
#7495 = AXIS2_PLACEMENT_3D('',#7496,#7497,#7498);
#7496 = CARTESIAN_POINT('',(-17.,6.,102.5));
#7497 = DIRECTION('',(0.,1.,0.));
#7498 = DIRECTION('',(0.,-0.,1.));
#7499 = PCURVE('',#5053,#7500);
#7500 = DEFINITIONAL_REPRESENTATION('',(#7501),#7505);
#7501 = LINE('',#7502,#7503);
#7502 = CARTESIAN_POINT('',(0.,4.5));
#7503 = VECTOR('',#7504,1.);
#7504 = DIRECTION('',(1.,0.));
#7505 = ( GEOMETRIC_REPRESENTATION_CONTEXT(2) 
PARAMETRIC_REPRESENTATION_CONTEXT() REPRESENTATION_CONTEXT('2D SPACE',''
  ) );
#7506 = PCURVE('',#5136,#7507);
#7507 = DEFINITIONAL_REPRESENTATION('',(#7508),#7512);
#7508 = CIRCLE('',#7509,0.9);
#7509 = AXIS2_PLACEMENT_2D('',#7510,#7511);
#7510 = CARTESIAN_POINT('',(18.5,0.));
#7511 = DIRECTION('',(1.,0.));
#7512 = ( GEOMETRIC_REPRESENTATION_CONTEXT(2) 
PARAMETRIC_REPRESENTATION_CONTEXT() REPRESENTATION_CONTEXT('2D SPACE',''
  ) );
#7513 = ORIENTED_EDGE('',*,*,#7442,.F.);
#7514 = ORIENTED_EDGE('',*,*,#5036,.T.);
#7515 = ORIENTED_EDGE('',*,*,#7516,.T.);
#7516 = EDGE_CURVE('',#5009,#7491,#7517,.T.);
#7517 = SURFACE_CURVE('',#7518,(#7522,#7528),.PCURVE_S1.);
#7518 = LINE('',#7519,#7520);
#7519 = CARTESIAN_POINT('',(-17.,1.5,101.6));
#7520 = VECTOR('',#7521,1.);
#7521 = DIRECTION('',(0.,1.,0.));
#7522 = PCURVE('',#5053,#7523);
#7523 = DEFINITIONAL_REPRESENTATION('',(#7524),#7527);
#7524 = B_SPLINE_CURVE_WITH_KNOTS('',1,(#7525,#7526),.UNSPECIFIED.,.F.,
  .F.,(2,2),(0.65,4.85),.PIECEWISE_BEZIER_KNOTS.);
#7525 = CARTESIAN_POINT('',(3.14159265359,0.65));
#7526 = CARTESIAN_POINT('',(3.14159265359,4.85));
#7527 = ( GEOMETRIC_REPRESENTATION_CONTEXT(2) 
PARAMETRIC_REPRESENTATION_CONTEXT() REPRESENTATION_CONTEXT('2D SPACE',''
  ) );
#7528 = PCURVE('',#5024,#7529);
#7529 = DEFINITIONAL_REPRESENTATION('',(#7530),#7533);
#7530 = B_SPLINE_CURVE_WITH_KNOTS('',1,(#7531,#7532),.UNSPECIFIED.,.F.,
  .F.,(2,2),(0.65,4.85),.PIECEWISE_BEZIER_KNOTS.);
#7531 = CARTESIAN_POINT('',(17.6,0.35));
#7532 = CARTESIAN_POINT('',(17.6,-3.85));
#7533 = ( GEOMETRIC_REPRESENTATION_CONTEXT(2) 
PARAMETRIC_REPRESENTATION_CONTEXT() REPRESENTATION_CONTEXT('2D SPACE',''
  ) );
#7534 = ADVANCED_FACE('',(#7535),#5024,.F.);
#7535 = FACE_BOUND('',#7536,.F.);
#7536 = EDGE_LOOP('',(#7537,#7538,#7539,#7563));
#7537 = ORIENTED_EDGE('',*,*,#7516,.F.);
#7538 = ORIENTED_EDGE('',*,*,#5008,.F.);
#7539 = ORIENTED_EDGE('',*,*,#7540,.F.);
#7540 = EDGE_CURVE('',#7541,#4850,#7543,.T.);
#7541 = VERTEX_POINT('',#7542);
#7542 = CARTESIAN_POINT('',(-17.,6.,98.769696007085));
#7543 = SURFACE_CURVE('',#7544,(#7549,#7556),.PCURVE_S1.);
#7544 = CIRCLE('',#7545,5.);
#7545 = AXIS2_PLACEMENT_3D('',#7546,#7547,#7548);
#7546 = CARTESIAN_POINT('',(-17.,7.5,94.));
#7547 = DIRECTION('',(1.,0.,0.));
#7548 = DIRECTION('',(-0.,0.,1.));
#7549 = PCURVE('',#5024,#7550);
#7550 = DEFINITIONAL_REPRESENTATION('',(#7551),#7555);
#7551 = CIRCLE('',#7552,5.);
#7552 = AXIS2_PLACEMENT_2D('',#7553,#7554);
#7553 = CARTESIAN_POINT('',(10.,-5.));
#7554 = DIRECTION('',(1.,0.));
#7555 = ( GEOMETRIC_REPRESENTATION_CONTEXT(2) 
PARAMETRIC_REPRESENTATION_CONTEXT() REPRESENTATION_CONTEXT('2D SPACE',''
  ) );
#7556 = PCURVE('',#5505,#7557);
#7557 = DEFINITIONAL_REPRESENTATION('',(#7558),#7562);
#7558 = LINE('',#7559,#7560);
#7559 = CARTESIAN_POINT('',(0.,0.5));
#7560 = VECTOR('',#7561,1.);
#7561 = DIRECTION('',(1.,0.));
#7562 = ( GEOMETRIC_REPRESENTATION_CONTEXT(2) 
PARAMETRIC_REPRESENTATION_CONTEXT() REPRESENTATION_CONTEXT('2D SPACE',''
  ) );
#7563 = ORIENTED_EDGE('',*,*,#7564,.T.);
#7564 = EDGE_CURVE('',#7541,#7491,#7565,.T.);
#7565 = SURFACE_CURVE('',#7566,(#7570,#7577),.PCURVE_S1.);
#7566 = LINE('',#7567,#7568);
#7567 = CARTESIAN_POINT('',(-17.,6.,84.));
#7568 = VECTOR('',#7569,1.);
#7569 = DIRECTION('',(0.,0.,1.));
#7570 = PCURVE('',#5024,#7571);
#7571 = DEFINITIONAL_REPRESENTATION('',(#7572),#7576);
#7572 = LINE('',#7573,#7574);
#7573 = CARTESIAN_POINT('',(0.,-3.5));
#7574 = VECTOR('',#7575,1.);
#7575 = DIRECTION('',(1.,0.));
#7576 = ( GEOMETRIC_REPRESENTATION_CONTEXT(2) 
PARAMETRIC_REPRESENTATION_CONTEXT() REPRESENTATION_CONTEXT('2D SPACE',''
  ) );
#7577 = PCURVE('',#5136,#7578);
#7578 = DEFINITIONAL_REPRESENTATION('',(#7579),#7583);
#7579 = LINE('',#7580,#7581);
#7580 = CARTESIAN_POINT('',(0.,0.));
#7581 = VECTOR('',#7582,1.);
#7582 = DIRECTION('',(1.,0.));
#7583 = ( GEOMETRIC_REPRESENTATION_CONTEXT(2) 
PARAMETRIC_REPRESENTATION_CONTEXT() REPRESENTATION_CONTEXT('2D SPACE',''
  ) );
#7584 = ADVANCED_FACE('',(#7585),#5136,.T.);
#7585 = FACE_BOUND('',#7586,.T.);
#7586 = EDGE_LOOP('',(#7587,#7610,#7629,#7630,#7631,#7632));
#7587 = ORIENTED_EDGE('',*,*,#7588,.T.);
#7588 = EDGE_CURVE('',#5121,#7589,#7591,.T.);
#7589 = VERTEX_POINT('',#7590);
#7590 = CARTESIAN_POINT('',(-15.5,6.,98.769696007085));
#7591 = SURFACE_CURVE('',#7592,(#7596,#7603),.PCURVE_S1.);
#7592 = LINE('',#7593,#7594);
#7593 = CARTESIAN_POINT('',(-15.5,6.,104.));
#7594 = VECTOR('',#7595,1.);
#7595 = DIRECTION('',(0.,0.,-1.));
#7596 = PCURVE('',#5136,#7597);
#7597 = DEFINITIONAL_REPRESENTATION('',(#7598),#7602);
#7598 = LINE('',#7599,#7600);
#7599 = CARTESIAN_POINT('',(20.,1.5));
#7600 = VECTOR('',#7601,1.);
#7601 = DIRECTION('',(-1.,0.));
#7602 = ( GEOMETRIC_REPRESENTATION_CONTEXT(2) 
PARAMETRIC_REPRESENTATION_CONTEXT() REPRESENTATION_CONTEXT('2D SPACE',''
  ) );
#7603 = PCURVE('',#5417,#7604);
#7604 = DEFINITIONAL_REPRESENTATION('',(#7605),#7609);
#7605 = LINE('',#7606,#7607);
#7606 = CARTESIAN_POINT('',(20.,-3.5));
#7607 = VECTOR('',#7608,1.);
#7608 = DIRECTION('',(-1.,0.));
#7609 = ( GEOMETRIC_REPRESENTATION_CONTEXT(2) 
PARAMETRIC_REPRESENTATION_CONTEXT() REPRESENTATION_CONTEXT('2D SPACE',''
  ) );
#7610 = ORIENTED_EDGE('',*,*,#7611,.F.);
#7611 = EDGE_CURVE('',#7541,#7589,#7612,.T.);
#7612 = SURFACE_CURVE('',#7613,(#7617,#7623),.PCURVE_S1.);
#7613 = LINE('',#7614,#7615);
#7614 = CARTESIAN_POINT('',(-17.5,6.,98.769696007085));
#7615 = VECTOR('',#7616,1.);
#7616 = DIRECTION('',(1.,0.,0.));
#7617 = PCURVE('',#5136,#7618);
#7618 = DEFINITIONAL_REPRESENTATION('',(#7619),#7622);
#7619 = B_SPLINE_CURVE_WITH_KNOTS('',1,(#7620,#7621),.UNSPECIFIED.,.F.,
  .F.,(2,2),(0.35,2.15),.PIECEWISE_BEZIER_KNOTS.);
#7620 = CARTESIAN_POINT('',(14.769696007085,-0.15));
#7621 = CARTESIAN_POINT('',(14.769696007085,1.65));
#7622 = ( GEOMETRIC_REPRESENTATION_CONTEXT(2) 
PARAMETRIC_REPRESENTATION_CONTEXT() REPRESENTATION_CONTEXT('2D SPACE',''
  ) );
#7623 = PCURVE('',#5505,#7624);
#7624 = DEFINITIONAL_REPRESENTATION('',(#7625),#7628);
#7625 = B_SPLINE_CURVE_WITH_KNOTS('',1,(#7626,#7627),.UNSPECIFIED.,.F.,
  .F.,(2,2),(0.35,2.15),.PIECEWISE_BEZIER_KNOTS.);
#7626 = CARTESIAN_POINT('',(0.304692654015,0.35));
#7627 = CARTESIAN_POINT('',(0.304692654015,2.15));
#7628 = ( GEOMETRIC_REPRESENTATION_CONTEXT(2) 
PARAMETRIC_REPRESENTATION_CONTEXT() REPRESENTATION_CONTEXT('2D SPACE',''
  ) );
#7629 = ORIENTED_EDGE('',*,*,#7564,.T.);
#7630 = ORIENTED_EDGE('',*,*,#7490,.F.);
#7631 = ORIENTED_EDGE('',*,*,#7465,.T.);
#7632 = ORIENTED_EDGE('',*,*,#5118,.T.);
#7633 = ADVANCED_FACE('',(#7634),#5417,.F.);
#7634 = FACE_BOUND('',#7635,.F.);
#7635 = EDGE_LOOP('',(#7636,#7657,#7658,#7659,#7683,#7709));
#7636 = ORIENTED_EDGE('',*,*,#7637,.T.);
#7637 = EDGE_CURVE('',#7638,#5378,#7640,.T.);
#7638 = VERTEX_POINT('',#7639);
#7639 = CARTESIAN_POINT('',(-15.5,14.,98.974937185533));
#7640 = SURFACE_CURVE('',#7641,(#7645,#7651),.PCURVE_S1.);
#7641 = LINE('',#7642,#7643);
#7642 = CARTESIAN_POINT('',(-15.5,14.,93.25));
#7643 = VECTOR('',#7644,1.);
#7644 = DIRECTION('',(0.,0.,1.));
#7645 = PCURVE('',#5417,#7646);
#7646 = DEFINITIONAL_REPRESENTATION('',(#7647),#7650);
#7647 = B_SPLINE_CURVE_WITH_KNOTS('',1,(#7648,#7649),.UNSPECIFIED.,.F.,
  .F.,(2,2),(5.25,10.75),.PIECEWISE_BEZIER_KNOTS.);
#7648 = CARTESIAN_POINT('',(14.5,-11.5));
#7649 = CARTESIAN_POINT('',(20.,-11.5));
#7650 = ( GEOMETRIC_REPRESENTATION_CONTEXT(2) 
PARAMETRIC_REPRESENTATION_CONTEXT() REPRESENTATION_CONTEXT('2D SPACE',''
  ) );
#7651 = PCURVE('',#5392,#7652);
#7652 = DEFINITIONAL_REPRESENTATION('',(#7653),#7656);
#7653 = B_SPLINE_CURVE_WITH_KNOTS('',1,(#7654,#7655),.UNSPECIFIED.,.F.,
  .F.,(2,2),(5.25,10.75),.PIECEWISE_BEZIER_KNOTS.);
#7654 = CARTESIAN_POINT('',(-4.,1.5));
#7655 = CARTESIAN_POINT('',(1.5,1.5));
#7656 = ( GEOMETRIC_REPRESENTATION_CONTEXT(2) 
PARAMETRIC_REPRESENTATION_CONTEXT() REPRESENTATION_CONTEXT('2D SPACE',''
  ) );
#7657 = ORIENTED_EDGE('',*,*,#5403,.F.);
#7658 = ORIENTED_EDGE('',*,*,#7588,.T.);
#7659 = ORIENTED_EDGE('',*,*,#7660,.F.);
#7660 = EDGE_CURVE('',#7661,#7589,#7663,.T.);
#7661 = VERTEX_POINT('',#7662);
#7662 = CARTESIAN_POINT('',(-15.5,7.5,99.));
#7663 = SURFACE_CURVE('',#7664,(#7669,#7676),.PCURVE_S1.);
#7664 = CIRCLE('',#7665,5.);
#7665 = AXIS2_PLACEMENT_3D('',#7666,#7667,#7668);
#7666 = CARTESIAN_POINT('',(-15.5,7.5,94.));
#7667 = DIRECTION('',(1.,0.,0.));
#7668 = DIRECTION('',(-0.,0.,1.));
#7669 = PCURVE('',#5417,#7670);
#7670 = DEFINITIONAL_REPRESENTATION('',(#7671),#7675);
#7671 = CIRCLE('',#7672,5.);
#7672 = AXIS2_PLACEMENT_2D('',#7673,#7674);
#7673 = CARTESIAN_POINT('',(10.,-5.));
#7674 = DIRECTION('',(1.,0.));
#7675 = ( GEOMETRIC_REPRESENTATION_CONTEXT(2) 
PARAMETRIC_REPRESENTATION_CONTEXT() REPRESENTATION_CONTEXT('2D SPACE',''
  ) );
#7676 = PCURVE('',#5505,#7677);
#7677 = DEFINITIONAL_REPRESENTATION('',(#7678),#7682);
#7678 = LINE('',#7679,#7680);
#7679 = CARTESIAN_POINT('',(0.,2.));
#7680 = VECTOR('',#7681,1.);
#7681 = DIRECTION('',(1.,0.));
#7682 = ( GEOMETRIC_REPRESENTATION_CONTEXT(2) 
PARAMETRIC_REPRESENTATION_CONTEXT() REPRESENTATION_CONTEXT('2D SPACE',''
  ) );
#7683 = ORIENTED_EDGE('',*,*,#7684,.F.);
#7684 = EDGE_CURVE('',#7685,#7661,#7687,.T.);
#7685 = VERTEX_POINT('',#7686);
#7686 = CARTESIAN_POINT('',(-15.5,13.5,99.));
#7687 = SURFACE_CURVE('',#7688,(#7692,#7698),.PCURVE_S1.);
#7688 = LINE('',#7689,#7690);
#7689 = CARTESIAN_POINT('',(-15.5,5.,99.));
#7690 = VECTOR('',#7691,1.);
#7691 = DIRECTION('',(0.,-1.,0.));
#7692 = PCURVE('',#5417,#7693);
#7693 = DEFINITIONAL_REPRESENTATION('',(#7694),#7697);
#7694 = B_SPLINE_CURVE_WITH_KNOTS('',1,(#7695,#7696),.UNSPECIFIED.,.F.,
  .F.,(2,2),(-8.5,-2.5),.PIECEWISE_BEZIER_KNOTS.);
#7695 = CARTESIAN_POINT('',(15.,-11.));
#7696 = CARTESIAN_POINT('',(15.,-5.));
#7697 = ( GEOMETRIC_REPRESENTATION_CONTEXT(2) 
PARAMETRIC_REPRESENTATION_CONTEXT() REPRESENTATION_CONTEXT('2D SPACE',''
  ) );
#7698 = PCURVE('',#7699,#7704);
#7699 = PLANE('',#7700);
#7700 = AXIS2_PLACEMENT_3D('',#7701,#7702,#7703);
#7701 = CARTESIAN_POINT('',(-17.5,7.5,99.));
#7702 = DIRECTION('',(0.,0.,1.));
#7703 = DIRECTION('',(1.,0.,0.));
#7704 = DEFINITIONAL_REPRESENTATION('',(#7705),#7708);
#7705 = B_SPLINE_CURVE_WITH_KNOTS('',1,(#7706,#7707),.UNSPECIFIED.,.F.,
  .F.,(2,2),(-8.5,-2.5),.PIECEWISE_BEZIER_KNOTS.);
#7706 = CARTESIAN_POINT('',(2.,6.));
#7707 = CARTESIAN_POINT('',(2.,0.));
#7708 = ( GEOMETRIC_REPRESENTATION_CONTEXT(2) 
PARAMETRIC_REPRESENTATION_CONTEXT() REPRESENTATION_CONTEXT('2D SPACE',''
  ) );
#7709 = ORIENTED_EDGE('',*,*,#7710,.F.);
#7710 = EDGE_CURVE('',#7638,#7685,#7711,.T.);
#7711 = SURFACE_CURVE('',#7712,(#7717,#7724),.PCURVE_S1.);
#7712 = CIRCLE('',#7713,5.);
#7713 = AXIS2_PLACEMENT_3D('',#7714,#7715,#7716);
#7714 = CARTESIAN_POINT('',(-15.5,13.5,94.));
#7715 = DIRECTION('',(1.,0.,0.));
#7716 = DIRECTION('',(-0.,0.,1.));
#7717 = PCURVE('',#5417,#7718);
#7718 = DEFINITIONAL_REPRESENTATION('',(#7719),#7723);
#7719 = CIRCLE('',#7720,5.);
#7720 = AXIS2_PLACEMENT_2D('',#7721,#7722);
#7721 = CARTESIAN_POINT('',(10.,-11.));
#7722 = DIRECTION('',(1.,0.));
#7723 = ( GEOMETRIC_REPRESENTATION_CONTEXT(2) 
PARAMETRIC_REPRESENTATION_CONTEXT() REPRESENTATION_CONTEXT('2D SPACE',''
  ) );
#7724 = PCURVE('',#7725,#7730);
#7725 = CYLINDRICAL_SURFACE('',#7726,5.);
#7726 = AXIS2_PLACEMENT_3D('',#7727,#7728,#7729);
#7727 = CARTESIAN_POINT('',(-17.5,13.5,94.));
#7728 = DIRECTION('',(1.,0.,0.));
#7729 = DIRECTION('',(-0.,0.,1.));
#7730 = DEFINITIONAL_REPRESENTATION('',(#7731),#7735);
#7731 = LINE('',#7732,#7733);
#7732 = CARTESIAN_POINT('',(0.,2.));
#7733 = VECTOR('',#7734,1.);
#7734 = DIRECTION('',(1.,0.));
#7735 = ( GEOMETRIC_REPRESENTATION_CONTEXT(2) 
PARAMETRIC_REPRESENTATION_CONTEXT() REPRESENTATION_CONTEXT('2D SPACE',''
  ) );
#7736 = ADVANCED_FACE('',(#7737,#7788),#5392,.F.);
#7737 = FACE_BOUND('',#7738,.F.);
#7738 = EDGE_LOOP('',(#7739,#7740,#7761,#7787));
#7739 = ORIENTED_EDGE('',*,*,#7637,.F.);
#7740 = ORIENTED_EDGE('',*,*,#7741,.F.);
#7741 = EDGE_CURVE('',#7742,#7638,#7744,.T.);
#7742 = VERTEX_POINT('',#7743);
#7743 = CARTESIAN_POINT('',(-18.8904846347,14.,98.974937185533));
#7744 = SURFACE_CURVE('',#7745,(#7749,#7755),.PCURVE_S1.);
#7745 = LINE('',#7746,#7747);
#7746 = CARTESIAN_POINT('',(-22.,14.,98.974937185533));
#7747 = VECTOR('',#7748,1.);
#7748 = DIRECTION('',(1.,0.,0.));
#7749 = PCURVE('',#5392,#7750);
#7750 = DEFINITIONAL_REPRESENTATION('',(#7751),#7754);
#7751 = B_SPLINE_CURVE_WITH_KNOTS('',1,(#7752,#7753),.UNSPECIFIED.,.F.,
  .F.,(2,2),(0.229190075645,9.478909167903),.PIECEWISE_BEZIER_KNOTS.);
#7752 = CARTESIAN_POINT('',(-3.525062814467,-4.770809924355));
#7753 = CARTESIAN_POINT('',(-3.525062814467,4.478909167903));
#7754 = ( GEOMETRIC_REPRESENTATION_CONTEXT(2) 
PARAMETRIC_REPRESENTATION_CONTEXT() REPRESENTATION_CONTEXT('2D SPACE',''
  ) );
#7755 = PCURVE('',#7725,#7756);
#7756 = DEFINITIONAL_REPRESENTATION('',(#7757),#7760);
#7757 = B_SPLINE_CURVE_WITH_KNOTS('',1,(#7758,#7759),.UNSPECIFIED.,.F.,
  .F.,(2,2),(0.229190075645,9.478909167903),.PIECEWISE_BEZIER_KNOTS.);
#7758 = CARTESIAN_POINT('',(6.183017886018,-4.270809924355));
#7759 = CARTESIAN_POINT('',(6.183017886018,4.978909167903));
#7760 = ( GEOMETRIC_REPRESENTATION_CONTEXT(2) 
PARAMETRIC_REPRESENTATION_CONTEXT() REPRESENTATION_CONTEXT('2D SPACE',''
  ) );
#7761 = ORIENTED_EDGE('',*,*,#7762,.F.);
#7762 = EDGE_CURVE('',#5352,#7742,#7763,.T.);
#7763 = SURFACE_CURVE('',#7764,(#7769,#7780),.PCURVE_S1.);
#7764 = CIRCLE('',#7765,4.);
#7765 = AXIS2_PLACEMENT_3D('',#7766,#7767,#7768);
#7766 = CARTESIAN_POINT('',(-17.,14.,102.5));
#7767 = DIRECTION('',(0.,-1.,0.));
#7768 = DIRECTION('',(0.927024810887,0.,0.375));
#7769 = PCURVE('',#5392,#7770);
#7770 = DEFINITIONAL_REPRESENTATION('',(#7771),#7779);
#7771 = ( BOUNDED_CURVE() B_SPLINE_CURVE(2,(#7772,#7773,#7774,#7775,
#7776,#7777,#7778),.UNSPECIFIED.,.T.,.F.) B_SPLINE_CURVE_WITH_KNOTS((1,2
    ,2,2,2,1),(-2.094395102393,0.,2.094395102393,4.188790204786,
6.28318530718,8.377580409573),.UNSPECIFIED.) CURVE() 
GEOMETRIC_REPRESENTATION_ITEM() RATIONAL_B_SPLINE_CURVE((1.,0.5,1.,0.5,
1.,0.5,1.)) REPRESENTATION_ITEM('') );
#7772 = CARTESIAN_POINT('',(1.5,3.708099243548));
#7773 = CARTESIAN_POINT('',(7.922616289333,1.110023032195));
#7774 = CARTESIAN_POINT('',(2.461308144666,-3.153087727451));
#7775 = CARTESIAN_POINT('',(-3.,-7.416198487096));
#7776 = CARTESIAN_POINT('',(-3.961308144666,-0.555011516097));
#7777 = CARTESIAN_POINT('',(-4.922616289333,6.306175454901));
#7778 = CARTESIAN_POINT('',(1.5,3.708099243548));
#7779 = ( GEOMETRIC_REPRESENTATION_CONTEXT(2) 
PARAMETRIC_REPRESENTATION_CONTEXT() REPRESENTATION_CONTEXT('2D SPACE',''
  ) );
#7780 = PCURVE('',#5366,#7781);
#7781 = DEFINITIONAL_REPRESENTATION('',(#7782),#7786);
#7782 = LINE('',#7783,#7784);
#7783 = CARTESIAN_POINT('',(7.469584859479,0.));
#7784 = VECTOR('',#7785,1.);
#7785 = DIRECTION('',(-1.,-0.));
#7786 = ( GEOMETRIC_REPRESENTATION_CONTEXT(2) 
PARAMETRIC_REPRESENTATION_CONTEXT() REPRESENTATION_CONTEXT('2D SPACE',''
  ) );
#7787 = ORIENTED_EDGE('',*,*,#5377,.T.);
#7788 = FACE_BOUND('',#7789,.F.);
#7789 = EDGE_LOOP('',(#7790));
#7790 = ORIENTED_EDGE('',*,*,#7791,.F.);
#7791 = EDGE_CURVE('',#7792,#7792,#7794,.T.);
#7792 = VERTEX_POINT('',#7793);
#7793 = CARTESIAN_POINT('',(-17.,14.,103.4));
#7794 = SURFACE_CURVE('',#7795,(#7800,#7807),.PCURVE_S1.);
#7795 = CIRCLE('',#7796,0.9);
#7796 = AXIS2_PLACEMENT_3D('',#7797,#7798,#7799);
#7797 = CARTESIAN_POINT('',(-17.,14.,102.5));
#7798 = DIRECTION('',(0.,1.,0.));
#7799 = DIRECTION('',(0.,-0.,1.));
#7800 = PCURVE('',#5392,#7801);
#7801 = DEFINITIONAL_REPRESENTATION('',(#7802),#7806);
#7802 = CIRCLE('',#7803,0.9);
#7803 = AXIS2_PLACEMENT_2D('',#7804,#7805);
#7804 = CARTESIAN_POINT('',(0.,0.));
#7805 = DIRECTION('',(1.,0.));
#7806 = ( GEOMETRIC_REPRESENTATION_CONTEXT(2) 
PARAMETRIC_REPRESENTATION_CONTEXT() REPRESENTATION_CONTEXT('2D SPACE',''
  ) );
#7807 = PCURVE('',#7808,#7813);
#7808 = CYLINDRICAL_SURFACE('',#7809,0.9);
#7809 = AXIS2_PLACEMENT_3D('',#7810,#7811,#7812);
#7810 = CARTESIAN_POINT('',(-17.,13.5,102.5));
#7811 = DIRECTION('',(0.,1.,0.));
#7812 = DIRECTION('',(0.,-0.,1.));
#7813 = DEFINITIONAL_REPRESENTATION('',(#7814),#7818);
#7814 = LINE('',#7815,#7816);
#7815 = CARTESIAN_POINT('',(0.,0.5));
#7816 = VECTOR('',#7817,1.);
#7817 = DIRECTION('',(1.,0.));
#7818 = ( GEOMETRIC_REPRESENTATION_CONTEXT(2) 
PARAMETRIC_REPRESENTATION_CONTEXT() REPRESENTATION_CONTEXT('2D SPACE',''
  ) );
#7819 = ADVANCED_FACE('',(#7820),#5366,.T.);
#7820 = FACE_BOUND('',#7821,.T.);
#7821 = EDGE_LOOP('',(#7822,#7823,#7824,#7852,#7878,#7907,#7933));
#7822 = ORIENTED_EDGE('',*,*,#7762,.F.);
#7823 = ORIENTED_EDGE('',*,*,#5351,.T.);
#7824 = ORIENTED_EDGE('',*,*,#7825,.T.);
#7825 = EDGE_CURVE('',#5324,#7826,#7828,.T.);
#7826 = VERTEX_POINT('',#7827);
#7827 = CARTESIAN_POINT('',(-16.4,24.,98.545256013343));
#7828 = SURFACE_CURVE('',#7829,(#7834,#7841),.PCURVE_S1.);
#7829 = CIRCLE('',#7830,4.);
#7830 = AXIS2_PLACEMENT_3D('',#7831,#7832,#7833);
#7831 = CARTESIAN_POINT('',(-17.,24.,102.5));
#7832 = DIRECTION('',(0.,-1.,0.));
#7833 = DIRECTION('',(0.927024810887,0.,0.375));
#7834 = PCURVE('',#5366,#7835);
#7835 = DEFINITIONAL_REPRESENTATION('',(#7836),#7840);
#7836 = LINE('',#7837,#7838);
#7837 = CARTESIAN_POINT('',(7.469584859479,10.));
#7838 = VECTOR('',#7839,1.);
#7839 = DIRECTION('',(-1.,-0.));
#7840 = ( GEOMETRIC_REPRESENTATION_CONTEXT(2) 
PARAMETRIC_REPRESENTATION_CONTEXT() REPRESENTATION_CONTEXT('2D SPACE',''
  ) );
#7841 = PCURVE('',#5339,#7842);
#7842 = DEFINITIONAL_REPRESENTATION('',(#7843),#7851);
#7843 = ( BOUNDED_CURVE() B_SPLINE_CURVE(2,(#7844,#7845,#7846,#7847,
#7848,#7849,#7850),.UNSPECIFIED.,.T.,.F.) B_SPLINE_CURVE_WITH_KNOTS((1,2
    ,2,2,2,1),(-2.094395102393,0.,2.094395102393,4.188790204786,
6.28318530718,8.377580409573),.UNSPECIFIED.) CURVE() 
GEOMETRIC_REPRESENTATION_ITEM() RATIONAL_B_SPLINE_CURVE((1.,0.5,1.,0.5,
1.,0.5,1.)) REPRESENTATION_ITEM('') );
#7844 = CARTESIAN_POINT('',(20.,2.208099243548));
#7845 = CARTESIAN_POINT('',(26.422616289333,-0.389976967805));
#7846 = CARTESIAN_POINT('',(20.961308144666,-4.653087727451));
#7847 = CARTESIAN_POINT('',(15.5,-8.916198487096));
#7848 = CARTESIAN_POINT('',(14.538691855334,-2.055011516097));
#7849 = CARTESIAN_POINT('',(13.577383710667,4.806175454901));
#7850 = CARTESIAN_POINT('',(20.,2.208099243548));
#7851 = ( GEOMETRIC_REPRESENTATION_CONTEXT(2) 
PARAMETRIC_REPRESENTATION_CONTEXT() REPRESENTATION_CONTEXT('2D SPACE',''
  ) );
#7852 = ORIENTED_EDGE('',*,*,#7853,.F.);
#7853 = EDGE_CURVE('',#7854,#7826,#7856,.T.);
#7854 = VERTEX_POINT('',#7855);
#7855 = CARTESIAN_POINT('',(-16.4,18.,98.545256013343));
#7856 = SURFACE_CURVE('',#7857,(#7861,#7867),.PCURVE_S1.);
#7857 = LINE('',#7858,#7859);
#7858 = CARTESIAN_POINT('',(-16.4,14.,98.545256013343));
#7859 = VECTOR('',#7860,1.);
#7860 = DIRECTION('',(0.,1.,0.));
#7861 = PCURVE('',#5366,#7862);
#7862 = DEFINITIONAL_REPRESENTATION('',(#7863),#7866);
#7863 = B_SPLINE_CURVE_WITH_KNOTS('',1,(#7864,#7865),.UNSPECIFIED.,.F.,
  .F.,(2,2),(3.35,10.0000006),.PIECEWISE_BEZIER_KNOTS.);
#7864 = CARTESIAN_POINT('',(2.991024380813,3.35));
#7865 = CARTESIAN_POINT('',(2.991024380813,10.0000006));
#7866 = ( GEOMETRIC_REPRESENTATION_CONTEXT(2) 
PARAMETRIC_REPRESENTATION_CONTEXT() REPRESENTATION_CONTEXT('2D SPACE',''
  ) );
#7867 = PCURVE('',#7868,#7873);
#7868 = PLANE('',#7869);
#7869 = AXIS2_PLACEMENT_3D('',#7870,#7871,#7872);
#7870 = CARTESIAN_POINT('',(-16.4,18.,87.7));
#7871 = DIRECTION('',(1.,0.,0.));
#7872 = DIRECTION('',(0.,0.,1.));
#7873 = DEFINITIONAL_REPRESENTATION('',(#7874),#7877);
#7874 = B_SPLINE_CURVE_WITH_KNOTS('',1,(#7875,#7876),.UNSPECIFIED.,.F.,
  .F.,(2,2),(3.35,10.0000006),.PIECEWISE_BEZIER_KNOTS.);
#7875 = CARTESIAN_POINT('',(10.845256013343,0.65));
#7876 = CARTESIAN_POINT('',(10.845256013343,-6.0000006));
#7877 = ( GEOMETRIC_REPRESENTATION_CONTEXT(2) 
PARAMETRIC_REPRESENTATION_CONTEXT() REPRESENTATION_CONTEXT('2D SPACE',''
  ) );
#7878 = ORIENTED_EDGE('',*,*,#7879,.F.);
#7879 = EDGE_CURVE('',#7880,#7854,#7882,.T.);
#7880 = VERTEX_POINT('',#7881);
#7881 = CARTESIAN_POINT('',(-15.5,18.,98.791900756452));
#7882 = SURFACE_CURVE('',#7883,(#7888,#7895),.PCURVE_S1.);
#7883 = CIRCLE('',#7884,4.);
#7884 = AXIS2_PLACEMENT_3D('',#7885,#7886,#7887);
#7885 = CARTESIAN_POINT('',(-17.,18.,102.5));
#7886 = DIRECTION('',(0.,1.,0.));
#7887 = DIRECTION('',(0.,-0.,1.));
#7888 = PCURVE('',#5366,#7889);
#7889 = DEFINITIONAL_REPRESENTATION('',(#7890),#7894);
#7890 = LINE('',#7891,#7892);
#7891 = CARTESIAN_POINT('',(0.,4.));
#7892 = VECTOR('',#7893,1.);
#7893 = DIRECTION('',(1.,0.));
#7894 = ( GEOMETRIC_REPRESENTATION_CONTEXT(2) 
PARAMETRIC_REPRESENTATION_CONTEXT() REPRESENTATION_CONTEXT('2D SPACE',''
  ) );
#7895 = PCURVE('',#7896,#7901);
#7896 = PLANE('',#7897);
#7897 = AXIS2_PLACEMENT_3D('',#7898,#7899,#7900);
#7898 = CARTESIAN_POINT('',(-16.4,18.,87.7));
#7899 = DIRECTION('',(0.,1.,0.));
#7900 = DIRECTION('',(0.,0.,1.));
#7901 = DEFINITIONAL_REPRESENTATION('',(#7902),#7906);
#7902 = CIRCLE('',#7903,4.);
#7903 = AXIS2_PLACEMENT_2D('',#7904,#7905);
#7904 = CARTESIAN_POINT('',(14.8,-0.6));
#7905 = DIRECTION('',(1.,0.));
#7906 = ( GEOMETRIC_REPRESENTATION_CONTEXT(2) 
PARAMETRIC_REPRESENTATION_CONTEXT() REPRESENTATION_CONTEXT('2D SPACE',''
  ) );
#7907 = ORIENTED_EDGE('',*,*,#7908,.F.);
#7908 = EDGE_CURVE('',#7909,#7880,#7911,.T.);
#7909 = VERTEX_POINT('',#7910);
#7910 = CARTESIAN_POINT('',(-15.5,14.927475793249,98.791900756452));
#7911 = SURFACE_CURVE('',#7912,(#7916,#7922),.PCURVE_S1.);
#7912 = LINE('',#7913,#7914);
#7913 = CARTESIAN_POINT('',(-15.5,14.,98.791900756452));
#7914 = VECTOR('',#7915,1.);
#7915 = DIRECTION('',(0.,1.,0.));
#7916 = PCURVE('',#5366,#7917);
#7917 = DEFINITIONAL_REPRESENTATION('',(#7918),#7921);
#7918 = B_SPLINE_CURVE_WITH_KNOTS('',1,(#7919,#7920),.UNSPECIFIED.,.F.,
  .F.,(2,2),(0.927475793249,4.),.PIECEWISE_BEZIER_KNOTS.);
#7919 = CARTESIAN_POINT('',(2.757195879094,0.927475793249));
#7920 = CARTESIAN_POINT('',(2.757195879094,4.));
#7921 = ( GEOMETRIC_REPRESENTATION_CONTEXT(2) 
PARAMETRIC_REPRESENTATION_CONTEXT() REPRESENTATION_CONTEXT('2D SPACE',''
  ) );
#7922 = PCURVE('',#7923,#7928);
#7923 = PLANE('',#7924);
#7924 = AXIS2_PLACEMENT_3D('',#7925,#7926,#7927);
#7925 = CARTESIAN_POINT('',(-15.5,2.5,84.));
#7926 = DIRECTION('',(1.,0.,0.));
#7927 = DIRECTION('',(0.,0.,1.));
#7928 = DEFINITIONAL_REPRESENTATION('',(#7929),#7932);
#7929 = B_SPLINE_CURVE_WITH_KNOTS('',1,(#7930,#7931),.UNSPECIFIED.,.F.,
  .F.,(2,2),(-5.999999999062E-07,10.0000006),.PIECEWISE_BEZIER_KNOTS.);
#7930 = CARTESIAN_POINT('',(14.791900756452,-11.4999994));
#7931 = CARTESIAN_POINT('',(14.791900756452,-21.5000006));
#7932 = ( GEOMETRIC_REPRESENTATION_CONTEXT(2) 
PARAMETRIC_REPRESENTATION_CONTEXT() REPRESENTATION_CONTEXT('2D SPACE',''
  ) );
#7933 = ORIENTED_EDGE('',*,*,#7934,.T.);
#7934 = EDGE_CURVE('',#7909,#7742,#7935,.T.);
#7935 = SURFACE_CURVE('',#7936,(#7978,#8023),.PCURVE_S1.);
#7936 = B_SPLINE_CURVE_WITH_KNOTS('',4,(#7937,#7938,#7939,#7940,#7941,
    #7942,#7943,#7944,#7945,#7946,#7947,#7948,#7949,#7950,#7951,#7952,
    #7953,#7954,#7955,#7956,#7957,#7958,#7959,#7960,#7961,#7962,#7963,
    #7964,#7965,#7966,#7967,#7968,#7969,#7970,#7971,#7972,#7973,#7974,
    #7975,#7976,#7977),.UNSPECIFIED.,.F.,.F.,(5,3,3,3,3,3,3,3,3,3,3,3,3,
    5),(0.,0.14562111618,0.208922248832,0.249627288257,0.27779270391,
    0.355385842863,0.424229360877,0.498778004027,0.576325845651,
    0.643113985854,0.748929603823,0.789688112309,0.853664288951,1.),
  .UNSPECIFIED.);
#7937 = CARTESIAN_POINT('',(-15.10951536529,14.,98.974937185533));
#7938 = CARTESIAN_POINT('',(-15.14679175906,14.198910532358,
    98.954945924846));
#7939 = CARTESIAN_POINT('',(-15.20455462327,14.393842918567,
    98.924635132659));
#7940 = CARTESIAN_POINT('',(-15.28365609924,14.579892236393,
    98.885249833019));
#7941 = CARTESIAN_POINT('',(-15.4289593649,14.827705848895,
    98.821121491495));
#7942 = CARTESIAN_POINT('',(-15.47712871242,14.900197873519,
    98.800705009878));
#7943 = CARTESIAN_POINT('',(-15.52944364796,14.969645361907,
    98.779638674124));
#7944 = CARTESIAN_POINT('',(-15.62197038588,15.078014645844,
    98.744666052628));
#7945 = CARTESIAN_POINT('',(-15.65983605893,15.118984489331,
    98.73088773857));
#7946 = CARTESIAN_POINT('',(-15.69931464294,15.158393651948,
    98.71713263261));
#7947 = CARTESIAN_POINT('',(-15.76871863907,15.222252490648,
    98.694104503324));
#7948 = CARTESIAN_POINT('',(-15.79784045891,15.247570717888,
    98.684755995712));
#7949 = CARTESIAN_POINT('',(-15.82767685061,15.272056529904,
    98.67551669194));
#7950 = CARTESIAN_POINT('',(-15.94227884143,15.360758842618,
    98.641383306397));
#7951 = CARTESIAN_POINT('',(-16.03155701662,15.419291269718,
    98.617466563596));
#7952 = CARTESIAN_POINT('',(-16.12537936891,15.470639711107,
    98.59552757047));
#7953 = CARTESIAN_POINT('',(-16.30926390197,15.553378712931,
    98.559105404089));
#7954 = CARTESIAN_POINT('',(-16.39856293395,15.586366229526,
    98.544056511064));
#7955 = CARTESIAN_POINT('',(-16.49007285571,15.613225509696,
    98.531533926521));
#7956 = CARTESIAN_POINT('',(-16.68383171745,15.65625308236,
    98.51122871193));
#7957 = CARTESIAN_POINT('',(-16.78634509482,15.671348422699,
    98.503923949436));
#7958 = CARTESIAN_POINT('',(-16.88976610035,15.679075257343,
    98.500181239118));
#7959 = CARTESIAN_POINT('',(-17.10082507588,15.679814497514,
    98.499823211173));
#7960 = CARTESIAN_POINT('',(-17.20846796004,15.672222506751,
    98.503500698434));
#7961 = CARTESIAN_POINT('',(-17.31515259953,15.65665404446,
    98.511043664642));
#7962 = CARTESIAN_POINT('',(-17.51010968416,15.613029164836,
    98.531622879121));
#7963 = CARTESIAN_POINT('',(-17.59888506221,15.587007229524,
    98.543752408279));
#7964 = CARTESIAN_POINT('',(-17.68558927174,15.555217778426,
    98.558261434263));
#7965 = CARTESIAN_POINT('',(-17.90279745041,15.458663865944,
    98.600850067699));
#7966 = CARTESIAN_POINT('',(-18.02931868464,15.385481565728,
    98.631927381098));
#7967 = CARTESIAN_POINT('',(-18.14678226954,15.2991249804,
    98.666254900597));
#7968 = CARTESIAN_POINT('',(-18.29508176032,15.16385457502,
    98.715208178146));
#7969 = CARTESIAN_POINT('',(-18.33477926717,15.124561352706,
    98.728974381676));
#7970 = CARTESIAN_POINT('',(-18.37286349381,15.083695454597,
    98.742772165235));
#7971 = CARTESIAN_POINT('',(-18.46647366995,14.974947063362,
    98.778012894089));
#7972 = CARTESIAN_POINT('',(-18.51957627175,14.904933584579,
    98.799334845652));
#7973 = CARTESIAN_POINT('',(-18.56844564037,14.831794548679,
    98.820005755757));
#7974 = CARTESIAN_POINT('',(-18.71518123347,14.582621973614,
    98.884671236734));
#7975 = CARTESIAN_POINT('',(-18.7948806609,14.395748877318,
    98.924338452619));
#7976 = CARTESIAN_POINT('',(-18.85302650942,14.199880527322,
    98.954848461034));
#7977 = CARTESIAN_POINT('',(-18.89048474714,13.9999994,98.974937245835)
  );
#7978 = PCURVE('',#5366,#7979);
#7979 = DEFINITIONAL_REPRESENTATION('',(#7980),#8022);
#7980 = B_SPLINE_CURVE_WITH_KNOTS('',4,(#7981,#7982,#7983,#7984,#7985,
    #7986,#7987,#7988,#7989,#7990,#7991,#7992,#7993,#7994,#7995,#7996,
    #7997,#7998,#7999,#8000,#8001,#8002,#8003,#8004,#8005,#8006,#8007,
    #8008,#8009,#8010,#8011,#8012,#8013,#8014,#8015,#8016,#8017,#8018,
    #8019,#8020,#8021),.UNSPECIFIED.,.F.,.F.,(5,3,3,3,3,3,3,3,3,3,3,3,3,
    5),(0.,0.14562111618,0.208922248832,0.249627288257,0.27779270391,
    0.355385842863,0.424229360877,0.498778004027,0.576325845651,
    0.643113985854,0.748929603823,0.789688112309,0.853664288951,1.),
  .UNSPECIFIED.);
#7981 = CARTESIAN_POINT('',(2.649329928164,8.881784197001E-16));
#7982 = CARTESIAN_POINT('',(2.659904603207,0.198910532358));
#7983 = CARTESIAN_POINT('',(2.67621571746,0.393842918567));
#7984 = CARTESIAN_POINT('',(2.698286786309,0.579892236393));
#7985 = CARTESIAN_POINT('',(2.737993117037,0.827705848895));
#7986 = CARTESIAN_POINT('',(2.751071122237,0.900197873519));
#7987 = CARTESIAN_POINT('',(2.765167242603,0.969645361907));
#7988 = CARTESIAN_POINT('',(2.789896124357,1.078014645844));
#7989 = CARTESIAN_POINT('',(2.799968991871,1.118984489331));
#7990 = CARTESIAN_POINT('',(2.810419394932,1.158393651948));
#7991 = CARTESIAN_POINT('',(2.828700548847,1.222252490648));
#7992 = CARTESIAN_POINT('',(2.836346569443,1.247570717888));
#7993 = CARTESIAN_POINT('',(2.844154660973,1.272056529904));
#7994 = CARTESIAN_POINT('',(2.874048958409,1.360758842618));
#7995 = CARTESIAN_POINT('',(2.897146444152,1.419291269718));
#7996 = CARTESIAN_POINT('',(2.92122054036,1.470639711107));
#7997 = CARTESIAN_POINT('',(2.968084769591,1.553378712931));
#7998 = CARTESIAN_POINT('',(2.990714887343,1.586366229526));
#7999 = CARTESIAN_POINT('',(3.013793884931,1.613225509696));
#8000 = CARTESIAN_POINT('',(3.062498863014,1.65625308236));
#8001 = CARTESIAN_POINT('',(3.088177651468,1.671348422699));
#8002 = CARTESIAN_POINT('',(3.114034140656,1.679075257343));
#8003 = CARTESIAN_POINT('',(3.166798960454,1.679814497514));
#8004 = CARTESIAN_POINT('',(3.193707702486,1.672222506751));
#8005 = CARTESIAN_POINT('',(3.220429077288,1.65665404446));
#8006 = CARTESIAN_POINT('',(3.269439132963,1.613029164836));
#8007 = CARTESIAN_POINT('',(3.291828523747,1.587007229524));
#8008 = CARTESIAN_POINT('',(3.313797316087,1.555217778426));
#8009 = CARTESIAN_POINT('',(3.36913332639,1.458663865944));
#8010 = CARTESIAN_POINT('',(3.401666949087,1.385481565728));
#8011 = CARTESIAN_POINT('',(3.432242218432,1.2991249804));
#8012 = CARTESIAN_POINT('',(3.47128479323,1.16385457502));
#8013 = CARTESIAN_POINT('',(3.481787787219,1.124561352706));
#8014 = CARTESIAN_POINT('',(3.491913660694,1.083695454597));
#8015 = CARTESIAN_POINT('',(3.516919627541,0.974947063362));
#8016 = CARTESIAN_POINT('',(3.531222142737,0.904933584579));
#8017 = CARTESIAN_POINT('',(3.544486048583,0.831794548679));
#8018 = CARTESIAN_POINT('',(3.584574200443,0.582621973614));
#8019 = CARTESIAN_POINT('',(3.606809974719,0.395748877318));
#8020 = CARTESIAN_POINT('',(3.62322914967,0.199880527322));
#8021 = CARTESIAN_POINT('',(3.633855410914,-6.E-07));
#8022 = ( GEOMETRIC_REPRESENTATION_CONTEXT(2) 
PARAMETRIC_REPRESENTATION_CONTEXT() REPRESENTATION_CONTEXT('2D SPACE',''
  ) );
#8023 = PCURVE('',#7725,#8024);
#8024 = DEFINITIONAL_REPRESENTATION('',(#8025),#8067);
#8025 = B_SPLINE_CURVE_WITH_KNOTS('',4,(#8026,#8027,#8028,#8029,#8030,
    #8031,#8032,#8033,#8034,#8035,#8036,#8037,#8038,#8039,#8040,#8041,
    #8042,#8043,#8044,#8045,#8046,#8047,#8048,#8049,#8050,#8051,#8052,
    #8053,#8054,#8055,#8056,#8057,#8058,#8059,#8060,#8061,#8062,#8063,
    #8064,#8065,#8066),.UNSPECIFIED.,.F.,.F.,(5,3,3,3,3,3,3,3,3,3,3,3,3,
    5),(0.,0.14562111618,0.208922248832,0.249627288257,0.27779270391,
    0.355385842863,0.424229360877,0.498778004027,0.576325845651,
    0.643113985854,0.748929603823,0.789688112309,0.853664288951,1.),
  .UNSPECIFIED.);
#8026 = CARTESIAN_POINT('',(6.183017886018,2.390484634707));
#8027 = CARTESIAN_POINT('',(6.143035364643,2.353208240935));
#8028 = CARTESIAN_POINT('',(6.103641221431,2.295445376724));
#8029 = CARTESIAN_POINT('',(6.06564731653,2.216343900759));
#8030 = CARTESIAN_POINT('',(6.014451992241,2.071040635096));
#8031 = CARTESIAN_POINT('',(5.99939300305,2.022871287572));
#8032 = CARTESIAN_POINT('',(5.984880826523,1.970556352036));
#8033 = CARTESIAN_POINT('',(5.962106291661,1.878029614113));
#8034 = CARTESIAN_POINT('',(5.953462012403,1.840163941065));
#8035 = CARTESIAN_POINT('',(5.945114316951,1.800685357051));
#8036 = CARTESIAN_POINT('',(5.931537504337,1.73128136093));
#8037 = CARTESIAN_POINT('',(5.92613985657,1.702159541082));
#8038 = CARTESIAN_POINT('',(5.920905773679,1.672323149383));
#8039 = CARTESIAN_POINT('',(5.901897156382,1.557721158569));
#8040 = CARTESIAN_POINT('',(5.889253689121,1.468442983372));
#8041 = CARTESIAN_POINT('',(5.878086483633,1.374620631081));
#8042 = CARTESIAN_POINT('',(5.860006310374,1.190736098021));
#8043 = CARTESIAN_POINT('',(5.852755280018,1.101437066041));
#8044 = CARTESIAN_POINT('',(5.846828277391,1.009927144281));
#8045 = CARTESIAN_POINT('',(5.837312661281,0.816168282542));
#8046 = CARTESIAN_POINT('',(5.833958799728,0.713654905172));
#8047 = CARTESIAN_POINT('',(5.83224165404,0.610233899642));
#8048 = CARTESIAN_POINT('',(5.832077378657,0.399174924119));
#8049 = CARTESIAN_POINT('',(5.833764572338,0.291532039952));
#8050 = CARTESIAN_POINT('',(5.837224343871,0.184847400461));
#8051 = CARTESIAN_POINT('',(5.846871383191,-1.010968416842E-02));
#8052 = CARTESIAN_POINT('',(5.852613380614,-9.888506221296E-02));
#8053 = CARTESIAN_POINT('',(5.859601662288,-0.185589271748));
#8054 = CARTESIAN_POINT('',(5.880707537976,-0.402797450418));
#8055 = CARTESIAN_POINT('',(5.896607877732,-0.529318684644));
#8056 = CARTESIAN_POINT('',(5.91518516318,-0.646782269542));
#8057 = CARTESIAN_POINT('',(5.943956333441,-0.795081760326));
#8058 = CARTESIAN_POINT('',(5.952282877367,-0.834779267179));
#8059 = CARTESIAN_POINT('',(5.960908702709,-0.872863493812));
#8060 = CARTESIAN_POINT('',(5.983771879712,-0.966473669952));
#8061 = CARTESIAN_POINT('',(5.998407178967,-1.019576271753));
#8062 = CARTESIAN_POINT('',(6.013604422108,-1.068445640377));
#8063 = CARTESIAN_POINT('',(6.06508979735,-1.215181233478));
#8064 = CARTESIAN_POINT('',(6.103256124148,-1.294880660908));
#8065 = CARTESIAN_POINT('',(6.142840388806,-1.35302650942));
#8066 = CARTESIAN_POINT('',(6.183018006623,-1.390484747148));
#8067 = ( GEOMETRIC_REPRESENTATION_CONTEXT(2) 
PARAMETRIC_REPRESENTATION_CONTEXT() REPRESENTATION_CONTEXT('2D SPACE',''
  ) );
#8068 = ADVANCED_FACE('',(#8069,#8284,#8310),#5339,.T.);
#8069 = FACE_BOUND('',#8070,.T.);
#8070 = EDGE_LOOP('',(#8071,#8072,#8096,#8122,#8148,#8177,#8205,#8238,
    #8264,#8283));
#8071 = ORIENTED_EDGE('',*,*,#5323,.F.);
#8072 = ORIENTED_EDGE('',*,*,#8073,.T.);
#8073 = EDGE_CURVE('',#5298,#8074,#8076,.T.);
#8074 = VERTEX_POINT('',#8075);
#8075 = CARTESIAN_POINT('',(16.4,24.,98.545256013343));
#8076 = SURFACE_CURVE('',#8077,(#8082,#8089),.PCURVE_S1.);
#8077 = CIRCLE('',#8078,4.);
#8078 = AXIS2_PLACEMENT_3D('',#8079,#8080,#8081);
#8079 = CARTESIAN_POINT('',(17.,24.,102.5));
#8080 = DIRECTION('',(0.,1.,-0.));
#8081 = DIRECTION('',(-0.927024810887,0.,0.375));
#8082 = PCURVE('',#5339,#8083);
#8083 = DEFINITIONAL_REPRESENTATION('',(#8084),#8088);
#8084 = CIRCLE('',#8085,4.);
#8085 = AXIS2_PLACEMENT_2D('',#8086,#8087);
#8086 = CARTESIAN_POINT('',(18.5,32.5));
#8087 = DIRECTION('',(0.375,-0.927024810887));
#8088 = ( GEOMETRIC_REPRESENTATION_CONTEXT(2) 
PARAMETRIC_REPRESENTATION_CONTEXT() REPRESENTATION_CONTEXT('2D SPACE',''
  ) );
#8089 = PCURVE('',#5312,#8090);
#8090 = DEFINITIONAL_REPRESENTATION('',(#8091),#8095);
#8091 = LINE('',#8092,#8093);
#8092 = CARTESIAN_POINT('',(5.09678575488,10.));
#8093 = VECTOR('',#8094,1.);
#8094 = DIRECTION('',(1.,0.));
#8095 = ( GEOMETRIC_REPRESENTATION_CONTEXT(2) 
PARAMETRIC_REPRESENTATION_CONTEXT() REPRESENTATION_CONTEXT('2D SPACE',''
  ) );
#8096 = ORIENTED_EDGE('',*,*,#8097,.F.);
#8097 = EDGE_CURVE('',#8098,#8074,#8100,.T.);
#8098 = VERTEX_POINT('',#8099);
#8099 = CARTESIAN_POINT('',(16.4,24.,100.3));
#8100 = SURFACE_CURVE('',#8101,(#8105,#8111),.PCURVE_S1.);
#8101 = LINE('',#8102,#8103);
#8102 = CARTESIAN_POINT('',(16.4,24.,85.85));
#8103 = VECTOR('',#8104,1.);
#8104 = DIRECTION('',(0.,0.,-1.));
#8105 = PCURVE('',#5339,#8106);
#8106 = DEFINITIONAL_REPRESENTATION('',(#8107),#8110);
#8107 = B_SPLINE_CURVE_WITH_KNOTS('',1,(#8108,#8109),.UNSPECIFIED.,.F.,
  .F.,(2,2),(-14.45,-12.65),.PIECEWISE_BEZIER_KNOTS.);
#8108 = CARTESIAN_POINT('',(16.3,31.9));
#8109 = CARTESIAN_POINT('',(14.5,31.9));
#8110 = ( GEOMETRIC_REPRESENTATION_CONTEXT(2) 
PARAMETRIC_REPRESENTATION_CONTEXT() REPRESENTATION_CONTEXT('2D SPACE',''
  ) );
#8111 = PCURVE('',#8112,#8117);
#8112 = PLANE('',#8113);
#8113 = AXIS2_PLACEMENT_3D('',#8114,#8115,#8116);
#8114 = CARTESIAN_POINT('',(16.4,18.,87.7));
#8115 = DIRECTION('',(1.,0.,0.));
#8116 = DIRECTION('',(0.,0.,1.));
#8117 = DEFINITIONAL_REPRESENTATION('',(#8118),#8121);
#8118 = B_SPLINE_CURVE_WITH_KNOTS('',1,(#8119,#8120),.UNSPECIFIED.,.F.,
  .F.,(2,2),(-14.45,-12.65),.PIECEWISE_BEZIER_KNOTS.);
#8119 = CARTESIAN_POINT('',(12.6,-6.));
#8120 = CARTESIAN_POINT('',(10.8,-6.));
#8121 = ( GEOMETRIC_REPRESENTATION_CONTEXT(2) 
PARAMETRIC_REPRESENTATION_CONTEXT() REPRESENTATION_CONTEXT('2D SPACE',''
  ) );
#8122 = ORIENTED_EDGE('',*,*,#8123,.F.);
#8123 = EDGE_CURVE('',#8124,#8098,#8126,.T.);
#8124 = VERTEX_POINT('',#8125);
#8125 = CARTESIAN_POINT('',(13.659341382302,24.,100.3));
#8126 = SURFACE_CURVE('',#8127,(#8131,#8137),.PCURVE_S1.);
#8127 = LINE('',#8128,#8129);
#8128 = CARTESIAN_POINT('',(-1.75,24.,100.3));
#8129 = VECTOR('',#8130,1.);
#8130 = DIRECTION('',(1.,0.,0.));
#8131 = PCURVE('',#5339,#8132);
#8132 = DEFINITIONAL_REPRESENTATION('',(#8133),#8136);
#8133 = B_SPLINE_CURVE_WITH_KNOTS('',1,(#8134,#8135),.UNSPECIFIED.,.F.,
  .F.,(2,2),(13.75,18.15),.PIECEWISE_BEZIER_KNOTS.);
#8134 = CARTESIAN_POINT('',(16.3,27.5));
#8135 = CARTESIAN_POINT('',(16.3,31.9));
#8136 = ( GEOMETRIC_REPRESENTATION_CONTEXT(2) 
PARAMETRIC_REPRESENTATION_CONTEXT() REPRESENTATION_CONTEXT('2D SPACE',''
  ) );
#8137 = PCURVE('',#8138,#8143);
#8138 = PLANE('',#8139);
#8139 = AXIS2_PLACEMENT_3D('',#8140,#8141,#8142);
#8140 = CARTESIAN_POINT('',(12.,18.,100.3));
#8141 = DIRECTION('',(0.,0.,1.));
#8142 = DIRECTION('',(1.,0.,0.));
#8143 = DEFINITIONAL_REPRESENTATION('',(#8144),#8147);
#8144 = B_SPLINE_CURVE_WITH_KNOTS('',1,(#8145,#8146),.UNSPECIFIED.,.F.,
  .F.,(2,2),(13.75,18.15),.PIECEWISE_BEZIER_KNOTS.);
#8145 = CARTESIAN_POINT('',(0.,6.));
#8146 = CARTESIAN_POINT('',(4.4,6.));
#8147 = ( GEOMETRIC_REPRESENTATION_CONTEXT(2) 
PARAMETRIC_REPRESENTATION_CONTEXT() REPRESENTATION_CONTEXT('2D SPACE',''
  ) );
#8148 = ORIENTED_EDGE('',*,*,#8149,.T.);
#8149 = EDGE_CURVE('',#8124,#8150,#8152,.T.);
#8150 = VERTEX_POINT('',#8151);
#8151 = CARTESIAN_POINT('',(13.291900756452,24.,101.));
#8152 = SURFACE_CURVE('',#8153,(#8158,#8165),.PCURVE_S1.);
#8153 = CIRCLE('',#8154,4.);
#8154 = AXIS2_PLACEMENT_3D('',#8155,#8156,#8157);
#8155 = CARTESIAN_POINT('',(17.,24.,102.5));
#8156 = DIRECTION('',(0.,1.,-0.));
#8157 = DIRECTION('',(-0.927024810887,0.,0.375));
#8158 = PCURVE('',#5339,#8159);
#8159 = DEFINITIONAL_REPRESENTATION('',(#8160),#8164);
#8160 = CIRCLE('',#8161,4.);
#8161 = AXIS2_PLACEMENT_2D('',#8162,#8163);
#8162 = CARTESIAN_POINT('',(18.5,32.5));
#8163 = DIRECTION('',(0.375,-0.927024810887));
#8164 = ( GEOMETRIC_REPRESENTATION_CONTEXT(2) 
PARAMETRIC_REPRESENTATION_CONTEXT() REPRESENTATION_CONTEXT('2D SPACE',''
  ) );
#8165 = PCURVE('',#8166,#8171);
#8166 = CYLINDRICAL_SURFACE('',#8167,4.);
#8167 = AXIS2_PLACEMENT_3D('',#8168,#8169,#8170);
#8168 = CARTESIAN_POINT('',(17.,14.,102.5));
#8169 = DIRECTION('',(0.,1.,0.));
#8170 = DIRECTION('',(0.,-0.,1.));
#8171 = DEFINITIONAL_REPRESENTATION('',(#8172),#8176);
#8172 = LINE('',#8173,#8174);
#8173 = CARTESIAN_POINT('',(5.09678575488,10.));
#8174 = VECTOR('',#8175,1.);
#8175 = DIRECTION('',(1.,0.));
#8176 = ( GEOMETRIC_REPRESENTATION_CONTEXT(2) 
PARAMETRIC_REPRESENTATION_CONTEXT() REPRESENTATION_CONTEXT('2D SPACE',''
  ) );
#8177 = ORIENTED_EDGE('',*,*,#8178,.T.);
#8178 = EDGE_CURVE('',#8150,#8179,#8181,.T.);
#8179 = VERTEX_POINT('',#8180);
#8180 = CARTESIAN_POINT('',(-13.29190075645,24.,101.));
#8181 = SURFACE_CURVE('',#8182,(#8186,#8193),.PCURVE_S1.);
#8182 = LINE('',#8183,#8184);
#8183 = CARTESIAN_POINT('',(15.5,24.,101.));
#8184 = VECTOR('',#8185,1.);
#8185 = DIRECTION('',(-1.,0.,0.));
#8186 = PCURVE('',#5339,#8187);
#8187 = DEFINITIONAL_REPRESENTATION('',(#8188),#8192);
#8188 = LINE('',#8189,#8190);
#8189 = CARTESIAN_POINT('',(17.,31.));
#8190 = VECTOR('',#8191,1.);
#8191 = DIRECTION('',(0.,-1.));
#8192 = ( GEOMETRIC_REPRESENTATION_CONTEXT(2) 
PARAMETRIC_REPRESENTATION_CONTEXT() REPRESENTATION_CONTEXT('2D SPACE',''
  ) );
#8193 = PCURVE('',#8194,#8199);
#8194 = PLANE('',#8195);
#8195 = AXIS2_PLACEMENT_3D('',#8196,#8197,#8198);
#8196 = CARTESIAN_POINT('',(12.,18.,101.));
#8197 = DIRECTION('',(0.,0.,1.));
#8198 = DIRECTION('',(1.,0.,0.));
#8199 = DEFINITIONAL_REPRESENTATION('',(#8200),#8204);
#8200 = LINE('',#8201,#8202);
#8201 = CARTESIAN_POINT('',(3.5,6.));
#8202 = VECTOR('',#8203,1.);
#8203 = DIRECTION('',(-1.,0.));
#8204 = ( GEOMETRIC_REPRESENTATION_CONTEXT(2) 
PARAMETRIC_REPRESENTATION_CONTEXT() REPRESENTATION_CONTEXT('2D SPACE',''
  ) );
#8205 = ORIENTED_EDGE('',*,*,#8206,.F.);
#8206 = EDGE_CURVE('',#8207,#8179,#8209,.T.);
#8207 = VERTEX_POINT('',#8208);
#8208 = CARTESIAN_POINT('',(-13.6593413823,24.,100.3));
#8209 = SURFACE_CURVE('',#8210,(#8215,#8226),.PCURVE_S1.);
#8210 = CIRCLE('',#8211,4.);
#8211 = AXIS2_PLACEMENT_3D('',#8212,#8213,#8214);
#8212 = CARTESIAN_POINT('',(-17.,24.,102.5));
#8213 = DIRECTION('',(0.,-1.,0.));
#8214 = DIRECTION('',(0.927024810887,0.,0.375));
#8215 = PCURVE('',#5339,#8216);
#8216 = DEFINITIONAL_REPRESENTATION('',(#8217),#8225);
#8217 = ( BOUNDED_CURVE() B_SPLINE_CURVE(2,(#8218,#8219,#8220,#8221,
#8222,#8223,#8224),.UNSPECIFIED.,.T.,.F.) B_SPLINE_CURVE_WITH_KNOTS((1,2
    ,2,2,2,1),(-2.094395102393,0.,2.094395102393,4.188790204786,
6.28318530718,8.377580409573),.UNSPECIFIED.) CURVE() 
GEOMETRIC_REPRESENTATION_ITEM() RATIONAL_B_SPLINE_CURVE((1.,0.5,1.,0.5,
1.,0.5,1.)) REPRESENTATION_ITEM('') );
#8218 = CARTESIAN_POINT('',(20.,2.208099243548));
#8219 = CARTESIAN_POINT('',(26.422616289333,-0.389976967805));
#8220 = CARTESIAN_POINT('',(20.961308144666,-4.653087727451));
#8221 = CARTESIAN_POINT('',(15.5,-8.916198487096));
#8222 = CARTESIAN_POINT('',(14.538691855334,-2.055011516097));
#8223 = CARTESIAN_POINT('',(13.577383710667,4.806175454901));
#8224 = CARTESIAN_POINT('',(20.,2.208099243548));
#8225 = ( GEOMETRIC_REPRESENTATION_CONTEXT(2) 
PARAMETRIC_REPRESENTATION_CONTEXT() REPRESENTATION_CONTEXT('2D SPACE',''
  ) );
#8226 = PCURVE('',#8227,#8232);
#8227 = CYLINDRICAL_SURFACE('',#8228,4.);
#8228 = AXIS2_PLACEMENT_3D('',#8229,#8230,#8231);
#8229 = CARTESIAN_POINT('',(-17.,14.,102.5));
#8230 = DIRECTION('',(0.,1.,0.));
#8231 = DIRECTION('',(0.,-0.,1.));
#8232 = DEFINITIONAL_REPRESENTATION('',(#8233),#8237);
#8233 = LINE('',#8234,#8235);
#8234 = CARTESIAN_POINT('',(7.469584859479,10.));
#8235 = VECTOR('',#8236,1.);
#8236 = DIRECTION('',(-1.,-0.));
#8237 = ( GEOMETRIC_REPRESENTATION_CONTEXT(2) 
PARAMETRIC_REPRESENTATION_CONTEXT() REPRESENTATION_CONTEXT('2D SPACE',''
  ) );
#8238 = ORIENTED_EDGE('',*,*,#8239,.F.);
#8239 = EDGE_CURVE('',#8240,#8207,#8242,.T.);
#8240 = VERTEX_POINT('',#8241);
#8241 = CARTESIAN_POINT('',(-16.4,24.,100.3));
#8242 = SURFACE_CURVE('',#8243,(#8247,#8253),.PCURVE_S1.);
#8243 = LINE('',#8244,#8245);
#8244 = CARTESIAN_POINT('',(-15.95,24.,100.3));
#8245 = VECTOR('',#8246,1.);
#8246 = DIRECTION('',(1.,0.,0.));
#8247 = PCURVE('',#5339,#8248);
#8248 = DEFINITIONAL_REPRESENTATION('',(#8249),#8252);
#8249 = B_SPLINE_CURVE_WITH_KNOTS('',1,(#8250,#8251),.UNSPECIFIED.,.F.,
  .F.,(2,2),(-0.45,3.95),.PIECEWISE_BEZIER_KNOTS.);
#8250 = CARTESIAN_POINT('',(16.3,-0.9));
#8251 = CARTESIAN_POINT('',(16.3,3.5));
#8252 = ( GEOMETRIC_REPRESENTATION_CONTEXT(2) 
PARAMETRIC_REPRESENTATION_CONTEXT() REPRESENTATION_CONTEXT('2D SPACE',''
  ) );
#8253 = PCURVE('',#8254,#8259);
#8254 = PLANE('',#8255);
#8255 = AXIS2_PLACEMENT_3D('',#8256,#8257,#8258);
#8256 = CARTESIAN_POINT('',(-16.4,18.,100.3));
#8257 = DIRECTION('',(0.,0.,1.));
#8258 = DIRECTION('',(1.,0.,0.));
#8259 = DEFINITIONAL_REPRESENTATION('',(#8260),#8263);
#8260 = B_SPLINE_CURVE_WITH_KNOTS('',1,(#8261,#8262),.UNSPECIFIED.,.F.,
  .F.,(2,2),(-0.45,3.95),.PIECEWISE_BEZIER_KNOTS.);
#8261 = CARTESIAN_POINT('',(0.,6.));
#8262 = CARTESIAN_POINT('',(4.4,6.));
#8263 = ( GEOMETRIC_REPRESENTATION_CONTEXT(2) 
PARAMETRIC_REPRESENTATION_CONTEXT() REPRESENTATION_CONTEXT('2D SPACE',''
  ) );
#8264 = ORIENTED_EDGE('',*,*,#8265,.T.);
#8265 = EDGE_CURVE('',#8240,#7826,#8266,.T.);
#8266 = SURFACE_CURVE('',#8267,(#8271,#8277),.PCURVE_S1.);
#8267 = LINE('',#8268,#8269);
#8268 = CARTESIAN_POINT('',(-16.4,24.,85.85));
#8269 = VECTOR('',#8270,1.);
#8270 = DIRECTION('',(0.,0.,-1.));
#8271 = PCURVE('',#5339,#8272);
#8272 = DEFINITIONAL_REPRESENTATION('',(#8273),#8276);
#8273 = B_SPLINE_CURVE_WITH_KNOTS('',1,(#8274,#8275),.UNSPECIFIED.,.F.,
  .F.,(2,2),(-14.45,-12.65),.PIECEWISE_BEZIER_KNOTS.);
#8274 = CARTESIAN_POINT('',(16.3,-0.9));
#8275 = CARTESIAN_POINT('',(14.5,-0.9));
#8276 = ( GEOMETRIC_REPRESENTATION_CONTEXT(2) 
PARAMETRIC_REPRESENTATION_CONTEXT() REPRESENTATION_CONTEXT('2D SPACE',''
  ) );
#8277 = PCURVE('',#7868,#8278);
#8278 = DEFINITIONAL_REPRESENTATION('',(#8279),#8282);
#8279 = B_SPLINE_CURVE_WITH_KNOTS('',1,(#8280,#8281),.UNSPECIFIED.,.F.,
  .F.,(2,2),(-14.45,-12.65),.PIECEWISE_BEZIER_KNOTS.);
#8280 = CARTESIAN_POINT('',(12.6,-6.));
#8281 = CARTESIAN_POINT('',(10.8,-6.));
#8282 = ( GEOMETRIC_REPRESENTATION_CONTEXT(2) 
PARAMETRIC_REPRESENTATION_CONTEXT() REPRESENTATION_CONTEXT('2D SPACE',''
  ) );
#8283 = ORIENTED_EDGE('',*,*,#7825,.F.);
#8284 = FACE_BOUND('',#8285,.T.);
#8285 = EDGE_LOOP('',(#8286));
#8286 = ORIENTED_EDGE('',*,*,#8287,.F.);
#8287 = EDGE_CURVE('',#8288,#8288,#8290,.T.);
#8288 = VERTEX_POINT('',#8289);
#8289 = CARTESIAN_POINT('',(-17.,24.,103.4));
#8290 = SURFACE_CURVE('',#8291,(#8296,#8303),.PCURVE_S1.);
#8291 = CIRCLE('',#8292,0.9);
#8292 = AXIS2_PLACEMENT_3D('',#8293,#8294,#8295);
#8293 = CARTESIAN_POINT('',(-17.,24.,102.5));
#8294 = DIRECTION('',(0.,1.,0.));
#8295 = DIRECTION('',(0.,-0.,1.));
#8296 = PCURVE('',#5339,#8297);
#8297 = DEFINITIONAL_REPRESENTATION('',(#8298),#8302);
#8298 = CIRCLE('',#8299,0.9);
#8299 = AXIS2_PLACEMENT_2D('',#8300,#8301);
#8300 = CARTESIAN_POINT('',(18.5,-1.5));
#8301 = DIRECTION('',(1.,0.));
#8302 = ( GEOMETRIC_REPRESENTATION_CONTEXT(2) 
PARAMETRIC_REPRESENTATION_CONTEXT() REPRESENTATION_CONTEXT('2D SPACE',''
  ) );
#8303 = PCURVE('',#7808,#8304);
#8304 = DEFINITIONAL_REPRESENTATION('',(#8305),#8309);
#8305 = LINE('',#8306,#8307);
#8306 = CARTESIAN_POINT('',(0.,10.5));
#8307 = VECTOR('',#8308,1.);
#8308 = DIRECTION('',(1.,0.));
#8309 = ( GEOMETRIC_REPRESENTATION_CONTEXT(2) 
PARAMETRIC_REPRESENTATION_CONTEXT() REPRESENTATION_CONTEXT('2D SPACE',''
  ) );
#8310 = FACE_BOUND('',#8311,.T.);
#8311 = EDGE_LOOP('',(#8312));
#8312 = ORIENTED_EDGE('',*,*,#8313,.F.);
#8313 = EDGE_CURVE('',#8314,#8314,#8316,.T.);
#8314 = VERTEX_POINT('',#8315);
#8315 = CARTESIAN_POINT('',(17.,24.,103.4));
#8316 = SURFACE_CURVE('',#8317,(#8322,#8329),.PCURVE_S1.);
#8317 = CIRCLE('',#8318,0.9);
#8318 = AXIS2_PLACEMENT_3D('',#8319,#8320,#8321);
#8319 = CARTESIAN_POINT('',(17.,24.,102.5));
#8320 = DIRECTION('',(0.,1.,0.));
#8321 = DIRECTION('',(0.,-0.,1.));
#8322 = PCURVE('',#5339,#8323);
#8323 = DEFINITIONAL_REPRESENTATION('',(#8324),#8328);
#8324 = CIRCLE('',#8325,0.9);
#8325 = AXIS2_PLACEMENT_2D('',#8326,#8327);
#8326 = CARTESIAN_POINT('',(18.5,32.5));
#8327 = DIRECTION('',(1.,0.));
#8328 = ( GEOMETRIC_REPRESENTATION_CONTEXT(2) 
PARAMETRIC_REPRESENTATION_CONTEXT() REPRESENTATION_CONTEXT('2D SPACE',''
  ) );
#8329 = PCURVE('',#8330,#8335);
#8330 = CYLINDRICAL_SURFACE('',#8331,0.9);
#8331 = AXIS2_PLACEMENT_3D('',#8332,#8333,#8334);
#8332 = CARTESIAN_POINT('',(17.,13.5,102.5));
#8333 = DIRECTION('',(0.,1.,0.));
#8334 = DIRECTION('',(0.,-0.,1.));
#8335 = DEFINITIONAL_REPRESENTATION('',(#8336),#8340);
#8336 = LINE('',#8337,#8338);
#8337 = CARTESIAN_POINT('',(0.,10.5));
#8338 = VECTOR('',#8339,1.);
#8339 = DIRECTION('',(1.,0.));
#8340 = ( GEOMETRIC_REPRESENTATION_CONTEXT(2) 
PARAMETRIC_REPRESENTATION_CONTEXT() REPRESENTATION_CONTEXT('2D SPACE',''
  ) );
#8341 = ADVANCED_FACE('',(#8342),#5312,.T.);
#8342 = FACE_BOUND('',#8343,.T.);
#8343 = EDGE_LOOP('',(#8344,#8345,#8369,#8550,#8576,#8605,#8624));
#8344 = ORIENTED_EDGE('',*,*,#5297,.F.);
#8345 = ORIENTED_EDGE('',*,*,#8346,.T.);
#8346 = EDGE_CURVE('',#5272,#8347,#8349,.T.);
#8347 = VERTEX_POINT('',#8348);
#8348 = CARTESIAN_POINT('',(18.890484634707,14.,98.974937185533));
#8349 = SURFACE_CURVE('',#8350,(#8355,#8362),.PCURVE_S1.);
#8350 = CIRCLE('',#8351,4.);
#8351 = AXIS2_PLACEMENT_3D('',#8352,#8353,#8354);
#8352 = CARTESIAN_POINT('',(17.,14.,102.5));
#8353 = DIRECTION('',(0.,1.,-0.));
#8354 = DIRECTION('',(-0.927024810887,0.,0.375));
#8355 = PCURVE('',#5312,#8356);
#8356 = DEFINITIONAL_REPRESENTATION('',(#8357),#8361);
#8357 = LINE('',#8358,#8359);
#8358 = CARTESIAN_POINT('',(5.09678575488,0.));
#8359 = VECTOR('',#8360,1.);
#8360 = DIRECTION('',(1.,0.));
#8361 = ( GEOMETRIC_REPRESENTATION_CONTEXT(2) 
PARAMETRIC_REPRESENTATION_CONTEXT() REPRESENTATION_CONTEXT('2D SPACE',''
  ) );
#8362 = PCURVE('',#5286,#8363);
#8363 = DEFINITIONAL_REPRESENTATION('',(#8364),#8368);
#8364 = CIRCLE('',#8365,4.);
#8365 = AXIS2_PLACEMENT_2D('',#8366,#8367);
#8366 = CARTESIAN_POINT('',(0.,0.));
#8367 = DIRECTION('',(0.375,-0.927024810887));
#8368 = ( GEOMETRIC_REPRESENTATION_CONTEXT(2) 
PARAMETRIC_REPRESENTATION_CONTEXT() REPRESENTATION_CONTEXT('2D SPACE',''
  ) );
#8369 = ORIENTED_EDGE('',*,*,#8370,.T.);
#8370 = EDGE_CURVE('',#8347,#8371,#8373,.T.);
#8371 = VERTEX_POINT('',#8372);
#8372 = CARTESIAN_POINT('',(15.5,14.927475793249,98.791900756452));
#8373 = SURFACE_CURVE('',#8374,(#8429,#8487),.PCURVE_S1.);
#8374 = B_SPLINE_CURVE_WITH_KNOTS('',5,(#8375,#8376,#8377,#8378,#8379,
    #8380,#8381,#8382,#8383,#8384,#8385,#8386,#8387,#8388,#8389,#8390,
    #8391,#8392,#8393,#8394,#8395,#8396,#8397,#8398,#8399,#8400,#8401,
    #8402,#8403,#8404,#8405,#8406,#8407,#8408,#8409,#8410,#8411,#8412,
    #8413,#8414,#8415,#8416,#8417,#8418,#8419,#8420,#8421,#8422,#8423,
    #8424,#8425,#8426,#8427,#8428),.UNSPECIFIED.,.F.,.F.,(6,4,4,4,4,4,4,
    4,4,4,4,4,4,6),(0.,0.145158964816,0.209710815853,0.250543023017,
    0.278771363806,0.356560944324,0.423470256605,0.499025625817,
    0.576337321626,0.643126843115,0.750489306896,0.791067821242,
    0.856049187026,1.),.UNSPECIFIED.);
#8375 = CARTESIAN_POINT('',(18.890484747148,13.9999994,98.974937245835)
  );
#8376 = CARTESIAN_POINT('',(18.860759258343,14.158617759351,
    98.958995520224));
#8377 = CARTESIAN_POINT('',(18.818819708383,14.314861320724,
    98.936907361968));
#8378 = CARTESIAN_POINT('',(18.764334565853,14.466789800155,
    98.909145599993));
#8379 = CARTESIAN_POINT('',(18.696960311143,14.612554241591,
    98.876729589922));
#8380 = CARTESIAN_POINT('',(18.580528268638,14.811696525681,
    98.825293817888));
#8381 = CARTESIAN_POINT('',(18.542095983406,14.871392651794,
    98.808840184047));
#8382 = CARTESIAN_POINT('',(18.501082114337,14.929276577487,
    98.791910943161));
#8383 = CARTESIAN_POINT('',(18.45751674585,14.985157802506,
    98.774671977687));
#8384 = CARTESIAN_POINT('',(18.382310813278,15.072836223578,
    98.74631025825));
#8385 = CARTESIAN_POINT('',(18.352174010207,15.105934236489,98.735268865
    ));
#8386 = CARTESIAN_POINT('',(18.321056336522,15.138110745004,
    98.7242213679));
#8387 = CARTESIAN_POINT('',(18.28898057819,15.169320745144,
    98.713215409638));
#8388 = CARTESIAN_POINT('',(18.233158652329,15.220400525116,
    98.694753976328));
#8389 = CARTESIAN_POINT('',(18.209897514924,15.240797117962,
    98.687251138166));
#8390 = CARTESIAN_POINT('',(18.186201936648,15.260697598448,
    98.679807679612));
#8391 = CARTESIAN_POINT('',(18.16208288716,15.280088904521,
    98.672439674941));
#8392 = CARTESIAN_POINT('',(18.069954194493,15.350959345569,
    98.645110939489));
#8393 = CARTESIAN_POINT('',(17.999237375647,15.398997762712,
    98.625754290562));
#8394 = CARTESIAN_POINT('',(17.925656838083,15.442824301876,
    98.60742542771));
#8395 = CARTESIAN_POINT('',(17.849533077019,15.482249362027,
    98.590440199746));
#8396 = CARTESIAN_POINT('',(17.70392292059,15.547145202579,
    98.561827709505));
#8397 = CARTESIAN_POINT('',(17.634997632909,15.573796344335,
    98.549783376048));
#8398 = CARTESIAN_POINT('',(17.564698980168,15.597015943098,
    98.539085513067));
#8399 = CARTESIAN_POINT('',(17.493272395251,15.616751747889,
    98.52986574236));
#8400 = CARTESIAN_POINT('',(17.339361222919,15.651287105983,
    98.513576617273));
#8401 = CARTESIAN_POINT('',(17.256634999572,15.665120309302,
    98.506938189692));
#8402 = CARTESIAN_POINT('',(17.173159807308,15.674433020827,
    98.502429870987));
#8403 = CARTESIAN_POINT('',(17.089300216904,15.679206605814,
    98.500117624851));
#8404 = CARTESIAN_POINT('',(16.919618405573,15.679682563587,
    98.499887108976));
#8405 = CARTESIAN_POINT('',(16.833779696939,15.675171441425,
    98.502071852015));
#8406 = CARTESIAN_POINT('',(16.748322487828,15.665906994577,
    98.506560621033));
#8407 = CARTESIAN_POINT('',(16.663637918478,15.651908071262,
    98.51328248802));
#8408 = CARTESIAN_POINT('',(16.5079357525,15.617067130442,
    98.529718044976));
#8409 = CARTESIAN_POINT('',(16.436622642807,15.597414908372,
    98.538900462589));
#8410 = CARTESIAN_POINT('',(16.366430702895,15.574290896281,
    98.549556903042));
#8411 = CARTESIAN_POINT('',(16.297604124983,15.547746865907,
    98.561556753391));
#8412 = CARTESIAN_POINT('',(16.122274949626,15.469809110724,
    98.595934049981));
#8413 = CARTESIAN_POINT('',(16.018275764463,15.413111537233,
    98.620188904686));
#8414 = CARTESIAN_POINT('',(15.919397047406,15.348122403725,
    98.646823322406));
#8415 = CARTESIAN_POINT('',(15.826419741572,15.275397242608,
    98.674947940552));
#8416 = CARTESIAN_POINT('',(15.707174354974,15.165604875886,
    98.714529156259));
#8417 = CARTESIAN_POINT('',(15.675386482851,15.134496718696,
    98.725471679377));
#8418 = CARTESIAN_POINT('',(15.644546536476,15.102437027643,
    98.736451931293));
#8419 = CARTESIAN_POINT('',(15.614676611392,15.069470085107,
    98.747423209561));
#8420 = CARTESIAN_POINT('',(15.539538876643,14.981472207147,
    98.775822459161));
#8421 = CARTESIAN_POINT('',(15.495821824457,14.925104385844,
    98.79316270528));
#8422 = CARTESIAN_POINT('',(15.45469216191,14.866714958872,
    98.810181706599));
#8423 = CARTESIAN_POINT('',(15.416179797898,14.806498587127,
    98.826710766355));
#8424 = CARTESIAN_POINT('',(15.300802332743,14.607701795325,
    98.877806496033));
#8425 = CARTESIAN_POINT('',(15.234308786699,14.462997235705,
    98.90983719144));
#8426 = CARTESIAN_POINT('',(15.180485589712,14.312266525703,
    98.937273250245));
#8427 = CARTESIAN_POINT('',(15.138995111957,14.15730685051,
    98.959127252197));
#8428 = CARTESIAN_POINT('',(15.109515365293,14.,98.974937185533));
#8429 = PCURVE('',#5312,#8430);
#8430 = DEFINITIONAL_REPRESENTATION('',(#8431),#8486);
#8431 = B_SPLINE_CURVE_WITH_KNOTS('',5,(#8432,#8433,#8434,#8435,#8436,
    #8437,#8438,#8439,#8440,#8441,#8442,#8443,#8444,#8445,#8446,#8447,
    #8448,#8449,#8450,#8451,#8452,#8453,#8454,#8455,#8456,#8457,#8458,
    #8459,#8460,#8461,#8462,#8463,#8464,#8465,#8466,#8467,#8468,#8469,
    #8470,#8471,#8472,#8473,#8474,#8475,#8476,#8477,#8478,#8479,#8480,
    #8481,#8482,#8483,#8484,#8485),.UNSPECIFIED.,.F.,.F.,(6,4,4,4,4,4,4,
    4,4,4,4,4,4,6),(0.,0.145158964816,0.209710815853,0.250543023017,
    0.278771363806,0.356560944324,0.423470256605,0.499025625817,
    0.576337321626,0.643126843115,0.750489306896,0.791067821242,
    0.856049187026,1.),.UNSPECIFIED.);
#8432 = CARTESIAN_POINT('',(8.932515203445,-6.E-07));
#8433 = CARTESIAN_POINT('',(8.940947816105,0.158617759351));
#8434 = CARTESIAN_POINT('',(8.952797491653,0.314861320724));
#8435 = CARTESIAN_POINT('',(8.968083478957,0.466789800155));
#8436 = CARTESIAN_POINT('',(8.986765467018,0.612554241591));
#8437 = CARTESIAN_POINT('',(9.0185872944,0.811696525681));
#8438 = CARTESIAN_POINT('',(9.029038170291,0.871392651794));
#8439 = CARTESIAN_POINT('',(9.040129399987,0.929276577487));
#8440 = CARTESIAN_POINT('',(9.051840903261,0.985157802506));
#8441 = CARTESIAN_POINT('',(9.071934931328,1.072836223578));
#8442 = CARTESIAN_POINT('',(9.079958520976,1.105934236489));
#8443 = CARTESIAN_POINT('',(9.088213071162,1.138110745004));
#8444 = CARTESIAN_POINT('',(9.096690405812,1.169320745144));
#8445 = CARTESIAN_POINT('',(9.111389283164,1.220400525116));
#8446 = CARTESIAN_POINT('',(9.11749942076,1.240797117962));
#8447 = CARTESIAN_POINT('',(9.123708466464,1.260697598448));
#8448 = CARTESIAN_POINT('',(9.130013098531,1.280088904521));
#8449 = CARTESIAN_POINT('',(9.154037247571,1.350959345569));
#8450 = CARTESIAN_POINT('',(9.172362678515,1.398997762712));
#8451 = CARTESIAN_POINT('',(9.19131274092,1.442824301876));
#8452 = CARTESIAN_POINT('',(9.210805304088,1.482249362027));
#8453 = CARTESIAN_POINT('',(9.247903983523,1.547145202579));
#8454 = CARTESIAN_POINT('',(9.265392548577,1.573796344335));
#8455 = CARTESIAN_POINT('',(9.283163603102,1.597015943098));
#8456 = CARTESIAN_POINT('',(9.301163659711,1.616751747889));
#8457 = CARTESIAN_POINT('',(9.339856346815,1.651287105983));
#8458 = CARTESIAN_POINT('',(9.360597506416,1.665120309302));
#8459 = CARTESIAN_POINT('',(9.381487421144,1.674433020827));
#8460 = CARTESIAN_POINT('',(9.402452886778,1.679206605814));
#8461 = CARTESIAN_POINT('',(9.444873378756,1.679682563587));
#8462 = CARTESIAN_POINT('',(9.46633229105,1.675171441425));
#8463 = CARTESIAN_POINT('',(9.487715634366,1.665906994577));
#8464 = CARTESIAN_POINT('',(9.508946213751,1.651908071262));
#8465 = CARTESIAN_POINT('',(9.548088016871,1.617067130442));
#8466 = CARTESIAN_POINT('',(9.566058767465,1.597414908372));
#8467 = CARTESIAN_POINT('',(9.583801918794,1.574290896281));
#8468 = CARTESIAN_POINT('',(9.601264277749,1.547746865907));
#8469 = CARTESIAN_POINT('',(9.64593118262,1.469809110724));
#8470 = CARTESIAN_POINT('',(9.672611777757,1.413111537233));
#8471 = CARTESIAN_POINT('',(9.698194692869,1.348122403725));
#8472 = CARTESIAN_POINT('',(9.722470577263,1.275397242608));
#8473 = CARTESIAN_POINT('',(9.753881298822,1.165604875886));
#8474 = CARTESIAN_POINT('',(9.762285428556,1.134496718696));
#8475 = CARTESIAN_POINT('',(9.77046894194,1.102437027643));
#8476 = CARTESIAN_POINT('',(9.778423865874,1.069470085107));
#8477 = CARTESIAN_POINT('',(9.798505257386,0.981472207147));
#8478 = CARTESIAN_POINT('',(9.810261320828,0.925104385844));
#8479 = CARTESIAN_POINT('',(9.821387862854,0.866714958872));
#8480 = CARTESIAN_POINT('',(9.831864565554,0.806498587127));
#8481 = CARTESIAN_POINT('',(9.863410893646,0.607701795325));
#8482 = CARTESIAN_POINT('',(9.881853099394,0.462997235705));
#8483 = CARTESIAN_POINT('',(9.896954711418,0.312266525703));
#8484 = CARTESIAN_POINT('',(9.908677786521,0.15730685051));
#8485 = CARTESIAN_POINT('',(9.917040686196,3.630429290524E-14));
#8486 = ( GEOMETRIC_REPRESENTATION_CONTEXT(2) 
PARAMETRIC_REPRESENTATION_CONTEXT() REPRESENTATION_CONTEXT('2D SPACE',''
  ) );
#8487 = PCURVE('',#8488,#8493);
#8488 = CYLINDRICAL_SURFACE('',#8489,5.);
#8489 = AXIS2_PLACEMENT_3D('',#8490,#8491,#8492);
#8490 = CARTESIAN_POINT('',(11.5,13.5,94.));
#8491 = DIRECTION('',(1.,0.,0.));
#8492 = DIRECTION('',(-0.,0.,1.));
#8493 = DEFINITIONAL_REPRESENTATION('',(#8494),#8549);
#8494 = B_SPLINE_CURVE_WITH_KNOTS('',5,(#8495,#8496,#8497,#8498,#8499,
    #8500,#8501,#8502,#8503,#8504,#8505,#8506,#8507,#8508,#8509,#8510,
    #8511,#8512,#8513,#8514,#8515,#8516,#8517,#8518,#8519,#8520,#8521,
    #8522,#8523,#8524,#8525,#8526,#8527,#8528,#8529,#8530,#8531,#8532,
    #8533,#8534,#8535,#8536,#8537,#8538,#8539,#8540,#8541,#8542,#8543,
    #8544,#8545,#8546,#8547,#8548),.UNSPECIFIED.,.F.,.F.,(6,4,4,4,4,4,4,
    4,4,4,4,4,4,6),(0.,0.145158964816,0.209710815853,0.250543023017,
    0.278771363806,0.356560944324,0.423470256605,0.499025625817,
    0.576337321626,0.643126843115,0.750489306896,0.791067821242,
    0.856049187026,1.),.UNSPECIFIED.);
#8495 = CARTESIAN_POINT('',(6.183018006623,7.390484747148));
#8496 = CARTESIAN_POINT('',(6.151134517141,7.360759258343));
#8497 = CARTESIAN_POINT('',(6.119600760089,7.318819708383));
#8498 = CARTESIAN_POINT('',(6.088744279499,7.264334565853));
#8499 = CARTESIAN_POINT('',(6.058896329158,7.196960311143));
#8500 = CARTESIAN_POINT('',(6.017760802927,7.080528268638));
#8501 = CARTESIAN_POINT('',(6.005378001801,7.042095983406));
#8502 = CARTESIAN_POINT('',(5.993318095238,7.001082114337));
#8503 = CARTESIAN_POINT('',(5.981623207423,6.95751674585));
#8504 = CARTESIAN_POINT('',(5.963192914261,6.882310813278));
#8505 = CARTESIAN_POINT('',(5.956214980251,6.852174010207));
#8506 = CARTESIAN_POINT('',(5.949411265281,6.821056336522));
#8507 = CARTESIAN_POINT('',(5.942792719746,6.78898057819));
#8508 = CARTESIAN_POINT('',(5.931929997358,6.733158652329));
#8509 = CARTESIAN_POINT('',(5.927583511763,6.709897514924));
#8510 = CARTESIAN_POINT('',(5.923334195634,6.686201936648));
#8511 = CARTESIAN_POINT('',(5.919185461775,6.66208288716));
#8512 = CARTESIAN_POINT('',(5.903994044204,6.569954194493));
#8513 = CARTESIAN_POINT('',(5.893636893903,6.499237375647));
#8514 = CARTESIAN_POINT('',(5.884136755176,6.425656838083));
#8515 = CARTESIAN_POINT('',(5.875551411852,6.349533077019));
#8516 = CARTESIAN_POINT('',(5.861366709221,6.20392292059));
#8517 = CARTESIAN_POINT('',(5.855517684895,6.134997632909));
#8518 = CARTESIAN_POINT('',(5.850404695646,6.064698980168));
#8519 = CARTESIAN_POINT('',(5.846048093375,5.993272395251));
#8520 = CARTESIAN_POINT('',(5.838411270594,5.839361222919));
#8521 = CARTESIAN_POINT('',(5.835342589015,5.756634999572));
#8522 = CARTESIAN_POINT('',(5.833273309398,5.673159807308));
#8523 = CARTESIAN_POINT('',(5.832212465552,5.589300216904));
#8524 = CARTESIAN_POINT('',(5.832106697245,5.419618405573));
#8525 = CARTESIAN_POINT('',(5.833109156613,5.333779696939));
#8526 = CARTESIAN_POINT('',(5.835168097148,5.248322487828));
#8527 = CARTESIAN_POINT('',(5.838273850264,5.163637918478));
#8528 = CARTESIAN_POINT('',(5.845978442894,5.0079357525));
#8529 = CARTESIAN_POINT('',(5.850316738223,4.936622642807));
#8530 = CARTESIAN_POINT('',(5.855408899103,4.866430702895));
#8531 = CARTESIAN_POINT('',(5.861234741123,4.797604124983));
#8532 = CARTESIAN_POINT('',(5.878271280917,4.622274949626));
#8533 = CARTESIAN_POINT('',(5.890604097179,4.518275764463));
#8534 = CARTESIAN_POINT('',(5.904648482747,4.419397047406));
#8535 = CARTESIAN_POINT('',(5.920239117657,4.326419741572));
#8536 = CARTESIAN_POINT('',(5.943580956854,4.207174354974));
#8537 = CARTESIAN_POINT('',(5.950176077722,4.175386482851));
#8538 = CARTESIAN_POINT('',(5.956953333793,4.144546536476));
#8539 = CARTESIAN_POINT('',(5.963901969053,4.114676611392));
#8540 = CARTESIAN_POINT('',(5.982395366689,4.039538876643));
#8541 = CARTESIAN_POINT('',(5.99418919653,3.995821824457));
#8542 = CARTESIAN_POINT('',(6.006351135234,3.95469216191));
#8543 = CARTESIAN_POINT('',(6.018838219351,3.916179797898));
#8544 = CARTESIAN_POINT('',(6.059889863909,3.800802332743));
#8545 = CARTESIAN_POINT('',(6.089514501157,3.734308786699));
#8546 = CARTESIAN_POINT('',(6.120124430266,3.680485589712));
#8547 = CARTESIAN_POINT('',(6.151398019346,3.638995111957));
#8548 = CARTESIAN_POINT('',(6.183017886018,3.609515365293));
#8549 = ( GEOMETRIC_REPRESENTATION_CONTEXT(2) 
PARAMETRIC_REPRESENTATION_CONTEXT() REPRESENTATION_CONTEXT('2D SPACE',''
  ) );
#8550 = ORIENTED_EDGE('',*,*,#8551,.T.);
#8551 = EDGE_CURVE('',#8371,#8552,#8554,.T.);
#8552 = VERTEX_POINT('',#8553);
#8553 = CARTESIAN_POINT('',(15.5,18.,98.791900756452));
#8554 = SURFACE_CURVE('',#8555,(#8559,#8565),.PCURVE_S1.);
#8555 = LINE('',#8556,#8557);
#8556 = CARTESIAN_POINT('',(15.5,14.,98.791900756452));
#8557 = VECTOR('',#8558,1.);
#8558 = DIRECTION('',(0.,1.,0.));
#8559 = PCURVE('',#5312,#8560);
#8560 = DEFINITIONAL_REPRESENTATION('',(#8561),#8564);
#8561 = B_SPLINE_CURVE_WITH_KNOTS('',1,(#8562,#8563),.UNSPECIFIED.,.F.,
  .F.,(2,2),(0.927475793249,4.),.PIECEWISE_BEZIER_KNOTS.);
#8562 = CARTESIAN_POINT('',(9.809174735265,0.927475793249));
#8563 = CARTESIAN_POINT('',(9.809174735265,4.));
#8564 = ( GEOMETRIC_REPRESENTATION_CONTEXT(2) 
PARAMETRIC_REPRESENTATION_CONTEXT() REPRESENTATION_CONTEXT('2D SPACE',''
  ) );
#8565 = PCURVE('',#8566,#8571);
#8566 = PLANE('',#8567);
#8567 = AXIS2_PLACEMENT_3D('',#8568,#8569,#8570);
#8568 = CARTESIAN_POINT('',(15.5,2.5,84.));
#8569 = DIRECTION('',(1.,0.,0.));
#8570 = DIRECTION('',(0.,0.,1.));
#8571 = DEFINITIONAL_REPRESENTATION('',(#8572),#8575);
#8572 = B_SPLINE_CURVE_WITH_KNOTS('',1,(#8573,#8574),.UNSPECIFIED.,.F.,
  .F.,(2,2),(-5.999999999062E-07,10.0000006),.PIECEWISE_BEZIER_KNOTS.);
#8573 = CARTESIAN_POINT('',(14.791900756452,-11.4999994));
#8574 = CARTESIAN_POINT('',(14.791900756452,-21.5000006));
#8575 = ( GEOMETRIC_REPRESENTATION_CONTEXT(2) 
PARAMETRIC_REPRESENTATION_CONTEXT() REPRESENTATION_CONTEXT('2D SPACE',''
  ) );
#8576 = ORIENTED_EDGE('',*,*,#8577,.F.);
#8577 = EDGE_CURVE('',#8578,#8552,#8580,.T.);
#8578 = VERTEX_POINT('',#8579);
#8579 = CARTESIAN_POINT('',(16.4,18.,98.545256013343));
#8580 = SURFACE_CURVE('',#8581,(#8586,#8593),.PCURVE_S1.);
#8581 = CIRCLE('',#8582,4.);
#8582 = AXIS2_PLACEMENT_3D('',#8583,#8584,#8585);
#8583 = CARTESIAN_POINT('',(17.,18.,102.5));
#8584 = DIRECTION('',(0.,1.,0.));
#8585 = DIRECTION('',(0.,-0.,1.));
#8586 = PCURVE('',#5312,#8587);
#8587 = DEFINITIONAL_REPRESENTATION('',(#8588),#8592);
#8588 = LINE('',#8589,#8590);
#8589 = CARTESIAN_POINT('',(6.28318530718,4.));
#8590 = VECTOR('',#8591,1.);
#8591 = DIRECTION('',(1.,0.));
#8592 = ( GEOMETRIC_REPRESENTATION_CONTEXT(2) 
PARAMETRIC_REPRESENTATION_CONTEXT() REPRESENTATION_CONTEXT('2D SPACE',''
  ) );
#8593 = PCURVE('',#8594,#8599);
#8594 = PLANE('',#8595);
#8595 = AXIS2_PLACEMENT_3D('',#8596,#8597,#8598);
#8596 = CARTESIAN_POINT('',(12.,18.,87.7));
#8597 = DIRECTION('',(0.,1.,0.));
#8598 = DIRECTION('',(0.,0.,1.));
#8599 = DEFINITIONAL_REPRESENTATION('',(#8600),#8604);
#8600 = CIRCLE('',#8601,4.);
#8601 = AXIS2_PLACEMENT_2D('',#8602,#8603);
#8602 = CARTESIAN_POINT('',(14.8,5.));
#8603 = DIRECTION('',(1.,0.));
#8604 = ( GEOMETRIC_REPRESENTATION_CONTEXT(2) 
PARAMETRIC_REPRESENTATION_CONTEXT() REPRESENTATION_CONTEXT('2D SPACE',''
  ) );
#8605 = ORIENTED_EDGE('',*,*,#8606,.T.);
#8606 = EDGE_CURVE('',#8578,#8074,#8607,.T.);
#8607 = SURFACE_CURVE('',#8608,(#8612,#8618),.PCURVE_S1.);
#8608 = LINE('',#8609,#8610);
#8609 = CARTESIAN_POINT('',(16.4,14.,98.545256013343));
#8610 = VECTOR('',#8611,1.);
#8611 = DIRECTION('',(0.,1.,0.));
#8612 = PCURVE('',#5312,#8613);
#8613 = DEFINITIONAL_REPRESENTATION('',(#8614),#8617);
#8614 = B_SPLINE_CURVE_WITH_KNOTS('',1,(#8615,#8616),.UNSPECIFIED.,.F.,
  .F.,(2,2),(3.35,10.0000006),.PIECEWISE_BEZIER_KNOTS.);
#8615 = CARTESIAN_POINT('',(9.575346233546,3.35));
#8616 = CARTESIAN_POINT('',(9.575346233546,10.0000006));
#8617 = ( GEOMETRIC_REPRESENTATION_CONTEXT(2) 
PARAMETRIC_REPRESENTATION_CONTEXT() REPRESENTATION_CONTEXT('2D SPACE',''
  ) );
#8618 = PCURVE('',#8112,#8619);
#8619 = DEFINITIONAL_REPRESENTATION('',(#8620),#8623);
#8620 = B_SPLINE_CURVE_WITH_KNOTS('',1,(#8621,#8622),.UNSPECIFIED.,.F.,
  .F.,(2,2),(3.35,10.0000006),.PIECEWISE_BEZIER_KNOTS.);
#8621 = CARTESIAN_POINT('',(10.845256013343,0.65));
#8622 = CARTESIAN_POINT('',(10.845256013343,-6.0000006));
#8623 = ( GEOMETRIC_REPRESENTATION_CONTEXT(2) 
PARAMETRIC_REPRESENTATION_CONTEXT() REPRESENTATION_CONTEXT('2D SPACE',''
  ) );
#8624 = ORIENTED_EDGE('',*,*,#8073,.F.);
#8625 = ADVANCED_FACE('',(#8626,#8670),#5286,.F.);
#8626 = FACE_BOUND('',#8627,.F.);
#8627 = EDGE_LOOP('',(#8628,#8629,#8630,#8651));
#8628 = ORIENTED_EDGE('',*,*,#5271,.T.);
#8629 = ORIENTED_EDGE('',*,*,#8346,.T.);
#8630 = ORIENTED_EDGE('',*,*,#8631,.F.);
#8631 = EDGE_CURVE('',#8632,#8347,#8634,.T.);
#8632 = VERTEX_POINT('',#8633);
#8633 = CARTESIAN_POINT('',(15.5,14.,98.974937185533));
#8634 = SURFACE_CURVE('',#8635,(#8639,#8645),.PCURVE_S1.);
#8635 = LINE('',#8636,#8637);
#8636 = CARTESIAN_POINT('',(11.5,14.,98.974937185533));
#8637 = VECTOR('',#8638,1.);
#8638 = DIRECTION('',(1.,0.,0.));
#8639 = PCURVE('',#5286,#8640);
#8640 = DEFINITIONAL_REPRESENTATION('',(#8641),#8644);
#8641 = B_SPLINE_CURVE_WITH_KNOTS('',1,(#8642,#8643),.UNSPECIFIED.,.F.,
  .F.,(2,2),(1.021090832097,10.270809924355),.PIECEWISE_BEZIER_KNOTS.);
#8642 = CARTESIAN_POINT('',(-3.525062814467,-4.478909167903));
#8643 = CARTESIAN_POINT('',(-3.525062814467,4.770809924355));
#8644 = ( GEOMETRIC_REPRESENTATION_CONTEXT(2) 
PARAMETRIC_REPRESENTATION_CONTEXT() REPRESENTATION_CONTEXT('2D SPACE',''
  ) );
#8645 = PCURVE('',#8488,#8646);
#8646 = DEFINITIONAL_REPRESENTATION('',(#8647),#8650);
#8647 = B_SPLINE_CURVE_WITH_KNOTS('',1,(#8648,#8649),.UNSPECIFIED.,.F.,
  .F.,(2,2),(1.021090832097,10.270809924355),.PIECEWISE_BEZIER_KNOTS.);
#8648 = CARTESIAN_POINT('',(6.183017886018,1.021090832097));
#8649 = CARTESIAN_POINT('',(6.183017886018,10.270809924355));
#8650 = ( GEOMETRIC_REPRESENTATION_CONTEXT(2) 
PARAMETRIC_REPRESENTATION_CONTEXT() REPRESENTATION_CONTEXT('2D SPACE',''
  ) );
#8651 = ORIENTED_EDGE('',*,*,#8652,.T.);
#8652 = EDGE_CURVE('',#8632,#5244,#8653,.T.);
#8653 = SURFACE_CURVE('',#8654,(#8658,#8664),.PCURVE_S1.);
#8654 = LINE('',#8655,#8656);
#8655 = CARTESIAN_POINT('',(15.5,14.,93.25));
#8656 = VECTOR('',#8657,1.);
#8657 = DIRECTION('',(0.,0.,1.));
#8658 = PCURVE('',#5286,#8659);
#8659 = DEFINITIONAL_REPRESENTATION('',(#8660),#8663);
#8660 = B_SPLINE_CURVE_WITH_KNOTS('',1,(#8661,#8662),.UNSPECIFIED.,.F.,
  .F.,(2,2),(5.25,10.75),.PIECEWISE_BEZIER_KNOTS.);
#8661 = CARTESIAN_POINT('',(-4.,-1.5));
#8662 = CARTESIAN_POINT('',(1.5,-1.5));
#8663 = ( GEOMETRIC_REPRESENTATION_CONTEXT(2) 
PARAMETRIC_REPRESENTATION_CONTEXT() REPRESENTATION_CONTEXT('2D SPACE',''
  ) );
#8664 = PCURVE('',#5259,#8665);
#8665 = DEFINITIONAL_REPRESENTATION('',(#8666),#8669);
#8666 = B_SPLINE_CURVE_WITH_KNOTS('',1,(#8667,#8668),.UNSPECIFIED.,.F.,
  .F.,(2,2),(5.25,10.75),.PIECEWISE_BEZIER_KNOTS.);
#8667 = CARTESIAN_POINT('',(14.5,-11.5));
#8668 = CARTESIAN_POINT('',(20.,-11.5));
#8669 = ( GEOMETRIC_REPRESENTATION_CONTEXT(2) 
PARAMETRIC_REPRESENTATION_CONTEXT() REPRESENTATION_CONTEXT('2D SPACE',''
  ) );
#8670 = FACE_BOUND('',#8671,.F.);
#8671 = EDGE_LOOP('',(#8672));
#8672 = ORIENTED_EDGE('',*,*,#8673,.F.);
#8673 = EDGE_CURVE('',#8674,#8674,#8676,.T.);
#8674 = VERTEX_POINT('',#8675);
#8675 = CARTESIAN_POINT('',(17.,14.,103.4));
#8676 = SURFACE_CURVE('',#8677,(#8682,#8689),.PCURVE_S1.);
#8677 = CIRCLE('',#8678,0.9);
#8678 = AXIS2_PLACEMENT_3D('',#8679,#8680,#8681);
#8679 = CARTESIAN_POINT('',(17.,14.,102.5));
#8680 = DIRECTION('',(0.,1.,0.));
#8681 = DIRECTION('',(0.,-0.,1.));
#8682 = PCURVE('',#5286,#8683);
#8683 = DEFINITIONAL_REPRESENTATION('',(#8684),#8688);
#8684 = CIRCLE('',#8685,0.9);
#8685 = AXIS2_PLACEMENT_2D('',#8686,#8687);
#8686 = CARTESIAN_POINT('',(0.,0.));
#8687 = DIRECTION('',(1.,0.));
#8688 = ( GEOMETRIC_REPRESENTATION_CONTEXT(2) 
PARAMETRIC_REPRESENTATION_CONTEXT() REPRESENTATION_CONTEXT('2D SPACE',''
  ) );
#8689 = PCURVE('',#8330,#8690);
#8690 = DEFINITIONAL_REPRESENTATION('',(#8691),#8695);
#8691 = LINE('',#8692,#8693);
#8692 = CARTESIAN_POINT('',(0.,0.5));
#8693 = VECTOR('',#8694,1.);
#8694 = DIRECTION('',(1.,0.));
#8695 = ( GEOMETRIC_REPRESENTATION_CONTEXT(2) 
PARAMETRIC_REPRESENTATION_CONTEXT() REPRESENTATION_CONTEXT('2D SPACE',''
  ) );
#8696 = ADVANCED_FACE('',(#8697),#5259,.T.);
#8697 = FACE_BOUND('',#8698,.T.);
#8698 = EDGE_LOOP('',(#8699,#8722,#8746,#8772,#8794,#8795));
#8699 = ORIENTED_EDGE('',*,*,#8700,.F.);
#8700 = EDGE_CURVE('',#8701,#5216,#8703,.T.);
#8701 = VERTEX_POINT('',#8702);
#8702 = CARTESIAN_POINT('',(15.5,6.,98.769696007085));
#8703 = SURFACE_CURVE('',#8704,(#8708,#8715),.PCURVE_S1.);
#8704 = LINE('',#8705,#8706);
#8705 = CARTESIAN_POINT('',(15.5,6.,84.));
#8706 = VECTOR('',#8707,1.);
#8707 = DIRECTION('',(0.,0.,1.));
#8708 = PCURVE('',#5259,#8709);
#8709 = DEFINITIONAL_REPRESENTATION('',(#8710),#8714);
#8710 = LINE('',#8711,#8712);
#8711 = CARTESIAN_POINT('',(0.,-3.5));
#8712 = VECTOR('',#8713,1.);
#8713 = DIRECTION('',(1.,0.));
#8714 = ( GEOMETRIC_REPRESENTATION_CONTEXT(2) 
PARAMETRIC_REPRESENTATION_CONTEXT() REPRESENTATION_CONTEXT('2D SPACE',''
  ) );
#8715 = PCURVE('',#5231,#8716);
#8716 = DEFINITIONAL_REPRESENTATION('',(#8717),#8721);
#8717 = LINE('',#8718,#8719);
#8718 = CARTESIAN_POINT('',(0.,32.5));
#8719 = VECTOR('',#8720,1.);
#8720 = DIRECTION('',(1.,0.));
#8721 = ( GEOMETRIC_REPRESENTATION_CONTEXT(2) 
PARAMETRIC_REPRESENTATION_CONTEXT() REPRESENTATION_CONTEXT('2D SPACE',''
  ) );
#8722 = ORIENTED_EDGE('',*,*,#8723,.F.);
#8723 = EDGE_CURVE('',#8724,#8701,#8726,.T.);
#8724 = VERTEX_POINT('',#8725);
#8725 = CARTESIAN_POINT('',(15.5,7.5,99.));
#8726 = SURFACE_CURVE('',#8727,(#8732,#8739),.PCURVE_S1.);
#8727 = CIRCLE('',#8728,5.);
#8728 = AXIS2_PLACEMENT_3D('',#8729,#8730,#8731);
#8729 = CARTESIAN_POINT('',(15.5,7.5,94.));
#8730 = DIRECTION('',(1.,0.,0.));
#8731 = DIRECTION('',(-0.,0.,1.));
#8732 = PCURVE('',#5259,#8733);
#8733 = DEFINITIONAL_REPRESENTATION('',(#8734),#8738);
#8734 = CIRCLE('',#8735,5.);
#8735 = AXIS2_PLACEMENT_2D('',#8736,#8737);
#8736 = CARTESIAN_POINT('',(10.,-5.));
#8737 = DIRECTION('',(1.,0.));
#8738 = ( GEOMETRIC_REPRESENTATION_CONTEXT(2) 
PARAMETRIC_REPRESENTATION_CONTEXT() REPRESENTATION_CONTEXT('2D SPACE',''
  ) );
#8739 = PCURVE('',#6820,#8740);
#8740 = DEFINITIONAL_REPRESENTATION('',(#8741),#8745);
#8741 = LINE('',#8742,#8743);
#8742 = CARTESIAN_POINT('',(0.,4.));
#8743 = VECTOR('',#8744,1.);
#8744 = DIRECTION('',(1.,0.));
#8745 = ( GEOMETRIC_REPRESENTATION_CONTEXT(2) 
PARAMETRIC_REPRESENTATION_CONTEXT() REPRESENTATION_CONTEXT('2D SPACE',''
  ) );
#8746 = ORIENTED_EDGE('',*,*,#8747,.F.);
#8747 = EDGE_CURVE('',#8748,#8724,#8750,.T.);
#8748 = VERTEX_POINT('',#8749);
#8749 = CARTESIAN_POINT('',(15.5,13.5,99.));
#8750 = SURFACE_CURVE('',#8751,(#8755,#8761),.PCURVE_S1.);
#8751 = LINE('',#8752,#8753);
#8752 = CARTESIAN_POINT('',(15.5,5.,99.));
#8753 = VECTOR('',#8754,1.);
#8754 = DIRECTION('',(0.,-1.,0.));
#8755 = PCURVE('',#5259,#8756);
#8756 = DEFINITIONAL_REPRESENTATION('',(#8757),#8760);
#8757 = B_SPLINE_CURVE_WITH_KNOTS('',1,(#8758,#8759),.UNSPECIFIED.,.F.,
  .F.,(2,2),(-8.5,-2.5),.PIECEWISE_BEZIER_KNOTS.);
#8758 = CARTESIAN_POINT('',(15.,-11.));
#8759 = CARTESIAN_POINT('',(15.,-5.));
#8760 = ( GEOMETRIC_REPRESENTATION_CONTEXT(2) 
PARAMETRIC_REPRESENTATION_CONTEXT() REPRESENTATION_CONTEXT('2D SPACE',''
  ) );
#8761 = PCURVE('',#8762,#8767);
#8762 = PLANE('',#8763);
#8763 = AXIS2_PLACEMENT_3D('',#8764,#8765,#8766);
#8764 = CARTESIAN_POINT('',(11.5,7.5,99.));
#8765 = DIRECTION('',(0.,0.,1.));
#8766 = DIRECTION('',(1.,0.,0.));
#8767 = DEFINITIONAL_REPRESENTATION('',(#8768),#8771);
#8768 = B_SPLINE_CURVE_WITH_KNOTS('',1,(#8769,#8770),.UNSPECIFIED.,.F.,
  .F.,(2,2),(-8.5,-2.5),.PIECEWISE_BEZIER_KNOTS.);
#8769 = CARTESIAN_POINT('',(4.,6.));
#8770 = CARTESIAN_POINT('',(4.,0.));
#8771 = ( GEOMETRIC_REPRESENTATION_CONTEXT(2) 
PARAMETRIC_REPRESENTATION_CONTEXT() REPRESENTATION_CONTEXT('2D SPACE',''
  ) );
#8772 = ORIENTED_EDGE('',*,*,#8773,.F.);
#8773 = EDGE_CURVE('',#8632,#8748,#8774,.T.);
#8774 = SURFACE_CURVE('',#8775,(#8780,#8787),.PCURVE_S1.);
#8775 = CIRCLE('',#8776,5.);
#8776 = AXIS2_PLACEMENT_3D('',#8777,#8778,#8779);
#8777 = CARTESIAN_POINT('',(15.5,13.5,94.));
#8778 = DIRECTION('',(1.,0.,0.));
#8779 = DIRECTION('',(-0.,0.,1.));
#8780 = PCURVE('',#5259,#8781);
#8781 = DEFINITIONAL_REPRESENTATION('',(#8782),#8786);
#8782 = CIRCLE('',#8783,5.);
#8783 = AXIS2_PLACEMENT_2D('',#8784,#8785);
#8784 = CARTESIAN_POINT('',(10.,-11.));
#8785 = DIRECTION('',(1.,0.));
#8786 = ( GEOMETRIC_REPRESENTATION_CONTEXT(2) 
PARAMETRIC_REPRESENTATION_CONTEXT() REPRESENTATION_CONTEXT('2D SPACE',''
  ) );
#8787 = PCURVE('',#8488,#8788);
#8788 = DEFINITIONAL_REPRESENTATION('',(#8789),#8793);
#8789 = LINE('',#8790,#8791);
#8790 = CARTESIAN_POINT('',(0.,4.));
#8791 = VECTOR('',#8792,1.);
#8792 = DIRECTION('',(1.,0.));
#8793 = ( GEOMETRIC_REPRESENTATION_CONTEXT(2) 
PARAMETRIC_REPRESENTATION_CONTEXT() REPRESENTATION_CONTEXT('2D SPACE',''
  ) );
#8794 = ORIENTED_EDGE('',*,*,#8652,.T.);
#8795 = ORIENTED_EDGE('',*,*,#5243,.F.);
#8796 = ADVANCED_FACE('',(#8797),#5231,.T.);
#8797 = FACE_BOUND('',#8798,.T.);
#8798 = EDGE_LOOP('',(#8799,#8818,#8819,#8820,#8821,#8822));
#8799 = ORIENTED_EDGE('',*,*,#8800,.F.);
#8800 = EDGE_CURVE('',#8701,#7317,#8801,.T.);
#8801 = SURFACE_CURVE('',#8802,(#8806,#8812),.PCURVE_S1.);
#8802 = LINE('',#8803,#8804);
#8803 = CARTESIAN_POINT('',(11.5,6.,98.769696007085));
#8804 = VECTOR('',#8805,1.);
#8805 = DIRECTION('',(1.,0.,0.));
#8806 = PCURVE('',#5231,#8807);
#8807 = DEFINITIONAL_REPRESENTATION('',(#8808),#8811);
#8808 = B_SPLINE_CURVE_WITH_KNOTS('',1,(#8809,#8810),.UNSPECIFIED.,.F.,
  .F.,(2,2),(3.85,5.65),.PIECEWISE_BEZIER_KNOTS.);
#8809 = CARTESIAN_POINT('',(14.769696007085,32.35));
#8810 = CARTESIAN_POINT('',(14.769696007085,34.15));
#8811 = ( GEOMETRIC_REPRESENTATION_CONTEXT(2) 
PARAMETRIC_REPRESENTATION_CONTEXT() REPRESENTATION_CONTEXT('2D SPACE',''
  ) );
#8812 = PCURVE('',#6820,#8813);
#8813 = DEFINITIONAL_REPRESENTATION('',(#8814),#8817);
#8814 = B_SPLINE_CURVE_WITH_KNOTS('',1,(#8815,#8816),.UNSPECIFIED.,.F.,
  .F.,(2,2),(3.85,5.65),.PIECEWISE_BEZIER_KNOTS.);
#8815 = CARTESIAN_POINT('',(0.304692654015,3.85));
#8816 = CARTESIAN_POINT('',(0.304692654015,5.65));
#8817 = ( GEOMETRIC_REPRESENTATION_CONTEXT(2) 
PARAMETRIC_REPRESENTATION_CONTEXT() REPRESENTATION_CONTEXT('2D SPACE',''
  ) );
#8818 = ORIENTED_EDGE('',*,*,#8700,.T.);
#8819 = ORIENTED_EDGE('',*,*,#5215,.T.);
#8820 = ORIENTED_EDGE('',*,*,#7416,.F.);
#8821 = ORIENTED_EDGE('',*,*,#7387,.F.);
#8822 = ORIENTED_EDGE('',*,*,#7340,.F.);
#8823 = ADVANCED_FACE('',(#8824),#5505,.F.);
#8824 = FACE_BOUND('',#8825,.F.);
#8825 = EDGE_LOOP('',(#8826,#8857,#8883,#8912,#8932,#8933,#8934,#8935,
    #8936,#8937,#8938,#8961,#8990));
#8826 = ORIENTED_EDGE('',*,*,#8827,.F.);
#8827 = EDGE_CURVE('',#8828,#8830,#8832,.T.);
#8828 = VERTEX_POINT('',#8829);
#8829 = CARTESIAN_POINT('',(-11.5,6.,98.769696007085));
#8830 = VERTEX_POINT('',#8831);
#8831 = CARTESIAN_POINT('',(-11.5,6.,89.230303992915));
#8832 = SURFACE_CURVE('',#8833,(#8838,#8845),.PCURVE_S1.);
#8833 = CIRCLE('',#8834,5.);
#8834 = AXIS2_PLACEMENT_3D('',#8835,#8836,#8837);
#8835 = CARTESIAN_POINT('',(-11.5,7.5,94.));
#8836 = DIRECTION('',(1.,0.,0.));
#8837 = DIRECTION('',(-0.,0.,1.));
#8838 = PCURVE('',#5505,#8839);
#8839 = DEFINITIONAL_REPRESENTATION('',(#8840),#8844);
#8840 = LINE('',#8841,#8842);
#8841 = CARTESIAN_POINT('',(0.,6.));
#8842 = VECTOR('',#8843,1.);
#8843 = DIRECTION('',(1.,0.));
#8844 = ( GEOMETRIC_REPRESENTATION_CONTEXT(2) 
PARAMETRIC_REPRESENTATION_CONTEXT() REPRESENTATION_CONTEXT('2D SPACE',''
  ) );
#8845 = PCURVE('',#8846,#8851);
#8846 = PLANE('',#8847);
#8847 = AXIS2_PLACEMENT_3D('',#8848,#8849,#8850);
#8848 = CARTESIAN_POINT('',(-11.5,7.5,89.));
#8849 = DIRECTION('',(1.,0.,0.));
#8850 = DIRECTION('',(0.,0.,1.));
#8851 = DEFINITIONAL_REPRESENTATION('',(#8852),#8856);
#8852 = CIRCLE('',#8853,5.);
#8853 = AXIS2_PLACEMENT_2D('',#8854,#8855);
#8854 = CARTESIAN_POINT('',(5.,0.));
#8855 = DIRECTION('',(1.,0.));
#8856 = ( GEOMETRIC_REPRESENTATION_CONTEXT(2) 
PARAMETRIC_REPRESENTATION_CONTEXT() REPRESENTATION_CONTEXT('2D SPACE',''
  ) );
#8857 = ORIENTED_EDGE('',*,*,#8858,.F.);
#8858 = EDGE_CURVE('',#8859,#8828,#8861,.T.);
#8859 = VERTEX_POINT('',#8860);
#8860 = CARTESIAN_POINT('',(-12.2,6.,98.769696007085));
#8861 = SURFACE_CURVE('',#8862,(#8866,#8872),.PCURVE_S1.);
#8862 = LINE('',#8863,#8864);
#8863 = CARTESIAN_POINT('',(-17.5,6.,98.769696007085));
#8864 = VECTOR('',#8865,1.);
#8865 = DIRECTION('',(1.,0.,0.));
#8866 = PCURVE('',#5505,#8867);
#8867 = DEFINITIONAL_REPRESENTATION('',(#8868),#8871);
#8868 = B_SPLINE_CURVE_WITH_KNOTS('',1,(#8869,#8870),.UNSPECIFIED.,.F.,
  .F.,(2,2),(2.86,6.0000006),.PIECEWISE_BEZIER_KNOTS.);
#8869 = CARTESIAN_POINT('',(0.304692654015,2.86));
#8870 = CARTESIAN_POINT('',(0.304692654015,6.0000006));
#8871 = ( GEOMETRIC_REPRESENTATION_CONTEXT(2) 
PARAMETRIC_REPRESENTATION_CONTEXT() REPRESENTATION_CONTEXT('2D SPACE',''
  ) );
#8872 = PCURVE('',#8873,#8878);
#8873 = PLANE('',#8874);
#8874 = AXIS2_PLACEMENT_3D('',#8875,#8876,#8877);
#8875 = CARTESIAN_POINT('',(-17.,6.,84.));
#8876 = DIRECTION('',(0.,1.,0.));
#8877 = DIRECTION('',(0.,0.,1.));
#8878 = DEFINITIONAL_REPRESENTATION('',(#8879),#8882);
#8879 = B_SPLINE_CURVE_WITH_KNOTS('',1,(#8880,#8881),.UNSPECIFIED.,.F.,
  .F.,(2,2),(2.86,6.0000006),.PIECEWISE_BEZIER_KNOTS.);
#8880 = CARTESIAN_POINT('',(14.769696007085,2.36));
#8881 = CARTESIAN_POINT('',(14.769696007085,5.5000006));
#8882 = ( GEOMETRIC_REPRESENTATION_CONTEXT(2) 
PARAMETRIC_REPRESENTATION_CONTEXT() REPRESENTATION_CONTEXT('2D SPACE',''
  ) );
#8883 = ORIENTED_EDGE('',*,*,#8884,.F.);
#8884 = EDGE_CURVE('',#8885,#8859,#8887,.T.);
#8885 = VERTEX_POINT('',#8886);
#8886 = CARTESIAN_POINT('',(-12.2,7.5,99.));
#8887 = SURFACE_CURVE('',#8888,(#8893,#8900),.PCURVE_S1.);
#8888 = CIRCLE('',#8889,5.);
#8889 = AXIS2_PLACEMENT_3D('',#8890,#8891,#8892);
#8890 = CARTESIAN_POINT('',(-12.2,7.5,94.));
#8891 = DIRECTION('',(1.,0.,0.));
#8892 = DIRECTION('',(-0.,0.,1.));
#8893 = PCURVE('',#5505,#8894);
#8894 = DEFINITIONAL_REPRESENTATION('',(#8895),#8899);
#8895 = LINE('',#8896,#8897);
#8896 = CARTESIAN_POINT('',(0.,5.3));
#8897 = VECTOR('',#8898,1.);
#8898 = DIRECTION('',(1.,0.));
#8899 = ( GEOMETRIC_REPRESENTATION_CONTEXT(2) 
PARAMETRIC_REPRESENTATION_CONTEXT() REPRESENTATION_CONTEXT('2D SPACE',''
  ) );
#8900 = PCURVE('',#8901,#8906);
#8901 = PLANE('',#8902);
#8902 = AXIS2_PLACEMENT_3D('',#8903,#8904,#8905);
#8903 = CARTESIAN_POINT('',(-12.2,2.5,84.));
#8904 = DIRECTION('',(1.,0.,0.));
#8905 = DIRECTION('',(0.,0.,1.));
#8906 = DEFINITIONAL_REPRESENTATION('',(#8907),#8911);
#8907 = CIRCLE('',#8908,5.);
#8908 = AXIS2_PLACEMENT_2D('',#8909,#8910);
#8909 = CARTESIAN_POINT('',(10.,-5.));
#8910 = DIRECTION('',(1.,0.));
#8911 = ( GEOMETRIC_REPRESENTATION_CONTEXT(2) 
PARAMETRIC_REPRESENTATION_CONTEXT() REPRESENTATION_CONTEXT('2D SPACE',''
  ) );
#8912 = ORIENTED_EDGE('',*,*,#8913,.F.);
#8913 = EDGE_CURVE('',#7661,#8885,#8914,.T.);
#8914 = SURFACE_CURVE('',#8915,(#8919,#8925),.PCURVE_S1.);
#8915 = LINE('',#8916,#8917);
#8916 = CARTESIAN_POINT('',(-17.5,7.5,99.));
#8917 = VECTOR('',#8918,1.);
#8918 = DIRECTION('',(1.,0.,0.));
#8919 = PCURVE('',#5505,#8920);
#8920 = DEFINITIONAL_REPRESENTATION('',(#8921),#8924);
#8921 = B_SPLINE_CURVE_WITH_KNOTS('',1,(#8922,#8923),.UNSPECIFIED.,.F.,
  .F.,(2,2),(0.,6.),.PIECEWISE_BEZIER_KNOTS.);
#8922 = CARTESIAN_POINT('',(0.,0.));
#8923 = CARTESIAN_POINT('',(0.,6.));
#8924 = ( GEOMETRIC_REPRESENTATION_CONTEXT(2) 
PARAMETRIC_REPRESENTATION_CONTEXT() REPRESENTATION_CONTEXT('2D SPACE',''
  ) );
#8925 = PCURVE('',#7699,#8926);
#8926 = DEFINITIONAL_REPRESENTATION('',(#8927),#8931);
#8927 = LINE('',#8928,#8929);
#8928 = CARTESIAN_POINT('',(0.,0.));
#8929 = VECTOR('',#8930,1.);
#8930 = DIRECTION('',(1.,0.));
#8931 = ( GEOMETRIC_REPRESENTATION_CONTEXT(2) 
PARAMETRIC_REPRESENTATION_CONTEXT() REPRESENTATION_CONTEXT('2D SPACE',''
  ) );
#8932 = ORIENTED_EDGE('',*,*,#7660,.T.);
#8933 = ORIENTED_EDGE('',*,*,#7611,.F.);
#8934 = ORIENTED_EDGE('',*,*,#7540,.T.);
#8935 = ORIENTED_EDGE('',*,*,#6954,.T.);
#8936 = ORIENTED_EDGE('',*,*,#5490,.T.);
#8937 = ORIENTED_EDGE('',*,*,#5540,.T.);
#8938 = ORIENTED_EDGE('',*,*,#8939,.T.);
#8939 = EDGE_CURVE('',#5541,#8940,#8942,.T.);
#8940 = VERTEX_POINT('',#8941);
#8941 = CARTESIAN_POINT('',(-12.2,7.5,89.));
#8942 = SURFACE_CURVE('',#8943,(#8947,#8954),.PCURVE_S1.);
#8943 = LINE('',#8944,#8945);
#8944 = CARTESIAN_POINT('',(-17.5,7.5,89.));
#8945 = VECTOR('',#8946,1.);
#8946 = DIRECTION('',(1.,0.,0.));
#8947 = PCURVE('',#5505,#8948);
#8948 = DEFINITIONAL_REPRESENTATION('',(#8949),#8953);
#8949 = LINE('',#8950,#8951);
#8950 = CARTESIAN_POINT('',(3.14159265359,0.));
#8951 = VECTOR('',#8952,1.);
#8952 = DIRECTION('',(0.,1.));
#8953 = ( GEOMETRIC_REPRESENTATION_CONTEXT(2) 
PARAMETRIC_REPRESENTATION_CONTEXT() REPRESENTATION_CONTEXT('2D SPACE',''
  ) );
#8954 = PCURVE('',#5629,#8955);
#8955 = DEFINITIONAL_REPRESENTATION('',(#8956),#8960);
#8956 = LINE('',#8957,#8958);
#8957 = CARTESIAN_POINT('',(0.,0.));
#8958 = VECTOR('',#8959,1.);
#8959 = DIRECTION('',(1.,0.));
#8960 = ( GEOMETRIC_REPRESENTATION_CONTEXT(2) 
PARAMETRIC_REPRESENTATION_CONTEXT() REPRESENTATION_CONTEXT('2D SPACE',''
  ) );
#8961 = ORIENTED_EDGE('',*,*,#8962,.F.);
#8962 = EDGE_CURVE('',#8963,#8940,#8965,.T.);
#8963 = VERTEX_POINT('',#8964);
#8964 = CARTESIAN_POINT('',(-12.2,6.,89.230303992915));
#8965 = SURFACE_CURVE('',#8966,(#8971,#8978),.PCURVE_S1.);
#8966 = CIRCLE('',#8967,5.);
#8967 = AXIS2_PLACEMENT_3D('',#8968,#8969,#8970);
#8968 = CARTESIAN_POINT('',(-12.2,7.5,94.));
#8969 = DIRECTION('',(1.,0.,0.));
#8970 = DIRECTION('',(-0.,0.,1.));
#8971 = PCURVE('',#5505,#8972);
#8972 = DEFINITIONAL_REPRESENTATION('',(#8973),#8977);
#8973 = LINE('',#8974,#8975);
#8974 = CARTESIAN_POINT('',(0.,5.3));
#8975 = VECTOR('',#8976,1.);
#8976 = DIRECTION('',(1.,0.));
#8977 = ( GEOMETRIC_REPRESENTATION_CONTEXT(2) 
PARAMETRIC_REPRESENTATION_CONTEXT() REPRESENTATION_CONTEXT('2D SPACE',''
  ) );
#8978 = PCURVE('',#8979,#8984);
#8979 = PLANE('',#8980);
#8980 = AXIS2_PLACEMENT_3D('',#8981,#8982,#8983);
#8981 = CARTESIAN_POINT('',(-12.2,2.5,84.));
#8982 = DIRECTION('',(1.,0.,0.));
#8983 = DIRECTION('',(0.,0.,1.));
#8984 = DEFINITIONAL_REPRESENTATION('',(#8985),#8989);
#8985 = CIRCLE('',#8986,5.);
#8986 = AXIS2_PLACEMENT_2D('',#8987,#8988);
#8987 = CARTESIAN_POINT('',(10.,-5.));
#8988 = DIRECTION('',(1.,0.));
#8989 = ( GEOMETRIC_REPRESENTATION_CONTEXT(2) 
PARAMETRIC_REPRESENTATION_CONTEXT() REPRESENTATION_CONTEXT('2D SPACE',''
  ) );
#8990 = ORIENTED_EDGE('',*,*,#8991,.T.);
#8991 = EDGE_CURVE('',#8963,#8830,#8992,.T.);
#8992 = SURFACE_CURVE('',#8993,(#8997,#9003),.PCURVE_S1.);
#8993 = LINE('',#8994,#8995);
#8994 = CARTESIAN_POINT('',(-17.5,6.,89.230303992915));
#8995 = VECTOR('',#8996,1.);
#8996 = DIRECTION('',(1.,0.,0.));
#8997 = PCURVE('',#5505,#8998);
#8998 = DEFINITIONAL_REPRESENTATION('',(#8999),#9002);
#8999 = B_SPLINE_CURVE_WITH_KNOTS('',1,(#9000,#9001),.UNSPECIFIED.,.F.,
  .F.,(2,2),(2.86,6.0000006),.PIECEWISE_BEZIER_KNOTS.);
#9000 = CARTESIAN_POINT('',(2.836899999574,2.86));
#9001 = CARTESIAN_POINT('',(2.836899999574,6.0000006));
#9002 = ( GEOMETRIC_REPRESENTATION_CONTEXT(2) 
PARAMETRIC_REPRESENTATION_CONTEXT() REPRESENTATION_CONTEXT('2D SPACE',''
  ) );
#9003 = PCURVE('',#8873,#9004);
#9004 = DEFINITIONAL_REPRESENTATION('',(#9005),#9008);
#9005 = B_SPLINE_CURVE_WITH_KNOTS('',1,(#9006,#9007),.UNSPECIFIED.,.F.,
  .F.,(2,2),(2.86,6.0000006),.PIECEWISE_BEZIER_KNOTS.);
#9006 = CARTESIAN_POINT('',(5.230303992915,2.36));
#9007 = CARTESIAN_POINT('',(5.230303992915,5.5000006));
#9008 = ( GEOMETRIC_REPRESENTATION_CONTEXT(2) 
PARAMETRIC_REPRESENTATION_CONTEXT() REPRESENTATION_CONTEXT('2D SPACE',''
  ) );
#9009 = ADVANCED_FACE('',(#9010),#5629,.T.);
#9010 = FACE_BOUND('',#9011,.T.);
#9011 = EDGE_LOOP('',(#9012,#9035,#9036,#9037));
#9012 = ORIENTED_EDGE('',*,*,#9013,.F.);
#9013 = EDGE_CURVE('',#5588,#9014,#9016,.T.);
#9014 = VERTEX_POINT('',#9015);
#9015 = CARTESIAN_POINT('',(-12.2,13.5,89.));
#9016 = SURFACE_CURVE('',#9017,(#9021,#9028),.PCURVE_S1.);
#9017 = LINE('',#9018,#9019);
#9018 = CARTESIAN_POINT('',(-17.5,13.5,89.));
#9019 = VECTOR('',#9020,1.);
#9020 = DIRECTION('',(1.,0.,0.));
#9021 = PCURVE('',#5629,#9022);
#9022 = DEFINITIONAL_REPRESENTATION('',(#9023),#9027);
#9023 = LINE('',#9024,#9025);
#9024 = CARTESIAN_POINT('',(0.,6.));
#9025 = VECTOR('',#9026,1.);
#9026 = DIRECTION('',(1.,0.));
#9027 = ( GEOMETRIC_REPRESENTATION_CONTEXT(2) 
PARAMETRIC_REPRESENTATION_CONTEXT() REPRESENTATION_CONTEXT('2D SPACE',''
  ) );
#9028 = PCURVE('',#5604,#9029);
#9029 = DEFINITIONAL_REPRESENTATION('',(#9030),#9034);
#9030 = LINE('',#9031,#9032);
#9031 = CARTESIAN_POINT('',(3.14159265359,0.));
#9032 = VECTOR('',#9033,1.);
#9033 = DIRECTION('',(0.,1.));
#9034 = ( GEOMETRIC_REPRESENTATION_CONTEXT(2) 
PARAMETRIC_REPRESENTATION_CONTEXT() REPRESENTATION_CONTEXT('2D SPACE',''
  ) );
#9035 = ORIENTED_EDGE('',*,*,#5616,.T.);
#9036 = ORIENTED_EDGE('',*,*,#8939,.T.);
#9037 = ORIENTED_EDGE('',*,*,#9038,.F.);
#9038 = EDGE_CURVE('',#9014,#8940,#9039,.T.);
#9039 = SURFACE_CURVE('',#9040,(#9044,#9050),.PCURVE_S1.);
#9040 = LINE('',#9041,#9042);
#9041 = CARTESIAN_POINT('',(-12.2,5.,89.));
#9042 = VECTOR('',#9043,1.);
#9043 = DIRECTION('',(0.,-1.,0.));
#9044 = PCURVE('',#5629,#9045);
#9045 = DEFINITIONAL_REPRESENTATION('',(#9046),#9049);
#9046 = B_SPLINE_CURVE_WITH_KNOTS('',1,(#9047,#9048),.UNSPECIFIED.,.F.,
  .F.,(2,2),(-8.5,-2.5),.PIECEWISE_BEZIER_KNOTS.);
#9047 = CARTESIAN_POINT('',(5.3,6.));
#9048 = CARTESIAN_POINT('',(5.3,0.));
#9049 = ( GEOMETRIC_REPRESENTATION_CONTEXT(2) 
PARAMETRIC_REPRESENTATION_CONTEXT() REPRESENTATION_CONTEXT('2D SPACE',''
  ) );
#9050 = PCURVE('',#8979,#9051);
#9051 = DEFINITIONAL_REPRESENTATION('',(#9052),#9055);
#9052 = B_SPLINE_CURVE_WITH_KNOTS('',1,(#9053,#9054),.UNSPECIFIED.,.F.,
  .F.,(2,2),(-8.5,-2.5),.PIECEWISE_BEZIER_KNOTS.);
#9053 = CARTESIAN_POINT('',(5.,-11.));
#9054 = CARTESIAN_POINT('',(5.,-5.));
#9055 = ( GEOMETRIC_REPRESENTATION_CONTEXT(2) 
PARAMETRIC_REPRESENTATION_CONTEXT() REPRESENTATION_CONTEXT('2D SPACE',''
  ) );
#9056 = ADVANCED_FACE('',(#9057),#5604,.F.);
#9057 = FACE_BOUND('',#9058,.F.);
#9058 = EDGE_LOOP('',(#9059,#9060,#9061,#9062,#9063,#9087,#9109));
#9059 = ORIENTED_EDGE('',*,*,#9013,.F.);
#9060 = ORIENTED_EDGE('',*,*,#5587,.T.);
#9061 = ORIENTED_EDGE('',*,*,#5672,.F.);
#9062 = ORIENTED_EDGE('',*,*,#5727,.T.);
#9063 = ORIENTED_EDGE('',*,*,#9064,.T.);
#9064 = EDGE_CURVE('',#5728,#9065,#9067,.T.);
#9065 = VERTEX_POINT('',#9066);
#9066 = CARTESIAN_POINT('',(-15.5,18.,91.82055052823));
#9067 = SURFACE_CURVE('',#9068,(#9073,#9080),.PCURVE_S1.);
#9068 = CIRCLE('',#9069,5.);
#9069 = AXIS2_PLACEMENT_3D('',#9070,#9071,#9072);
#9070 = CARTESIAN_POINT('',(-15.5,13.5,94.));
#9071 = DIRECTION('',(1.,0.,0.));
#9072 = DIRECTION('',(-0.,0.,1.));
#9073 = PCURVE('',#5604,#9074);
#9074 = DEFINITIONAL_REPRESENTATION('',(#9075),#9079);
#9075 = LINE('',#9076,#9077);
#9076 = CARTESIAN_POINT('',(0.,2.));
#9077 = VECTOR('',#9078,1.);
#9078 = DIRECTION('',(1.,0.));
#9079 = ( GEOMETRIC_REPRESENTATION_CONTEXT(2) 
PARAMETRIC_REPRESENTATION_CONTEXT() REPRESENTATION_CONTEXT('2D SPACE',''
  ) );
#9080 = PCURVE('',#5995,#9081);
#9081 = DEFINITIONAL_REPRESENTATION('',(#9082),#9086);
#9082 = CIRCLE('',#9083,5.);
#9083 = AXIS2_PLACEMENT_2D('',#9084,#9085);
#9084 = CARTESIAN_POINT('',(10.,-11.));
#9085 = DIRECTION('',(1.,0.));
#9086 = ( GEOMETRIC_REPRESENTATION_CONTEXT(2) 
PARAMETRIC_REPRESENTATION_CONTEXT() REPRESENTATION_CONTEXT('2D SPACE',''
  ) );
#9087 = ORIENTED_EDGE('',*,*,#9088,.T.);
#9088 = EDGE_CURVE('',#9065,#9089,#9091,.T.);
#9089 = VERTEX_POINT('',#9090);
#9090 = CARTESIAN_POINT('',(-12.2,18.,91.82055052823));
#9091 = SURFACE_CURVE('',#9092,(#9096,#9102),.PCURVE_S1.);
#9092 = LINE('',#9093,#9094);
#9093 = CARTESIAN_POINT('',(-17.5,18.,91.82055052823));
#9094 = VECTOR('',#9095,1.);
#9095 = DIRECTION('',(1.,0.,0.));
#9096 = PCURVE('',#5604,#9097);
#9097 = DEFINITIONAL_REPRESENTATION('',(#9098),#9101);
#9098 = B_SPLINE_CURVE_WITH_KNOTS('',1,(#9099,#9100),.UNSPECIFIED.,.F.,
  .F.,(2,2),(1.67,5.63),.PIECEWISE_BEZIER_KNOTS.);
#9099 = CARTESIAN_POINT('',(4.261362168588,1.67));
#9100 = CARTESIAN_POINT('',(4.261362168588,5.63));
#9101 = ( GEOMETRIC_REPRESENTATION_CONTEXT(2) 
PARAMETRIC_REPRESENTATION_CONTEXT() REPRESENTATION_CONTEXT('2D SPACE',''
  ) );
#9102 = PCURVE('',#6023,#9103);
#9103 = DEFINITIONAL_REPRESENTATION('',(#9104),#9108);
#9104 = LINE('',#9105,#9106);
#9105 = CARTESIAN_POINT('',(4.12055052823,-1.1));
#9106 = VECTOR('',#9107,1.);
#9107 = DIRECTION('',(0.,1.));
#9108 = ( GEOMETRIC_REPRESENTATION_CONTEXT(2) 
PARAMETRIC_REPRESENTATION_CONTEXT() REPRESENTATION_CONTEXT('2D SPACE',''
  ) );
#9109 = ORIENTED_EDGE('',*,*,#9110,.F.);
#9110 = EDGE_CURVE('',#9014,#9089,#9111,.T.);
#9111 = SURFACE_CURVE('',#9112,(#9117,#9124),.PCURVE_S1.);
#9112 = CIRCLE('',#9113,5.);
#9113 = AXIS2_PLACEMENT_3D('',#9114,#9115,#9116);
#9114 = CARTESIAN_POINT('',(-12.2,13.5,94.));
#9115 = DIRECTION('',(1.,0.,0.));
#9116 = DIRECTION('',(-0.,0.,1.));
#9117 = PCURVE('',#5604,#9118);
#9118 = DEFINITIONAL_REPRESENTATION('',(#9119),#9123);
#9119 = LINE('',#9120,#9121);
#9120 = CARTESIAN_POINT('',(0.,5.3));
#9121 = VECTOR('',#9122,1.);
#9122 = DIRECTION('',(1.,0.));
#9123 = ( GEOMETRIC_REPRESENTATION_CONTEXT(2) 
PARAMETRIC_REPRESENTATION_CONTEXT() REPRESENTATION_CONTEXT('2D SPACE',''
  ) );
#9124 = PCURVE('',#8979,#9125);
#9125 = DEFINITIONAL_REPRESENTATION('',(#9126),#9130);
#9126 = CIRCLE('',#9127,5.);
#9127 = AXIS2_PLACEMENT_2D('',#9128,#9129);
#9128 = CARTESIAN_POINT('',(10.,-11.));
#9129 = DIRECTION('',(1.,0.));
#9130 = ( GEOMETRIC_REPRESENTATION_CONTEXT(2) 
PARAMETRIC_REPRESENTATION_CONTEXT() REPRESENTATION_CONTEXT('2D SPACE',''
  ) );
#9131 = ADVANCED_FACE('',(#9132),#5711,.F.);
#9132 = FACE_BOUND('',#9133,.F.);
#9133 = EDGE_LOOP('',(#9134,#9135,#9156,#9157));
#9134 = ORIENTED_EDGE('',*,*,#6306,.F.);
#9135 = ORIENTED_EDGE('',*,*,#9136,.F.);
#9136 = EDGE_CURVE('',#5695,#6307,#9137,.T.);
#9137 = SEAM_CURVE('',#9138,(#9142,#9149),.PCURVE_S1.);
#9138 = LINE('',#9139,#9140);
#9139 = CARTESIAN_POINT('',(-17.,13.5,86.4));
#9140 = VECTOR('',#9141,1.);
#9141 = DIRECTION('',(0.,1.,0.));
#9142 = PCURVE('',#5711,#9143);
#9143 = DEFINITIONAL_REPRESENTATION('',(#9144),#9148);
#9144 = LINE('',#9145,#9146);
#9145 = CARTESIAN_POINT('',(6.28318530718,-0.));
#9146 = VECTOR('',#9147,1.);
#9147 = DIRECTION('',(0.,1.));
#9148 = ( GEOMETRIC_REPRESENTATION_CONTEXT(2) 
PARAMETRIC_REPRESENTATION_CONTEXT() REPRESENTATION_CONTEXT('2D SPACE',''
  ) );
#9149 = PCURVE('',#5711,#9150);
#9150 = DEFINITIONAL_REPRESENTATION('',(#9151),#9155);
#9151 = LINE('',#9152,#9153);
#9152 = CARTESIAN_POINT('',(0.,-0.));
#9153 = VECTOR('',#9154,1.);
#9154 = DIRECTION('',(0.,1.));
#9155 = ( GEOMETRIC_REPRESENTATION_CONTEXT(2) 
PARAMETRIC_REPRESENTATION_CONTEXT() REPRESENTATION_CONTEXT('2D SPACE',''
  ) );
#9156 = ORIENTED_EDGE('',*,*,#5694,.T.);
#9157 = ORIENTED_EDGE('',*,*,#9136,.T.);
#9158 = ADVANCED_FACE('',(#9159),#5995,.F.);
#9159 = FACE_BOUND('',#9160,.F.);
#9160 = EDGE_LOOP('',(#9161,#9162,#9163));
#9161 = ORIENTED_EDGE('',*,*,#9064,.F.);
#9162 = ORIENTED_EDGE('',*,*,#5980,.T.);
#9163 = ORIENTED_EDGE('',*,*,#9164,.T.);
#9164 = EDGE_CURVE('',#5981,#9065,#9165,.T.);
#9165 = SURFACE_CURVE('',#9166,(#9170,#9176),.PCURVE_S1.);
#9166 = LINE('',#9167,#9168);
#9167 = CARTESIAN_POINT('',(-15.5,18.,85.5));
#9168 = VECTOR('',#9169,1.);
#9169 = DIRECTION('',(0.,0.,1.));
#9170 = PCURVE('',#5995,#9171);
#9171 = DEFINITIONAL_REPRESENTATION('',(#9172),#9175);
#9172 = B_SPLINE_CURVE_WITH_KNOTS('',1,(#9173,#9174),.UNSPECIFIED.,.F.,
  .F.,(2,2),(1.5,15.5),.PIECEWISE_BEZIER_KNOTS.);
#9173 = CARTESIAN_POINT('',(3.,-15.5));
#9174 = CARTESIAN_POINT('',(17.,-15.5));
#9175 = ( GEOMETRIC_REPRESENTATION_CONTEXT(2) 
PARAMETRIC_REPRESENTATION_CONTEXT() REPRESENTATION_CONTEXT('2D SPACE',''
  ) );
#9176 = PCURVE('',#6023,#9177);
#9177 = DEFINITIONAL_REPRESENTATION('',(#9178),#9182);
#9178 = LINE('',#9179,#9180);
#9179 = CARTESIAN_POINT('',(-2.2,0.9));
#9180 = VECTOR('',#9181,1.);
#9181 = DIRECTION('',(1.,0.));
#9182 = ( GEOMETRIC_REPRESENTATION_CONTEXT(2) 
PARAMETRIC_REPRESENTATION_CONTEXT() REPRESENTATION_CONTEXT('2D SPACE',''
  ) );
#9183 = ADVANCED_FACE('',(#9184),#6023,.T.);
#9184 = FACE_BOUND('',#9185,.T.);
#9185 = EDGE_LOOP('',(#9186,#9211,#9232,#9233,#9234,#9235,#9258,#9281));
#9186 = ORIENTED_EDGE('',*,*,#9187,.F.);
#9187 = EDGE_CURVE('',#9188,#9190,#9192,.T.);
#9188 = VERTEX_POINT('',#9189);
#9189 = CARTESIAN_POINT('',(-16.4,18.,87.7));
#9190 = VERTEX_POINT('',#9191);
#9191 = CARTESIAN_POINT('',(-13.6593413823,18.,87.7));
#9192 = SURFACE_CURVE('',#9193,(#9197,#9204),.PCURVE_S1.);
#9193 = LINE('',#9194,#9195);
#9194 = CARTESIAN_POINT('',(-16.4,18.,87.7));
#9195 = VECTOR('',#9196,1.);
#9196 = DIRECTION('',(1.,0.,0.));
#9197 = PCURVE('',#6023,#9198);
#9198 = DEFINITIONAL_REPRESENTATION('',(#9199),#9203);
#9199 = LINE('',#9200,#9201);
#9200 = CARTESIAN_POINT('',(0.,0.));
#9201 = VECTOR('',#9202,1.);
#9202 = DIRECTION('',(0.,1.));
#9203 = ( GEOMETRIC_REPRESENTATION_CONTEXT(2) 
PARAMETRIC_REPRESENTATION_CONTEXT() REPRESENTATION_CONTEXT('2D SPACE',''
  ) );
#9204 = PCURVE('',#6129,#9205);
#9205 = DEFINITIONAL_REPRESENTATION('',(#9206),#9210);
#9206 = LINE('',#9207,#9208);
#9207 = CARTESIAN_POINT('',(0.,0.));
#9208 = VECTOR('',#9209,1.);
#9209 = DIRECTION('',(1.,0.));
#9210 = ( GEOMETRIC_REPRESENTATION_CONTEXT(2) 
PARAMETRIC_REPRESENTATION_CONTEXT() REPRESENTATION_CONTEXT('2D SPACE',''
  ) );
#9211 = ORIENTED_EDGE('',*,*,#9212,.T.);
#9212 = EDGE_CURVE('',#9188,#6007,#9213,.T.);
#9213 = SURFACE_CURVE('',#9214,(#9218,#9225),.PCURVE_S1.);
#9214 = LINE('',#9215,#9216);
#9215 = CARTESIAN_POINT('',(-16.4,18.,87.7));
#9216 = VECTOR('',#9217,1.);
#9217 = DIRECTION('',(0.,0.,1.));
#9218 = PCURVE('',#6023,#9219);
#9219 = DEFINITIONAL_REPRESENTATION('',(#9220),#9224);
#9220 = LINE('',#9221,#9222);
#9221 = CARTESIAN_POINT('',(0.,0.));
#9222 = VECTOR('',#9223,1.);
#9223 = DIRECTION('',(1.,0.));
#9224 = ( GEOMETRIC_REPRESENTATION_CONTEXT(2) 
PARAMETRIC_REPRESENTATION_CONTEXT() REPRESENTATION_CONTEXT('2D SPACE',''
  ) );
#9225 = PCURVE('',#6050,#9226);
#9226 = DEFINITIONAL_REPRESENTATION('',(#9227),#9231);
#9227 = LINE('',#9228,#9229);
#9228 = CARTESIAN_POINT('',(0.,0.));
#9229 = VECTOR('',#9230,1.);
#9230 = DIRECTION('',(1.,0.));
#9231 = ( GEOMETRIC_REPRESENTATION_CONTEXT(2) 
PARAMETRIC_REPRESENTATION_CONTEXT() REPRESENTATION_CONTEXT('2D SPACE',''
  ) );
#9232 = ORIENTED_EDGE('',*,*,#6006,.T.);
#9233 = ORIENTED_EDGE('',*,*,#9164,.T.);
#9234 = ORIENTED_EDGE('',*,*,#9088,.T.);
#9235 = ORIENTED_EDGE('',*,*,#9236,.T.);
#9236 = EDGE_CURVE('',#9089,#9237,#9239,.T.);
#9237 = VERTEX_POINT('',#9238);
#9238 = CARTESIAN_POINT('',(-12.2,18.,87.));
#9239 = SURFACE_CURVE('',#9240,(#9244,#9251),.PCURVE_S1.);
#9240 = LINE('',#9241,#9242);
#9241 = CARTESIAN_POINT('',(-12.2,18.,91.82055052823));
#9242 = VECTOR('',#9243,1.);
#9243 = DIRECTION('',(0.,0.,-1.));
#9244 = PCURVE('',#6023,#9245);
#9245 = DEFINITIONAL_REPRESENTATION('',(#9246),#9250);
#9246 = LINE('',#9247,#9248);
#9247 = CARTESIAN_POINT('',(4.12055052823,4.2));
#9248 = VECTOR('',#9249,1.);
#9249 = DIRECTION('',(-1.,0.));
#9250 = ( GEOMETRIC_REPRESENTATION_CONTEXT(2) 
PARAMETRIC_REPRESENTATION_CONTEXT() REPRESENTATION_CONTEXT('2D SPACE',''
  ) );
#9251 = PCURVE('',#8979,#9252);
#9252 = DEFINITIONAL_REPRESENTATION('',(#9253),#9257);
#9253 = LINE('',#9254,#9255);
#9254 = CARTESIAN_POINT('',(7.82055052823,-15.5));
#9255 = VECTOR('',#9256,1.);
#9256 = DIRECTION('',(-1.,0.));
#9257 = ( GEOMETRIC_REPRESENTATION_CONTEXT(2) 
PARAMETRIC_REPRESENTATION_CONTEXT() REPRESENTATION_CONTEXT('2D SPACE',''
  ) );
#9258 = ORIENTED_EDGE('',*,*,#9259,.F.);
#9259 = EDGE_CURVE('',#9260,#9237,#9262,.T.);
#9260 = VERTEX_POINT('',#9261);
#9261 = CARTESIAN_POINT('',(-13.29190075645,18.,87.));
#9262 = SURFACE_CURVE('',#9263,(#9267,#9274),.PCURVE_S1.);
#9263 = LINE('',#9264,#9265);
#9264 = CARTESIAN_POINT('',(-17.,18.,87.));
#9265 = VECTOR('',#9266,1.);
#9266 = DIRECTION('',(1.,0.,0.));
#9267 = PCURVE('',#6023,#9268);
#9268 = DEFINITIONAL_REPRESENTATION('',(#9269),#9273);
#9269 = LINE('',#9270,#9271);
#9270 = CARTESIAN_POINT('',(-0.7,-0.6));
#9271 = VECTOR('',#9272,1.);
#9272 = DIRECTION('',(0.,1.));
#9273 = ( GEOMETRIC_REPRESENTATION_CONTEXT(2) 
PARAMETRIC_REPRESENTATION_CONTEXT() REPRESENTATION_CONTEXT('2D SPACE',''
  ) );
#9274 = PCURVE('',#6189,#9275);
#9275 = DEFINITIONAL_REPRESENTATION('',(#9276),#9280);
#9276 = LINE('',#9277,#9278);
#9277 = CARTESIAN_POINT('',(-29.,0.));
#9278 = VECTOR('',#9279,1.);
#9279 = DIRECTION('',(1.,0.));
#9280 = ( GEOMETRIC_REPRESENTATION_CONTEXT(2) 
PARAMETRIC_REPRESENTATION_CONTEXT() REPRESENTATION_CONTEXT('2D SPACE',''
  ) );
#9281 = ORIENTED_EDGE('',*,*,#9282,.F.);
#9282 = EDGE_CURVE('',#9190,#9260,#9283,.T.);
#9283 = SURFACE_CURVE('',#9284,(#9289,#9296),.PCURVE_S1.);
#9284 = CIRCLE('',#9285,4.);
#9285 = AXIS2_PLACEMENT_3D('',#9286,#9287,#9288);
#9286 = CARTESIAN_POINT('',(-17.,18.,85.5));
#9287 = DIRECTION('',(0.,1.,0.));
#9288 = DIRECTION('',(0.,-0.,1.));
#9289 = PCURVE('',#6023,#9290);
#9290 = DEFINITIONAL_REPRESENTATION('',(#9291),#9295);
#9291 = CIRCLE('',#9292,4.);
#9292 = AXIS2_PLACEMENT_2D('',#9293,#9294);
#9293 = CARTESIAN_POINT('',(-2.2,-0.6));
#9294 = DIRECTION('',(1.,0.));
#9295 = ( GEOMETRIC_REPRESENTATION_CONTEXT(2) 
PARAMETRIC_REPRESENTATION_CONTEXT() REPRESENTATION_CONTEXT('2D SPACE',''
  ) );
#9296 = PCURVE('',#6161,#9297);
#9297 = DEFINITIONAL_REPRESENTATION('',(#9298),#9301);
#9298 = B_SPLINE_CURVE_WITH_KNOTS('',1,(#9299,#9300),.UNSPECIFIED.,.F.,
  .F.,(2,2),(0.384396774496,1.186399552299),.PIECEWISE_BEZIER_KNOTS.);
#9299 = CARTESIAN_POINT('',(6.667582081675,4.));
#9300 = CARTESIAN_POINT('',(7.469584859479,4.));
#9301 = ( GEOMETRIC_REPRESENTATION_CONTEXT(2) 
PARAMETRIC_REPRESENTATION_CONTEXT() REPRESENTATION_CONTEXT('2D SPACE',''
  ) );
#9302 = ADVANCED_FACE('',(#9303),#6050,.T.);
#9303 = FACE_BOUND('',#9304,.T.);
#9304 = EDGE_LOOP('',(#9305,#9306,#9327,#9328));
#9305 = ORIENTED_EDGE('',*,*,#9212,.F.);
#9306 = ORIENTED_EDGE('',*,*,#9307,.T.);
#9307 = EDGE_CURVE('',#9188,#6094,#9308,.T.);
#9308 = SURFACE_CURVE('',#9309,(#9313,#9320),.PCURVE_S1.);
#9309 = LINE('',#9310,#9311);
#9310 = CARTESIAN_POINT('',(-16.4,18.,87.7));
#9311 = VECTOR('',#9312,1.);
#9312 = DIRECTION('',(0.,1.,0.));
#9313 = PCURVE('',#6050,#9314);
#9314 = DEFINITIONAL_REPRESENTATION('',(#9315),#9319);
#9315 = LINE('',#9316,#9317);
#9316 = CARTESIAN_POINT('',(0.,0.));
#9317 = VECTOR('',#9318,1.);
#9318 = DIRECTION('',(0.,-1.));
#9319 = ( GEOMETRIC_REPRESENTATION_CONTEXT(2) 
PARAMETRIC_REPRESENTATION_CONTEXT() REPRESENTATION_CONTEXT('2D SPACE',''
  ) );
#9320 = PCURVE('',#6129,#9321);
#9321 = DEFINITIONAL_REPRESENTATION('',(#9322),#9326);
#9322 = LINE('',#9323,#9324);
#9323 = CARTESIAN_POINT('',(0.,0.));
#9324 = VECTOR('',#9325,1.);
#9325 = DIRECTION('',(0.,1.));
#9326 = ( GEOMETRIC_REPRESENTATION_CONTEXT(2) 
PARAMETRIC_REPRESENTATION_CONTEXT() REPRESENTATION_CONTEXT('2D SPACE',''
  ) );
#9327 = ORIENTED_EDGE('',*,*,#6093,.F.);
#9328 = ORIENTED_EDGE('',*,*,#6035,.F.);
#9329 = ADVANCED_FACE('',(#9330),#6271,.F.);
#9330 = FACE_BOUND('',#9331,.F.);
#9331 = EDGE_LOOP('',(#9332,#9355,#9376,#9377));
#9332 = ORIENTED_EDGE('',*,*,#9333,.F.);
#9333 = EDGE_CURVE('',#9334,#6366,#9336,.T.);
#9334 = VERTEX_POINT('',#9335);
#9335 = CARTESIAN_POINT('',(16.4,18.,87.7));
#9336 = SURFACE_CURVE('',#9337,(#9341,#9348),.PCURVE_S1.);
#9337 = LINE('',#9338,#9339);
#9338 = CARTESIAN_POINT('',(16.4,18.,87.7));
#9339 = VECTOR('',#9340,1.);
#9340 = DIRECTION('',(0.,0.,1.));
#9341 = PCURVE('',#6271,#9342);
#9342 = DEFINITIONAL_REPRESENTATION('',(#9343),#9347);
#9343 = LINE('',#9344,#9345);
#9344 = CARTESIAN_POINT('',(0.,0.));
#9345 = VECTOR('',#9346,1.);
#9346 = DIRECTION('',(1.,0.));
#9347 = ( GEOMETRIC_REPRESENTATION_CONTEXT(2) 
PARAMETRIC_REPRESENTATION_CONTEXT() REPRESENTATION_CONTEXT('2D SPACE',''
  ) );
#9348 = PCURVE('',#6403,#9349);
#9349 = DEFINITIONAL_REPRESENTATION('',(#9350),#9354);
#9350 = LINE('',#9351,#9352);
#9351 = CARTESIAN_POINT('',(0.,4.4));
#9352 = VECTOR('',#9353,1.);
#9353 = DIRECTION('',(1.,0.));
#9354 = ( GEOMETRIC_REPRESENTATION_CONTEXT(2) 
PARAMETRIC_REPRESENTATION_CONTEXT() REPRESENTATION_CONTEXT('2D SPACE',''
  ) );
#9355 = ORIENTED_EDGE('',*,*,#9356,.T.);
#9356 = EDGE_CURVE('',#9334,#6231,#9357,.T.);
#9357 = SURFACE_CURVE('',#9358,(#9362,#9369),.PCURVE_S1.);
#9358 = LINE('',#9359,#9360);
#9359 = CARTESIAN_POINT('',(16.4,18.,87.7));
#9360 = VECTOR('',#9361,1.);
#9361 = DIRECTION('',(0.,1.,0.));
#9362 = PCURVE('',#6271,#9363);
#9363 = DEFINITIONAL_REPRESENTATION('',(#9364),#9368);
#9364 = LINE('',#9365,#9366);
#9365 = CARTESIAN_POINT('',(0.,0.));
#9366 = VECTOR('',#9367,1.);
#9367 = DIRECTION('',(0.,-1.));
#9368 = ( GEOMETRIC_REPRESENTATION_CONTEXT(2) 
PARAMETRIC_REPRESENTATION_CONTEXT() REPRESENTATION_CONTEXT('2D SPACE',''
  ) );
#9369 = PCURVE('',#6245,#9370);
#9370 = DEFINITIONAL_REPRESENTATION('',(#9371),#9375);
#9371 = LINE('',#9372,#9373);
#9372 = CARTESIAN_POINT('',(4.4,0.));
#9373 = VECTOR('',#9374,1.);
#9374 = DIRECTION('',(0.,1.));
#9375 = ( GEOMETRIC_REPRESENTATION_CONTEXT(2) 
PARAMETRIC_REPRESENTATION_CONTEXT() REPRESENTATION_CONTEXT('2D SPACE',''
  ) );
#9376 = ORIENTED_EDGE('',*,*,#6256,.F.);
#9377 = ORIENTED_EDGE('',*,*,#6365,.F.);
#9378 = ADVANCED_FACE('',(#9379),#6245,.T.);
#9379 = FACE_BOUND('',#9380,.T.);
#9380 = EDGE_LOOP('',(#9381,#9382,#9383,#9404));
#9381 = ORIENTED_EDGE('',*,*,#9356,.T.);
#9382 = ORIENTED_EDGE('',*,*,#6230,.F.);
#9383 = ORIENTED_EDGE('',*,*,#9384,.F.);
#9384 = EDGE_CURVE('',#9385,#6202,#9387,.T.);
#9385 = VERTEX_POINT('',#9386);
#9386 = CARTESIAN_POINT('',(13.659341382302,18.,87.7));
#9387 = SURFACE_CURVE('',#9388,(#9392,#9398),.PCURVE_S1.);
#9388 = LINE('',#9389,#9390);
#9389 = CARTESIAN_POINT('',(13.659341382302,14.,87.7));
#9390 = VECTOR('',#9391,1.);
#9391 = DIRECTION('',(0.,1.,0.));
#9392 = PCURVE('',#6245,#9393);
#9393 = DEFINITIONAL_REPRESENTATION('',(#9394),#9397);
#9394 = B_SPLINE_CURVE_WITH_KNOTS('',1,(#9395,#9396),.UNSPECIFIED.,.F.,
  .F.,(2,2),(3.35,10.0000006),.PIECEWISE_BEZIER_KNOTS.);
#9395 = CARTESIAN_POINT('',(1.659341382302,-0.65));
#9396 = CARTESIAN_POINT('',(1.659341382302,6.0000006));
#9397 = ( GEOMETRIC_REPRESENTATION_CONTEXT(2) 
PARAMETRIC_REPRESENTATION_CONTEXT() REPRESENTATION_CONTEXT('2D SPACE',''
  ) );
#9398 = PCURVE('',#6218,#9399);
#9399 = DEFINITIONAL_REPRESENTATION('',(#9400),#9403);
#9400 = B_SPLINE_CURVE_WITH_KNOTS('',1,(#9401,#9402),.UNSPECIFIED.,.F.,
  .F.,(2,2),(3.35,10.0000006),.PIECEWISE_BEZIER_KNOTS.);
#9401 = CARTESIAN_POINT('',(5.294753218253,3.35));
#9402 = CARTESIAN_POINT('',(5.294753218253,10.0000006));
#9403 = ( GEOMETRIC_REPRESENTATION_CONTEXT(2) 
PARAMETRIC_REPRESENTATION_CONTEXT() REPRESENTATION_CONTEXT('2D SPACE',''
  ) );
#9404 = ORIENTED_EDGE('',*,*,#9405,.T.);
#9405 = EDGE_CURVE('',#9385,#9334,#9406,.T.);
#9406 = SURFACE_CURVE('',#9407,(#9411,#9418),.PCURVE_S1.);
#9407 = LINE('',#9408,#9409);
#9408 = CARTESIAN_POINT('',(12.,18.,87.7));
#9409 = VECTOR('',#9410,1.);
#9410 = DIRECTION('',(1.,0.,0.));
#9411 = PCURVE('',#6245,#9412);
#9412 = DEFINITIONAL_REPRESENTATION('',(#9413),#9417);
#9413 = LINE('',#9414,#9415);
#9414 = CARTESIAN_POINT('',(0.,0.));
#9415 = VECTOR('',#9416,1.);
#9416 = DIRECTION('',(1.,0.));
#9417 = ( GEOMETRIC_REPRESENTATION_CONTEXT(2) 
PARAMETRIC_REPRESENTATION_CONTEXT() REPRESENTATION_CONTEXT('2D SPACE',''
  ) );
#9418 = PCURVE('',#6403,#9419);
#9419 = DEFINITIONAL_REPRESENTATION('',(#9420),#9424);
#9420 = LINE('',#9421,#9422);
#9421 = CARTESIAN_POINT('',(0.,0.));
#9422 = VECTOR('',#9423,1.);
#9423 = DIRECTION('',(0.,1.));
#9424 = ( GEOMETRIC_REPRESENTATION_CONTEXT(2) 
PARAMETRIC_REPRESENTATION_CONTEXT() REPRESENTATION_CONTEXT('2D SPACE',''
  ) );
#9425 = ADVANCED_FACE('',(#9426),#6218,.T.);
#9426 = FACE_BOUND('',#9427,.T.);
#9427 = EDGE_LOOP('',(#9428,#9429,#9450,#9471));
#9428 = ORIENTED_EDGE('',*,*,#6201,.F.);
#9429 = ORIENTED_EDGE('',*,*,#9430,.F.);
#9430 = EDGE_CURVE('',#9431,#6174,#9433,.T.);
#9431 = VERTEX_POINT('',#9432);
#9432 = CARTESIAN_POINT('',(13.291900756452,18.,87.));
#9433 = SURFACE_CURVE('',#9434,(#9438,#9444),.PCURVE_S1.);
#9434 = LINE('',#9435,#9436);
#9435 = CARTESIAN_POINT('',(13.291900756452,14.,87.));
#9436 = VECTOR('',#9437,1.);
#9437 = DIRECTION('',(0.,1.,0.));
#9438 = PCURVE('',#6218,#9439);
#9439 = DEFINITIONAL_REPRESENTATION('',(#9440),#9443);
#9440 = B_SPLINE_CURVE_WITH_KNOTS('',1,(#9441,#9442),.UNSPECIFIED.,.F.,
  .F.,(2,2),(4.,10.),.PIECEWISE_BEZIER_KNOTS.);
#9441 = CARTESIAN_POINT('',(5.09678575488,4.));
#9442 = CARTESIAN_POINT('',(5.09678575488,10.));
#9443 = ( GEOMETRIC_REPRESENTATION_CONTEXT(2) 
PARAMETRIC_REPRESENTATION_CONTEXT() REPRESENTATION_CONTEXT('2D SPACE',''
  ) );
#9444 = PCURVE('',#6189,#9445);
#9445 = DEFINITIONAL_REPRESENTATION('',(#9446),#9449);
#9446 = B_SPLINE_CURVE_WITH_KNOTS('',1,(#9447,#9448),.UNSPECIFIED.,.F.,
  .F.,(2,2),(-5.999999999062E-07,10.0000006),.PIECEWISE_BEZIER_KNOTS.);
#9447 = CARTESIAN_POINT('',(1.291900756452,-4.0000006));
#9448 = CARTESIAN_POINT('',(1.291900756452,6.0000006));
#9449 = ( GEOMETRIC_REPRESENTATION_CONTEXT(2) 
PARAMETRIC_REPRESENTATION_CONTEXT() REPRESENTATION_CONTEXT('2D SPACE',''
  ) );
#9450 = ORIENTED_EDGE('',*,*,#9451,.T.);
#9451 = EDGE_CURVE('',#9431,#9385,#9452,.T.);
#9452 = SURFACE_CURVE('',#9453,(#9458,#9464),.PCURVE_S1.);
#9453 = CIRCLE('',#9454,4.);
#9454 = AXIS2_PLACEMENT_3D('',#9455,#9456,#9457);
#9455 = CARTESIAN_POINT('',(17.,18.,85.5));
#9456 = DIRECTION('',(0.,1.,0.));
#9457 = DIRECTION('',(0.,-0.,1.));
#9458 = PCURVE('',#6218,#9459);
#9459 = DEFINITIONAL_REPRESENTATION('',(#9460),#9463);
#9460 = B_SPLINE_CURVE_WITH_KNOTS('',1,(#9461,#9462),.UNSPECIFIED.,.F.,
  .F.,(2,2),(5.09678575488,5.898788532684),.PIECEWISE_BEZIER_KNOTS.);
#9461 = CARTESIAN_POINT('',(5.09678575488,4.));
#9462 = CARTESIAN_POINT('',(5.898788532684,4.));
#9463 = ( GEOMETRIC_REPRESENTATION_CONTEXT(2) 
PARAMETRIC_REPRESENTATION_CONTEXT() REPRESENTATION_CONTEXT('2D SPACE',''
  ) );
#9464 = PCURVE('',#6403,#9465);
#9465 = DEFINITIONAL_REPRESENTATION('',(#9466),#9470);
#9466 = CIRCLE('',#9467,4.);
#9467 = AXIS2_PLACEMENT_2D('',#9468,#9469);
#9468 = CARTESIAN_POINT('',(-2.2,5.));
#9469 = DIRECTION('',(1.,0.));
#9470 = ( GEOMETRIC_REPRESENTATION_CONTEXT(2) 
PARAMETRIC_REPRESENTATION_CONTEXT() REPRESENTATION_CONTEXT('2D SPACE',''
  ) );
#9471 = ORIENTED_EDGE('',*,*,#9384,.T.);
#9472 = ADVANCED_FACE('',(#9473),#6189,.T.);
#9473 = FACE_BOUND('',#9474,.T.);
#9474 = EDGE_LOOP('',(#9475,#9476,#9495,#9496,#9518,#9540,#9567,#9588));
#9475 = ORIENTED_EDGE('',*,*,#6173,.F.);
#9476 = ORIENTED_EDGE('',*,*,#9477,.F.);
#9477 = EDGE_CURVE('',#9260,#6141,#9478,.T.);
#9478 = SURFACE_CURVE('',#9479,(#9483,#9489),.PCURVE_S1.);
#9479 = LINE('',#9480,#9481);
#9480 = CARTESIAN_POINT('',(-13.29190075645,14.,87.));
#9481 = VECTOR('',#9482,1.);
#9482 = DIRECTION('',(0.,1.,0.));
#9483 = PCURVE('',#6189,#9484);
#9484 = DEFINITIONAL_REPRESENTATION('',(#9485),#9488);
#9485 = B_SPLINE_CURVE_WITH_KNOTS('',1,(#9486,#9487),.UNSPECIFIED.,.F.,
  .F.,(2,2),(-5.999999999062E-07,10.0000006),.PIECEWISE_BEZIER_KNOTS.);
#9486 = CARTESIAN_POINT('',(-25.29190075645,-4.0000006));
#9487 = CARTESIAN_POINT('',(-25.29190075645,6.0000006));
#9488 = ( GEOMETRIC_REPRESENTATION_CONTEXT(2) 
PARAMETRIC_REPRESENTATION_CONTEXT() REPRESENTATION_CONTEXT('2D SPACE',''
  ) );
#9489 = PCURVE('',#6161,#9490);
#9490 = DEFINITIONAL_REPRESENTATION('',(#9491),#9494);
#9491 = B_SPLINE_CURVE_WITH_KNOTS('',1,(#9492,#9493),.UNSPECIFIED.,.F.,
  .F.,(2,2),(4.,10.),.PIECEWISE_BEZIER_KNOTS.);
#9492 = CARTESIAN_POINT('',(7.469584859479,4.));
#9493 = CARTESIAN_POINT('',(7.469584859479,10.));
#9494 = ( GEOMETRIC_REPRESENTATION_CONTEXT(2) 
PARAMETRIC_REPRESENTATION_CONTEXT() REPRESENTATION_CONTEXT('2D SPACE',''
  ) );
#9495 = ORIENTED_EDGE('',*,*,#9259,.T.);
#9496 = ORIENTED_EDGE('',*,*,#9497,.F.);
#9497 = EDGE_CURVE('',#9498,#9237,#9500,.T.);
#9498 = VERTEX_POINT('',#9499);
#9499 = CARTESIAN_POINT('',(-12.2,6.,87.));
#9500 = SURFACE_CURVE('',#9501,(#9505,#9512),.PCURVE_S1.);
#9501 = LINE('',#9502,#9503);
#9502 = CARTESIAN_POINT('',(-12.2,2.5,87.));
#9503 = VECTOR('',#9504,1.);
#9504 = DIRECTION('',(0.,1.,0.));
#9505 = PCURVE('',#6189,#9506);
#9506 = DEFINITIONAL_REPRESENTATION('',(#9507),#9511);
#9507 = LINE('',#9508,#9509);
#9508 = CARTESIAN_POINT('',(-24.2,-15.5));
#9509 = VECTOR('',#9510,1.);
#9510 = DIRECTION('',(0.,1.));
#9511 = ( GEOMETRIC_REPRESENTATION_CONTEXT(2) 
PARAMETRIC_REPRESENTATION_CONTEXT() REPRESENTATION_CONTEXT('2D SPACE',''
  ) );
#9512 = PCURVE('',#8979,#9513);
#9513 = DEFINITIONAL_REPRESENTATION('',(#9514),#9517);
#9514 = B_SPLINE_CURVE_WITH_KNOTS('',1,(#9515,#9516),.UNSPECIFIED.,.F.,
  .F.,(2,2),(3.5,21.5),.PIECEWISE_BEZIER_KNOTS.);
#9515 = CARTESIAN_POINT('',(3.,-3.5));
#9516 = CARTESIAN_POINT('',(3.,-21.5));
#9517 = ( GEOMETRIC_REPRESENTATION_CONTEXT(2) 
PARAMETRIC_REPRESENTATION_CONTEXT() REPRESENTATION_CONTEXT('2D SPACE',''
  ) );
#9518 = ORIENTED_EDGE('',*,*,#9519,.T.);
#9519 = EDGE_CURVE('',#9498,#9520,#9522,.T.);
#9520 = VERTEX_POINT('',#9521);
#9521 = CARTESIAN_POINT('',(12.2,6.,87.));
#9522 = SURFACE_CURVE('',#9523,(#9527,#9534),.PCURVE_S1.);
#9523 = LINE('',#9524,#9525);
#9524 = CARTESIAN_POINT('',(-16.25,6.,87.));
#9525 = VECTOR('',#9526,1.);
#9526 = DIRECTION('',(1.,0.,0.));
#9527 = PCURVE('',#6189,#9528);
#9528 = DEFINITIONAL_REPRESENTATION('',(#9529),#9533);
#9529 = LINE('',#9530,#9531);
#9530 = CARTESIAN_POINT('',(-28.25,-12.));
#9531 = VECTOR('',#9532,1.);
#9532 = DIRECTION('',(1.,0.));
#9533 = ( GEOMETRIC_REPRESENTATION_CONTEXT(2) 
PARAMETRIC_REPRESENTATION_CONTEXT() REPRESENTATION_CONTEXT('2D SPACE',''
  ) );
#9534 = PCURVE('',#8873,#9535);
#9535 = DEFINITIONAL_REPRESENTATION('',(#9536),#9539);
#9536 = B_SPLINE_CURVE_WITH_KNOTS('',1,(#9537,#9538),.UNSPECIFIED.,.F.,
  .F.,(2,2),(0.75,31.75),.PIECEWISE_BEZIER_KNOTS.);
#9537 = CARTESIAN_POINT('',(3.,1.5));
#9538 = CARTESIAN_POINT('',(3.,32.5));
#9539 = ( GEOMETRIC_REPRESENTATION_CONTEXT(2) 
PARAMETRIC_REPRESENTATION_CONTEXT() REPRESENTATION_CONTEXT('2D SPACE',''
  ) );
#9540 = ORIENTED_EDGE('',*,*,#9541,.T.);
#9541 = EDGE_CURVE('',#9520,#9542,#9544,.T.);
#9542 = VERTEX_POINT('',#9543);
#9543 = CARTESIAN_POINT('',(12.2,18.,87.));
#9544 = SURFACE_CURVE('',#9545,(#9549,#9556),.PCURVE_S1.);
#9545 = LINE('',#9546,#9547);
#9546 = CARTESIAN_POINT('',(12.2,2.5,87.));
#9547 = VECTOR('',#9548,1.);
#9548 = DIRECTION('',(0.,1.,0.));
#9549 = PCURVE('',#6189,#9550);
#9550 = DEFINITIONAL_REPRESENTATION('',(#9551),#9555);
#9551 = LINE('',#9552,#9553);
#9552 = CARTESIAN_POINT('',(0.2,-15.5));
#9553 = VECTOR('',#9554,1.);
#9554 = DIRECTION('',(0.,1.));
#9555 = ( GEOMETRIC_REPRESENTATION_CONTEXT(2) 
PARAMETRIC_REPRESENTATION_CONTEXT() REPRESENTATION_CONTEXT('2D SPACE',''
  ) );
#9556 = PCURVE('',#9557,#9562);
#9557 = PLANE('',#9558);
#9558 = AXIS2_PLACEMENT_3D('',#9559,#9560,#9561);
#9559 = CARTESIAN_POINT('',(12.2,2.5,84.));
#9560 = DIRECTION('',(1.,0.,0.));
#9561 = DIRECTION('',(0.,0.,1.));
#9562 = DEFINITIONAL_REPRESENTATION('',(#9563),#9566);
#9563 = B_SPLINE_CURVE_WITH_KNOTS('',1,(#9564,#9565),.UNSPECIFIED.,.F.,
  .F.,(2,2),(3.5,21.5),.PIECEWISE_BEZIER_KNOTS.);
#9564 = CARTESIAN_POINT('',(3.,-3.5));
#9565 = CARTESIAN_POINT('',(3.,-21.5));
#9566 = ( GEOMETRIC_REPRESENTATION_CONTEXT(2) 
PARAMETRIC_REPRESENTATION_CONTEXT() REPRESENTATION_CONTEXT('2D SPACE',''
  ) );
#9567 = ORIENTED_EDGE('',*,*,#9568,.T.);
#9568 = EDGE_CURVE('',#9542,#9431,#9569,.T.);
#9569 = SURFACE_CURVE('',#9570,(#9574,#9581),.PCURVE_S1.);
#9570 = LINE('',#9571,#9572);
#9571 = CARTESIAN_POINT('',(12.,18.,87.));
#9572 = VECTOR('',#9573,1.);
#9573 = DIRECTION('',(1.,0.,0.));
#9574 = PCURVE('',#6189,#9575);
#9575 = DEFINITIONAL_REPRESENTATION('',(#9576),#9580);
#9576 = LINE('',#9577,#9578);
#9577 = CARTESIAN_POINT('',(0.,0.));
#9578 = VECTOR('',#9579,1.);
#9579 = DIRECTION('',(1.,0.));
#9580 = ( GEOMETRIC_REPRESENTATION_CONTEXT(2) 
PARAMETRIC_REPRESENTATION_CONTEXT() REPRESENTATION_CONTEXT('2D SPACE',''
  ) );
#9581 = PCURVE('',#6403,#9582);
#9582 = DEFINITIONAL_REPRESENTATION('',(#9583),#9587);
#9583 = LINE('',#9584,#9585);
#9584 = CARTESIAN_POINT('',(-0.7,0.));
#9585 = VECTOR('',#9586,1.);
#9586 = DIRECTION('',(0.,1.));
#9587 = ( GEOMETRIC_REPRESENTATION_CONTEXT(2) 
PARAMETRIC_REPRESENTATION_CONTEXT() REPRESENTATION_CONTEXT('2D SPACE',''
  ) );
#9588 = ORIENTED_EDGE('',*,*,#9430,.T.);
#9589 = ADVANCED_FACE('',(#9590),#6161,.T.);
#9590 = FACE_BOUND('',#9591,.T.);
#9591 = EDGE_LOOP('',(#9592,#9611,#9612,#9613));
#9592 = ORIENTED_EDGE('',*,*,#9593,.F.);
#9593 = EDGE_CURVE('',#9190,#6115,#9594,.T.);
#9594 = SURFACE_CURVE('',#9595,(#9599,#9605),.PCURVE_S1.);
#9595 = LINE('',#9596,#9597);
#9596 = CARTESIAN_POINT('',(-13.6593413823,14.,87.7));
#9597 = VECTOR('',#9598,1.);
#9598 = DIRECTION('',(0.,1.,0.));
#9599 = PCURVE('',#6161,#9600);
#9600 = DEFINITIONAL_REPRESENTATION('',(#9601),#9604);
#9601 = B_SPLINE_CURVE_WITH_KNOTS('',1,(#9602,#9603),.UNSPECIFIED.,.F.,
  .F.,(2,2),(3.35,10.0000006),.PIECEWISE_BEZIER_KNOTS.);
#9602 = CARTESIAN_POINT('',(7.271617396106,3.35));
#9603 = CARTESIAN_POINT('',(7.271617396106,10.0000006));
#9604 = ( GEOMETRIC_REPRESENTATION_CONTEXT(2) 
PARAMETRIC_REPRESENTATION_CONTEXT() REPRESENTATION_CONTEXT('2D SPACE',''
  ) );
#9605 = PCURVE('',#6129,#9606);
#9606 = DEFINITIONAL_REPRESENTATION('',(#9607),#9610);
#9607 = B_SPLINE_CURVE_WITH_KNOTS('',1,(#9608,#9609),.UNSPECIFIED.,.F.,
  .F.,(2,2),(3.35,10.0000006),.PIECEWISE_BEZIER_KNOTS.);
#9608 = CARTESIAN_POINT('',(2.740658617698,-0.65));
#9609 = CARTESIAN_POINT('',(2.740658617698,6.0000006));
#9610 = ( GEOMETRIC_REPRESENTATION_CONTEXT(2) 
PARAMETRIC_REPRESENTATION_CONTEXT() REPRESENTATION_CONTEXT('2D SPACE',''
  ) );
#9611 = ORIENTED_EDGE('',*,*,#9282,.T.);
#9612 = ORIENTED_EDGE('',*,*,#9477,.T.);
#9613 = ORIENTED_EDGE('',*,*,#6140,.T.);
#9614 = ADVANCED_FACE('',(#9615),#6129,.T.);
#9615 = FACE_BOUND('',#9616,.T.);
#9616 = EDGE_LOOP('',(#9617,#9618,#9619,#9620));
#9617 = ORIENTED_EDGE('',*,*,#9307,.F.);
#9618 = ORIENTED_EDGE('',*,*,#9187,.T.);
#9619 = ORIENTED_EDGE('',*,*,#9593,.T.);
#9620 = ORIENTED_EDGE('',*,*,#6114,.F.);
#9621 = ADVANCED_FACE('',(#9622),#6349,.F.);
#9622 = FACE_BOUND('',#9623,.F.);
#9623 = EDGE_LOOP('',(#9624,#9625,#9646,#9647));
#9624 = ORIENTED_EDGE('',*,*,#6332,.F.);
#9625 = ORIENTED_EDGE('',*,*,#9626,.F.);
#9626 = EDGE_CURVE('',#6704,#6333,#9627,.T.);
#9627 = SEAM_CURVE('',#9628,(#9632,#9639),.PCURVE_S1.);
#9628 = LINE('',#9629,#9630);
#9629 = CARTESIAN_POINT('',(17.,13.5,86.4));
#9630 = VECTOR('',#9631,1.);
#9631 = DIRECTION('',(0.,1.,0.));
#9632 = PCURVE('',#6349,#9633);
#9633 = DEFINITIONAL_REPRESENTATION('',(#9634),#9638);
#9634 = LINE('',#9635,#9636);
#9635 = CARTESIAN_POINT('',(6.28318530718,-0.));
#9636 = VECTOR('',#9637,1.);
#9637 = DIRECTION('',(0.,1.));
#9638 = ( GEOMETRIC_REPRESENTATION_CONTEXT(2) 
PARAMETRIC_REPRESENTATION_CONTEXT() REPRESENTATION_CONTEXT('2D SPACE',''
  ) );
#9639 = PCURVE('',#6349,#9640);
#9640 = DEFINITIONAL_REPRESENTATION('',(#9641),#9645);
#9641 = LINE('',#9642,#9643);
#9642 = CARTESIAN_POINT('',(0.,-0.));
#9643 = VECTOR('',#9644,1.);
#9644 = DIRECTION('',(0.,1.));
#9645 = ( GEOMETRIC_REPRESENTATION_CONTEXT(2) 
PARAMETRIC_REPRESENTATION_CONTEXT() REPRESENTATION_CONTEXT('2D SPACE',''
  ) );
#9646 = ORIENTED_EDGE('',*,*,#6703,.T.);
#9647 = ORIENTED_EDGE('',*,*,#9626,.T.);
#9648 = ADVANCED_FACE('',(#9649),#6403,.T.);
#9649 = FACE_BOUND('',#9650,.T.);
#9650 = EDGE_LOOP('',(#9651,#9652,#9653,#9654,#9677,#9700,#9720,#9721));
#9651 = ORIENTED_EDGE('',*,*,#9405,.F.);
#9652 = ORIENTED_EDGE('',*,*,#9451,.F.);
#9653 = ORIENTED_EDGE('',*,*,#9568,.F.);
#9654 = ORIENTED_EDGE('',*,*,#9655,.T.);
#9655 = EDGE_CURVE('',#9542,#9656,#9658,.T.);
#9656 = VERTEX_POINT('',#9657);
#9657 = CARTESIAN_POINT('',(12.2,18.,91.82055052823));
#9658 = SURFACE_CURVE('',#9659,(#9663,#9670),.PCURVE_S1.);
#9659 = LINE('',#9660,#9661);
#9660 = CARTESIAN_POINT('',(12.2,18.,87.));
#9661 = VECTOR('',#9662,1.);
#9662 = DIRECTION('',(0.,0.,1.));
#9663 = PCURVE('',#6403,#9664);
#9664 = DEFINITIONAL_REPRESENTATION('',(#9665),#9669);
#9665 = LINE('',#9666,#9667);
#9666 = CARTESIAN_POINT('',(-0.7,0.2));
#9667 = VECTOR('',#9668,1.);
#9668 = DIRECTION('',(1.,0.));
#9669 = ( GEOMETRIC_REPRESENTATION_CONTEXT(2) 
PARAMETRIC_REPRESENTATION_CONTEXT() REPRESENTATION_CONTEXT('2D SPACE',''
  ) );
#9670 = PCURVE('',#9557,#9671);
#9671 = DEFINITIONAL_REPRESENTATION('',(#9672),#9676);
#9672 = LINE('',#9673,#9674);
#9673 = CARTESIAN_POINT('',(3.,-15.5));
#9674 = VECTOR('',#9675,1.);
#9675 = DIRECTION('',(1.,0.));
#9676 = ( GEOMETRIC_REPRESENTATION_CONTEXT(2) 
PARAMETRIC_REPRESENTATION_CONTEXT() REPRESENTATION_CONTEXT('2D SPACE',''
  ) );
#9677 = ORIENTED_EDGE('',*,*,#9678,.T.);
#9678 = EDGE_CURVE('',#9656,#9679,#9681,.T.);
#9679 = VERTEX_POINT('',#9680);
#9680 = CARTESIAN_POINT('',(15.5,18.,91.82055052823));
#9681 = SURFACE_CURVE('',#9682,(#9686,#9693),.PCURVE_S1.);
#9682 = LINE('',#9683,#9684);
#9683 = CARTESIAN_POINT('',(11.5,18.,91.82055052823));
#9684 = VECTOR('',#9685,1.);
#9685 = DIRECTION('',(1.,0.,0.));
#9686 = PCURVE('',#6403,#9687);
#9687 = DEFINITIONAL_REPRESENTATION('',(#9688),#9692);
#9688 = LINE('',#9689,#9690);
#9689 = CARTESIAN_POINT('',(4.12055052823,-0.5));
#9690 = VECTOR('',#9691,1.);
#9691 = DIRECTION('',(0.,1.));
#9692 = ( GEOMETRIC_REPRESENTATION_CONTEXT(2) 
PARAMETRIC_REPRESENTATION_CONTEXT() REPRESENTATION_CONTEXT('2D SPACE',''
  ) );
#9693 = PCURVE('',#6555,#9694);
#9694 = DEFINITIONAL_REPRESENTATION('',(#9695),#9699);
#9695 = LINE('',#9696,#9697);
#9696 = CARTESIAN_POINT('',(4.261362168588,0.));
#9697 = VECTOR('',#9698,1.);
#9698 = DIRECTION('',(0.,1.));
#9699 = ( GEOMETRIC_REPRESENTATION_CONTEXT(2) 
PARAMETRIC_REPRESENTATION_CONTEXT() REPRESENTATION_CONTEXT('2D SPACE',''
  ) );
#9700 = ORIENTED_EDGE('',*,*,#9701,.F.);
#9701 = EDGE_CURVE('',#6387,#9679,#9702,.T.);
#9702 = SURFACE_CURVE('',#9703,(#9707,#9714),.PCURVE_S1.);
#9703 = LINE('',#9704,#9705);
#9704 = CARTESIAN_POINT('',(15.5,18.,85.5));
#9705 = VECTOR('',#9706,1.);
#9706 = DIRECTION('',(0.,0.,1.));
#9707 = PCURVE('',#6403,#9708);
#9708 = DEFINITIONAL_REPRESENTATION('',(#9709),#9713);
#9709 = LINE('',#9710,#9711);
#9710 = CARTESIAN_POINT('',(-2.2,3.5));
#9711 = VECTOR('',#9712,1.);
#9712 = DIRECTION('',(1.,0.));
#9713 = ( GEOMETRIC_REPRESENTATION_CONTEXT(2) 
PARAMETRIC_REPRESENTATION_CONTEXT() REPRESENTATION_CONTEXT('2D SPACE',''
  ) );
#9714 = PCURVE('',#6430,#9715);
#9715 = DEFINITIONAL_REPRESENTATION('',(#9716),#9719);
#9716 = B_SPLINE_CURVE_WITH_KNOTS('',1,(#9717,#9718),.UNSPECIFIED.,.F.,
  .F.,(2,2),(1.5,15.5),.PIECEWISE_BEZIER_KNOTS.);
#9717 = CARTESIAN_POINT('',(3.,-15.5));
#9718 = CARTESIAN_POINT('',(17.,-15.5));
#9719 = ( GEOMETRIC_REPRESENTATION_CONTEXT(2) 
PARAMETRIC_REPRESENTATION_CONTEXT() REPRESENTATION_CONTEXT('2D SPACE',''
  ) );
#9720 = ORIENTED_EDGE('',*,*,#6386,.T.);
#9721 = ORIENTED_EDGE('',*,*,#9333,.F.);
#9722 = ADVANCED_FACE('',(#9723),#6430,.T.);
#9723 = FACE_BOUND('',#9724,.T.);
#9724 = EDGE_LOOP('',(#9725,#9747,#9748));
#9725 = ORIENTED_EDGE('',*,*,#9726,.F.);
#9726 = EDGE_CURVE('',#6416,#9679,#9727,.T.);
#9727 = SURFACE_CURVE('',#9728,(#9733,#9740),.PCURVE_S1.);
#9728 = CIRCLE('',#9729,5.);
#9729 = AXIS2_PLACEMENT_3D('',#9730,#9731,#9732);
#9730 = CARTESIAN_POINT('',(15.5,13.5,94.));
#9731 = DIRECTION('',(1.,0.,0.));
#9732 = DIRECTION('',(-0.,0.,1.));
#9733 = PCURVE('',#6430,#9734);
#9734 = DEFINITIONAL_REPRESENTATION('',(#9735),#9739);
#9735 = CIRCLE('',#9736,5.);
#9736 = AXIS2_PLACEMENT_2D('',#9737,#9738);
#9737 = CARTESIAN_POINT('',(10.,-11.));
#9738 = DIRECTION('',(1.,0.));
#9739 = ( GEOMETRIC_REPRESENTATION_CONTEXT(2) 
PARAMETRIC_REPRESENTATION_CONTEXT() REPRESENTATION_CONTEXT('2D SPACE',''
  ) );
#9740 = PCURVE('',#6555,#9741);
#9741 = DEFINITIONAL_REPRESENTATION('',(#9742),#9746);
#9742 = LINE('',#9743,#9744);
#9743 = CARTESIAN_POINT('',(0.,4.));
#9744 = VECTOR('',#9745,1.);
#9745 = DIRECTION('',(1.,0.));
#9746 = ( GEOMETRIC_REPRESENTATION_CONTEXT(2) 
PARAMETRIC_REPRESENTATION_CONTEXT() REPRESENTATION_CONTEXT('2D SPACE',''
  ) );
#9747 = ORIENTED_EDGE('',*,*,#6415,.T.);
#9748 = ORIENTED_EDGE('',*,*,#9701,.T.);
#9749 = ADVANCED_FACE('',(#9750),#6555,.F.);
#9750 = FACE_BOUND('',#9751,.F.);
#9751 = EDGE_LOOP('',(#9752,#9753,#9754,#9776,#9798,#9799,#9800));
#9752 = ORIENTED_EDGE('',*,*,#6659,.F.);
#9753 = ORIENTED_EDGE('',*,*,#6755,.F.);
#9754 = ORIENTED_EDGE('',*,*,#9755,.F.);
#9755 = EDGE_CURVE('',#9756,#6756,#9758,.T.);
#9756 = VERTEX_POINT('',#9757);
#9757 = CARTESIAN_POINT('',(12.2,13.5,89.));
#9758 = SURFACE_CURVE('',#9759,(#9763,#9769),.PCURVE_S1.);
#9759 = LINE('',#9760,#9761);
#9760 = CARTESIAN_POINT('',(11.5,13.5,89.));
#9761 = VECTOR('',#9762,1.);
#9762 = DIRECTION('',(1.,0.,0.));
#9763 = PCURVE('',#6555,#9764);
#9764 = DEFINITIONAL_REPRESENTATION('',(#9765),#9768);
#9765 = B_SPLINE_CURVE_WITH_KNOTS('',1,(#9766,#9767),.UNSPECIFIED.,.F.,
  .F.,(2,2),(0.7,4.),.PIECEWISE_BEZIER_KNOTS.);
#9766 = CARTESIAN_POINT('',(3.14159265359,0.7));
#9767 = CARTESIAN_POINT('',(3.14159265359,4.));
#9768 = ( GEOMETRIC_REPRESENTATION_CONTEXT(2) 
PARAMETRIC_REPRESENTATION_CONTEXT() REPRESENTATION_CONTEXT('2D SPACE',''
  ) );
#9769 = PCURVE('',#6794,#9770);
#9770 = DEFINITIONAL_REPRESENTATION('',(#9771),#9775);
#9771 = LINE('',#9772,#9773);
#9772 = CARTESIAN_POINT('',(0.,6.));
#9773 = VECTOR('',#9774,1.);
#9774 = DIRECTION('',(1.,0.));
#9775 = ( GEOMETRIC_REPRESENTATION_CONTEXT(2) 
PARAMETRIC_REPRESENTATION_CONTEXT() REPRESENTATION_CONTEXT('2D SPACE',''
  ) );
#9776 = ORIENTED_EDGE('',*,*,#9777,.T.);
#9777 = EDGE_CURVE('',#9756,#9656,#9778,.T.);
#9778 = SURFACE_CURVE('',#9779,(#9784,#9791),.PCURVE_S1.);
#9779 = CIRCLE('',#9780,5.);
#9780 = AXIS2_PLACEMENT_3D('',#9781,#9782,#9783);
#9781 = CARTESIAN_POINT('',(12.2,13.5,94.));
#9782 = DIRECTION('',(1.,0.,0.));
#9783 = DIRECTION('',(-0.,0.,1.));
#9784 = PCURVE('',#6555,#9785);
#9785 = DEFINITIONAL_REPRESENTATION('',(#9786),#9790);
#9786 = LINE('',#9787,#9788);
#9787 = CARTESIAN_POINT('',(0.,0.7));
#9788 = VECTOR('',#9789,1.);
#9789 = DIRECTION('',(1.,0.));
#9790 = ( GEOMETRIC_REPRESENTATION_CONTEXT(2) 
PARAMETRIC_REPRESENTATION_CONTEXT() REPRESENTATION_CONTEXT('2D SPACE',''
  ) );
#9791 = PCURVE('',#9557,#9792);
#9792 = DEFINITIONAL_REPRESENTATION('',(#9793),#9797);
#9793 = CIRCLE('',#9794,5.);
#9794 = AXIS2_PLACEMENT_2D('',#9795,#9796);
#9795 = CARTESIAN_POINT('',(10.,-11.));
#9796 = DIRECTION('',(1.,0.));
#9797 = ( GEOMETRIC_REPRESENTATION_CONTEXT(2) 
PARAMETRIC_REPRESENTATION_CONTEXT() REPRESENTATION_CONTEXT('2D SPACE',''
  ) );
#9798 = ORIENTED_EDGE('',*,*,#9678,.T.);
#9799 = ORIENTED_EDGE('',*,*,#9726,.F.);
#9800 = ORIENTED_EDGE('',*,*,#6441,.T.);
#9801 = ADVANCED_FACE('',(#9802),#6820,.F.);
#9802 = FACE_BOUND('',#9803,.F.);
#9803 = EDGE_LOOP('',(#9804,#9805,#9827,#9856,#9877,#9906,#9927,#9951,
    #9972,#9973,#9974,#9975,#9976));
#9804 = ORIENTED_EDGE('',*,*,#8723,.F.);
#9805 = ORIENTED_EDGE('',*,*,#9806,.F.);
#9806 = EDGE_CURVE('',#9807,#8724,#9809,.T.);
#9807 = VERTEX_POINT('',#9808);
#9808 = CARTESIAN_POINT('',(12.2,7.5,99.));
#9809 = SURFACE_CURVE('',#9810,(#9814,#9820),.PCURVE_S1.);
#9810 = LINE('',#9811,#9812);
#9811 = CARTESIAN_POINT('',(11.5,7.5,99.));
#9812 = VECTOR('',#9813,1.);
#9813 = DIRECTION('',(1.,0.,0.));
#9814 = PCURVE('',#6820,#9815);
#9815 = DEFINITIONAL_REPRESENTATION('',(#9816),#9819);
#9816 = B_SPLINE_CURVE_WITH_KNOTS('',1,(#9817,#9818),.UNSPECIFIED.,.F.,
  .F.,(2,2),(0.,6.),.PIECEWISE_BEZIER_KNOTS.);
#9817 = CARTESIAN_POINT('',(0.,0.));
#9818 = CARTESIAN_POINT('',(0.,6.));
#9819 = ( GEOMETRIC_REPRESENTATION_CONTEXT(2) 
PARAMETRIC_REPRESENTATION_CONTEXT() REPRESENTATION_CONTEXT('2D SPACE',''
  ) );
#9820 = PCURVE('',#8762,#9821);
#9821 = DEFINITIONAL_REPRESENTATION('',(#9822),#9826);
#9822 = LINE('',#9823,#9824);
#9823 = CARTESIAN_POINT('',(0.,0.));
#9824 = VECTOR('',#9825,1.);
#9825 = DIRECTION('',(1.,0.));
#9826 = ( GEOMETRIC_REPRESENTATION_CONTEXT(2) 
PARAMETRIC_REPRESENTATION_CONTEXT() REPRESENTATION_CONTEXT('2D SPACE',''
  ) );
#9827 = ORIENTED_EDGE('',*,*,#9828,.T.);
#9828 = EDGE_CURVE('',#9807,#9829,#9831,.T.);
#9829 = VERTEX_POINT('',#9830);
#9830 = CARTESIAN_POINT('',(12.2,6.,98.769696007085));
#9831 = SURFACE_CURVE('',#9832,(#9837,#9844),.PCURVE_S1.);
#9832 = CIRCLE('',#9833,5.);
#9833 = AXIS2_PLACEMENT_3D('',#9834,#9835,#9836);
#9834 = CARTESIAN_POINT('',(12.2,7.5,94.));
#9835 = DIRECTION('',(1.,0.,0.));
#9836 = DIRECTION('',(-0.,0.,1.));
#9837 = PCURVE('',#6820,#9838);
#9838 = DEFINITIONAL_REPRESENTATION('',(#9839),#9843);
#9839 = LINE('',#9840,#9841);
#9840 = CARTESIAN_POINT('',(0.,0.7));
#9841 = VECTOR('',#9842,1.);
#9842 = DIRECTION('',(1.,0.));
#9843 = ( GEOMETRIC_REPRESENTATION_CONTEXT(2) 
PARAMETRIC_REPRESENTATION_CONTEXT() REPRESENTATION_CONTEXT('2D SPACE',''
  ) );
#9844 = PCURVE('',#9845,#9850);
#9845 = PLANE('',#9846);
#9846 = AXIS2_PLACEMENT_3D('',#9847,#9848,#9849);
#9847 = CARTESIAN_POINT('',(12.2,2.5,84.));
#9848 = DIRECTION('',(1.,0.,0.));
#9849 = DIRECTION('',(0.,0.,1.));
#9850 = DEFINITIONAL_REPRESENTATION('',(#9851),#9855);
#9851 = CIRCLE('',#9852,5.);
#9852 = AXIS2_PLACEMENT_2D('',#9853,#9854);
#9853 = CARTESIAN_POINT('',(10.,-5.));
#9854 = DIRECTION('',(1.,0.));
#9855 = ( GEOMETRIC_REPRESENTATION_CONTEXT(2) 
PARAMETRIC_REPRESENTATION_CONTEXT() REPRESENTATION_CONTEXT('2D SPACE',''
  ) );
#9856 = ORIENTED_EDGE('',*,*,#9857,.F.);
#9857 = EDGE_CURVE('',#9858,#9829,#9860,.T.);
#9858 = VERTEX_POINT('',#9859);
#9859 = CARTESIAN_POINT('',(11.5,6.,98.769696007085));
#9860 = SURFACE_CURVE('',#9861,(#9865,#9871),.PCURVE_S1.);
#9861 = LINE('',#9862,#9863);
#9862 = CARTESIAN_POINT('',(11.5,6.,98.769696007085));
#9863 = VECTOR('',#9864,1.);
#9864 = DIRECTION('',(1.,0.,0.));
#9865 = PCURVE('',#6820,#9866);
#9866 = DEFINITIONAL_REPRESENTATION('',(#9867),#9870);
#9867 = B_SPLINE_CURVE_WITH_KNOTS('',1,(#9868,#9869),.UNSPECIFIED.,.F.,
  .F.,(2,2),(-5.999999999062E-07,3.14),.PIECEWISE_BEZIER_KNOTS.);
#9868 = CARTESIAN_POINT('',(0.304692654015,-5.999999999062E-07));
#9869 = CARTESIAN_POINT('',(0.304692654015,3.14));
#9870 = ( GEOMETRIC_REPRESENTATION_CONTEXT(2) 
PARAMETRIC_REPRESENTATION_CONTEXT() REPRESENTATION_CONTEXT('2D SPACE',''
  ) );
#9871 = PCURVE('',#8873,#9872);
#9872 = DEFINITIONAL_REPRESENTATION('',(#9873),#9876);
#9873 = B_SPLINE_CURVE_WITH_KNOTS('',1,(#9874,#9875),.UNSPECIFIED.,.F.,
  .F.,(2,2),(-5.999999999062E-07,3.14),.PIECEWISE_BEZIER_KNOTS.);
#9874 = CARTESIAN_POINT('',(14.769696007085,28.4999994));
#9875 = CARTESIAN_POINT('',(14.769696007085,31.64));
#9876 = ( GEOMETRIC_REPRESENTATION_CONTEXT(2) 
PARAMETRIC_REPRESENTATION_CONTEXT() REPRESENTATION_CONTEXT('2D SPACE',''
  ) );
#9877 = ORIENTED_EDGE('',*,*,#9878,.T.);
#9878 = EDGE_CURVE('',#9858,#9879,#9881,.T.);
#9879 = VERTEX_POINT('',#9880);
#9880 = CARTESIAN_POINT('',(11.5,6.,89.230303992915));
#9881 = SURFACE_CURVE('',#9882,(#9887,#9894),.PCURVE_S1.);
#9882 = CIRCLE('',#9883,5.);
#9883 = AXIS2_PLACEMENT_3D('',#9884,#9885,#9886);
#9884 = CARTESIAN_POINT('',(11.5,7.5,94.));
#9885 = DIRECTION('',(1.,0.,0.));
#9886 = DIRECTION('',(-0.,0.,1.));
#9887 = PCURVE('',#6820,#9888);
#9888 = DEFINITIONAL_REPRESENTATION('',(#9889),#9893);
#9889 = LINE('',#9890,#9891);
#9890 = CARTESIAN_POINT('',(0.,0.));
#9891 = VECTOR('',#9892,1.);
#9892 = DIRECTION('',(1.,0.));
#9893 = ( GEOMETRIC_REPRESENTATION_CONTEXT(2) 
PARAMETRIC_REPRESENTATION_CONTEXT() REPRESENTATION_CONTEXT('2D SPACE',''
  ) );
#9894 = PCURVE('',#9895,#9900);
#9895 = PLANE('',#9896);
#9896 = AXIS2_PLACEMENT_3D('',#9897,#9898,#9899);
#9897 = CARTESIAN_POINT('',(11.5,7.5,89.));
#9898 = DIRECTION('',(1.,0.,0.));
#9899 = DIRECTION('',(0.,0.,1.));
#9900 = DEFINITIONAL_REPRESENTATION('',(#9901),#9905);
#9901 = CIRCLE('',#9902,5.);
#9902 = AXIS2_PLACEMENT_2D('',#9903,#9904);
#9903 = CARTESIAN_POINT('',(5.,0.));
#9904 = DIRECTION('',(1.,0.));
#9905 = ( GEOMETRIC_REPRESENTATION_CONTEXT(2) 
PARAMETRIC_REPRESENTATION_CONTEXT() REPRESENTATION_CONTEXT('2D SPACE',''
  ) );
#9906 = ORIENTED_EDGE('',*,*,#9907,.T.);
#9907 = EDGE_CURVE('',#9879,#9908,#9910,.T.);
#9908 = VERTEX_POINT('',#9909);
#9909 = CARTESIAN_POINT('',(12.2,6.,89.230303992915));
#9910 = SURFACE_CURVE('',#9911,(#9915,#9921),.PCURVE_S1.);
#9911 = LINE('',#9912,#9913);
#9912 = CARTESIAN_POINT('',(11.5,6.,89.230303992915));
#9913 = VECTOR('',#9914,1.);
#9914 = DIRECTION('',(1.,0.,0.));
#9915 = PCURVE('',#6820,#9916);
#9916 = DEFINITIONAL_REPRESENTATION('',(#9917),#9920);
#9917 = B_SPLINE_CURVE_WITH_KNOTS('',1,(#9918,#9919),.UNSPECIFIED.,.F.,
  .F.,(2,2),(-5.999999999062E-07,3.14),.PIECEWISE_BEZIER_KNOTS.);
#9918 = CARTESIAN_POINT('',(2.836899999574,-5.999999999062E-07));
#9919 = CARTESIAN_POINT('',(2.836899999574,3.14));
#9920 = ( GEOMETRIC_REPRESENTATION_CONTEXT(2) 
PARAMETRIC_REPRESENTATION_CONTEXT() REPRESENTATION_CONTEXT('2D SPACE',''
  ) );
#9921 = PCURVE('',#8873,#9922);
#9922 = DEFINITIONAL_REPRESENTATION('',(#9923),#9926);
#9923 = B_SPLINE_CURVE_WITH_KNOTS('',1,(#9924,#9925),.UNSPECIFIED.,.F.,
  .F.,(2,2),(-5.999999999062E-07,3.14),.PIECEWISE_BEZIER_KNOTS.);
#9924 = CARTESIAN_POINT('',(5.230303992915,28.4999994));
#9925 = CARTESIAN_POINT('',(5.230303992915,31.64));
#9926 = ( GEOMETRIC_REPRESENTATION_CONTEXT(2) 
PARAMETRIC_REPRESENTATION_CONTEXT() REPRESENTATION_CONTEXT('2D SPACE',''
  ) );
#9927 = ORIENTED_EDGE('',*,*,#9928,.T.);
#9928 = EDGE_CURVE('',#9908,#9929,#9931,.T.);
#9929 = VERTEX_POINT('',#9930);
#9930 = CARTESIAN_POINT('',(12.2,7.5,89.));
#9931 = SURFACE_CURVE('',#9932,(#9937,#9944),.PCURVE_S1.);
#9932 = CIRCLE('',#9933,5.);
#9933 = AXIS2_PLACEMENT_3D('',#9934,#9935,#9936);
#9934 = CARTESIAN_POINT('',(12.2,7.5,94.));
#9935 = DIRECTION('',(1.,0.,0.));
#9936 = DIRECTION('',(-0.,0.,1.));
#9937 = PCURVE('',#6820,#9938);
#9938 = DEFINITIONAL_REPRESENTATION('',(#9939),#9943);
#9939 = LINE('',#9940,#9941);
#9940 = CARTESIAN_POINT('',(0.,0.7));
#9941 = VECTOR('',#9942,1.);
#9942 = DIRECTION('',(1.,0.));
#9943 = ( GEOMETRIC_REPRESENTATION_CONTEXT(2) 
PARAMETRIC_REPRESENTATION_CONTEXT() REPRESENTATION_CONTEXT('2D SPACE',''
  ) );
#9944 = PCURVE('',#9557,#9945);
#9945 = DEFINITIONAL_REPRESENTATION('',(#9946),#9950);
#9946 = CIRCLE('',#9947,5.);
#9947 = AXIS2_PLACEMENT_2D('',#9948,#9949);
#9948 = CARTESIAN_POINT('',(10.,-5.));
#9949 = DIRECTION('',(1.,0.));
#9950 = ( GEOMETRIC_REPRESENTATION_CONTEXT(2) 
PARAMETRIC_REPRESENTATION_CONTEXT() REPRESENTATION_CONTEXT('2D SPACE',''
  ) );
#9951 = ORIENTED_EDGE('',*,*,#9952,.T.);
#9952 = EDGE_CURVE('',#9929,#6780,#9953,.T.);
#9953 = SURFACE_CURVE('',#9954,(#9958,#9965),.PCURVE_S1.);
#9954 = LINE('',#9955,#9956);
#9955 = CARTESIAN_POINT('',(11.5,7.5,89.));
#9956 = VECTOR('',#9957,1.);
#9957 = DIRECTION('',(1.,0.,0.));
#9958 = PCURVE('',#6820,#9959);
#9959 = DEFINITIONAL_REPRESENTATION('',(#9960),#9964);
#9960 = LINE('',#9961,#9962);
#9961 = CARTESIAN_POINT('',(3.14159265359,0.));
#9962 = VECTOR('',#9963,1.);
#9963 = DIRECTION('',(0.,1.));
#9964 = ( GEOMETRIC_REPRESENTATION_CONTEXT(2) 
PARAMETRIC_REPRESENTATION_CONTEXT() REPRESENTATION_CONTEXT('2D SPACE',''
  ) );
#9965 = PCURVE('',#6794,#9966);
#9966 = DEFINITIONAL_REPRESENTATION('',(#9967),#9971);
#9967 = LINE('',#9968,#9969);
#9968 = CARTESIAN_POINT('',(0.,0.));
#9969 = VECTOR('',#9970,1.);
#9970 = DIRECTION('',(1.,0.));
#9971 = ( GEOMETRIC_REPRESENTATION_CONTEXT(2) 
PARAMETRIC_REPRESENTATION_CONTEXT() REPRESENTATION_CONTEXT('2D SPACE',''
  ) );
#9972 = ORIENTED_EDGE('',*,*,#6805,.F.);
#9973 = ORIENTED_EDGE('',*,*,#6837,.T.);
#9974 = ORIENTED_EDGE('',*,*,#7266,.F.);
#9975 = ORIENTED_EDGE('',*,*,#7316,.F.);
#9976 = ORIENTED_EDGE('',*,*,#8800,.F.);
#9977 = ADVANCED_FACE('',(#9978),#6794,.T.);
#9978 = FACE_BOUND('',#9979,.T.);
#9979 = EDGE_LOOP('',(#9980,#9981,#10000,#10001));
#9980 = ORIENTED_EDGE('',*,*,#9755,.F.);
#9981 = ORIENTED_EDGE('',*,*,#9982,.T.);
#9982 = EDGE_CURVE('',#9756,#9929,#9983,.T.);
#9983 = SURFACE_CURVE('',#9984,(#9988,#9994),.PCURVE_S1.);
#9984 = LINE('',#9985,#9986);
#9985 = CARTESIAN_POINT('',(12.2,5.,89.));
#9986 = VECTOR('',#9987,1.);
#9987 = DIRECTION('',(0.,-1.,0.));
#9988 = PCURVE('',#6794,#9989);
#9989 = DEFINITIONAL_REPRESENTATION('',(#9990),#9993);
#9990 = B_SPLINE_CURVE_WITH_KNOTS('',1,(#9991,#9992),.UNSPECIFIED.,.F.,
  .F.,(2,2),(-8.5,-2.5),.PIECEWISE_BEZIER_KNOTS.);
#9991 = CARTESIAN_POINT('',(0.7,6.));
#9992 = CARTESIAN_POINT('',(0.7,0.));
#9993 = ( GEOMETRIC_REPRESENTATION_CONTEXT(2) 
PARAMETRIC_REPRESENTATION_CONTEXT() REPRESENTATION_CONTEXT('2D SPACE',''
  ) );
#9994 = PCURVE('',#9557,#9995);
#9995 = DEFINITIONAL_REPRESENTATION('',(#9996),#9999);
#9996 = B_SPLINE_CURVE_WITH_KNOTS('',1,(#9997,#9998),.UNSPECIFIED.,.F.,
  .F.,(2,2),(-8.5,-2.5),.PIECEWISE_BEZIER_KNOTS.);
#9997 = CARTESIAN_POINT('',(5.,-11.));
#9998 = CARTESIAN_POINT('',(5.,-5.));
#9999 = ( GEOMETRIC_REPRESENTATION_CONTEXT(2) 
PARAMETRIC_REPRESENTATION_CONTEXT() REPRESENTATION_CONTEXT('2D SPACE',''
  ) );
#10000 = ORIENTED_EDGE('',*,*,#9952,.T.);
#10001 = ORIENTED_EDGE('',*,*,#6779,.F.);
#10002 = ADVANCED_FACE('',(#10003),#2041,.F.);
#10003 = FACE_BOUND('',#10004,.F.);
#10004 = EDGE_LOOP('',(#10005,#10006,#10007,#10008));
#10005 = ORIENTED_EDGE('',*,*,#2025,.F.);
#10006 = ORIENTED_EDGE('',*,*,#7202,.T.);
#10007 = ORIENTED_EDGE('',*,*,#7059,.T.);
#10008 = ORIENTED_EDGE('',*,*,#7010,.F.);
#10009 = ADVANCED_FACE('',(#10010),#2588,.T.);
#10010 = FACE_BOUND('',#10011,.T.);
#10011 = EDGE_LOOP('',(#10012,#10013,#10014,#10015));
#10012 = ORIENTED_EDGE('',*,*,#7147,.F.);
#10013 = ORIENTED_EDGE('',*,*,#2574,.T.);
#10014 = ORIENTED_EDGE('',*,*,#7174,.T.);
#10015 = ORIENTED_EDGE('',*,*,#7103,.F.);
#10016 = ADVANCED_FACE('',(#10017),#7725,.F.);
#10017 = FACE_BOUND('',#10018,.F.);
#10018 = EDGE_LOOP('',(#10019,#10043,#10065,#10066,#10067,#10068,#10090)
  );
#10019 = ORIENTED_EDGE('',*,*,#10020,.F.);
#10020 = EDGE_CURVE('',#10021,#10023,#10025,.T.);
#10021 = VERTEX_POINT('',#10022);
#10022 = CARTESIAN_POINT('',(-15.5,18.,96.17944947177));
#10023 = VERTEX_POINT('',#10024);
#10024 = CARTESIAN_POINT('',(-12.2,18.,96.17944947177));
#10025 = SURFACE_CURVE('',#10026,(#10030,#10036),.PCURVE_S1.);
#10026 = LINE('',#10027,#10028);
#10027 = CARTESIAN_POINT('',(-17.5,18.,96.17944947177));
#10028 = VECTOR('',#10029,1.);
#10029 = DIRECTION('',(1.,0.,0.));
#10030 = PCURVE('',#7725,#10031);
#10031 = DEFINITIONAL_REPRESENTATION('',(#10032),#10035);
#10032 = B_SPLINE_CURVE_WITH_KNOTS('',1,(#10033,#10034),.UNSPECIFIED.,
  .F.,.F.,(2,2),(1.67,5.63),.PIECEWISE_BEZIER_KNOTS.);
#10033 = CARTESIAN_POINT('',(5.163415792181,1.67));
#10034 = CARTESIAN_POINT('',(5.163415792181,5.63));
#10035 = ( GEOMETRIC_REPRESENTATION_CONTEXT(2) 
PARAMETRIC_REPRESENTATION_CONTEXT() REPRESENTATION_CONTEXT('2D SPACE',''
  ) );
#10036 = PCURVE('',#7896,#10037);
#10037 = DEFINITIONAL_REPRESENTATION('',(#10038),#10042);
#10038 = LINE('',#10039,#10040);
#10039 = CARTESIAN_POINT('',(8.47944947177,-1.1));
#10040 = VECTOR('',#10041,1.);
#10041 = DIRECTION('',(0.,1.));
#10042 = ( GEOMETRIC_REPRESENTATION_CONTEXT(2) 
PARAMETRIC_REPRESENTATION_CONTEXT() REPRESENTATION_CONTEXT('2D SPACE',''
  ) );
#10043 = ORIENTED_EDGE('',*,*,#10044,.T.);
#10044 = EDGE_CURVE('',#10021,#7909,#10045,.T.);
#10045 = SURFACE_CURVE('',#10046,(#10051,#10058),.PCURVE_S1.);
#10046 = CIRCLE('',#10047,5.);
#10047 = AXIS2_PLACEMENT_3D('',#10048,#10049,#10050);
#10048 = CARTESIAN_POINT('',(-15.5,13.5,94.));
#10049 = DIRECTION('',(1.,0.,0.));
#10050 = DIRECTION('',(-0.,0.,1.));
#10051 = PCURVE('',#7725,#10052);
#10052 = DEFINITIONAL_REPRESENTATION('',(#10053),#10057);
#10053 = LINE('',#10054,#10055);
#10054 = CARTESIAN_POINT('',(0.,2.));
#10055 = VECTOR('',#10056,1.);
#10056 = DIRECTION('',(1.,0.));
#10057 = ( GEOMETRIC_REPRESENTATION_CONTEXT(2) 
PARAMETRIC_REPRESENTATION_CONTEXT() REPRESENTATION_CONTEXT('2D SPACE',''
  ) );
#10058 = PCURVE('',#7923,#10059);
#10059 = DEFINITIONAL_REPRESENTATION('',(#10060),#10064);
#10060 = CIRCLE('',#10061,5.);
#10061 = AXIS2_PLACEMENT_2D('',#10062,#10063);
#10062 = CARTESIAN_POINT('',(10.,-11.));
#10063 = DIRECTION('',(1.,0.));
#10064 = ( GEOMETRIC_REPRESENTATION_CONTEXT(2) 
PARAMETRIC_REPRESENTATION_CONTEXT() REPRESENTATION_CONTEXT('2D SPACE',''
  ) );
#10065 = ORIENTED_EDGE('',*,*,#7934,.T.);
#10066 = ORIENTED_EDGE('',*,*,#7741,.T.);
#10067 = ORIENTED_EDGE('',*,*,#7710,.T.);
#10068 = ORIENTED_EDGE('',*,*,#10069,.T.);
#10069 = EDGE_CURVE('',#7685,#10070,#10072,.T.);
#10070 = VERTEX_POINT('',#10071);
#10071 = CARTESIAN_POINT('',(-12.2,13.5,99.));
#10072 = SURFACE_CURVE('',#10073,(#10077,#10083),.PCURVE_S1.);
#10073 = LINE('',#10074,#10075);
#10074 = CARTESIAN_POINT('',(-17.5,13.5,99.));
#10075 = VECTOR('',#10076,1.);
#10076 = DIRECTION('',(1.,0.,0.));
#10077 = PCURVE('',#7725,#10078);
#10078 = DEFINITIONAL_REPRESENTATION('',(#10079),#10082);
#10079 = B_SPLINE_CURVE_WITH_KNOTS('',1,(#10080,#10081),.UNSPECIFIED.,
  .F.,.F.,(2,2),(0.,6.),.PIECEWISE_BEZIER_KNOTS.);
#10080 = CARTESIAN_POINT('',(6.28318530718,0.));
#10081 = CARTESIAN_POINT('',(6.28318530718,6.));
#10082 = ( GEOMETRIC_REPRESENTATION_CONTEXT(2) 
PARAMETRIC_REPRESENTATION_CONTEXT() REPRESENTATION_CONTEXT('2D SPACE',''
  ) );
#10083 = PCURVE('',#7699,#10084);
#10084 = DEFINITIONAL_REPRESENTATION('',(#10085),#10089);
#10085 = LINE('',#10086,#10087);
#10086 = CARTESIAN_POINT('',(0.,6.));
#10087 = VECTOR('',#10088,1.);
#10088 = DIRECTION('',(1.,0.));
#10089 = ( GEOMETRIC_REPRESENTATION_CONTEXT(2) 
PARAMETRIC_REPRESENTATION_CONTEXT() REPRESENTATION_CONTEXT('2D SPACE',''
  ) );
#10090 = ORIENTED_EDGE('',*,*,#10091,.F.);
#10091 = EDGE_CURVE('',#10023,#10070,#10092,.T.);
#10092 = SURFACE_CURVE('',#10093,(#10098,#10105),.PCURVE_S1.);
#10093 = CIRCLE('',#10094,5.);
#10094 = AXIS2_PLACEMENT_3D('',#10095,#10096,#10097);
#10095 = CARTESIAN_POINT('',(-12.2,13.5,94.));
#10096 = DIRECTION('',(1.,0.,0.));
#10097 = DIRECTION('',(-0.,0.,1.));
#10098 = PCURVE('',#7725,#10099);
#10099 = DEFINITIONAL_REPRESENTATION('',(#10100),#10104);
#10100 = LINE('',#10101,#10102);
#10101 = CARTESIAN_POINT('',(0.,5.3));
#10102 = VECTOR('',#10103,1.);
#10103 = DIRECTION('',(1.,0.));
#10104 = ( GEOMETRIC_REPRESENTATION_CONTEXT(2) 
PARAMETRIC_REPRESENTATION_CONTEXT() REPRESENTATION_CONTEXT('2D SPACE',''
  ) );
#10105 = PCURVE('',#8901,#10106);
#10106 = DEFINITIONAL_REPRESENTATION('',(#10107),#10111);
#10107 = CIRCLE('',#10108,5.);
#10108 = AXIS2_PLACEMENT_2D('',#10109,#10110);
#10109 = CARTESIAN_POINT('',(10.,-11.));
#10110 = DIRECTION('',(1.,0.));
#10111 = ( GEOMETRIC_REPRESENTATION_CONTEXT(2) 
PARAMETRIC_REPRESENTATION_CONTEXT() REPRESENTATION_CONTEXT('2D SPACE',''
  ) );
#10112 = ADVANCED_FACE('',(#10113),#7699,.F.);
#10113 = FACE_BOUND('',#10114,.F.);
#10114 = EDGE_LOOP('',(#10115,#10116,#10117,#10136));
#10115 = ORIENTED_EDGE('',*,*,#7684,.T.);
#10116 = ORIENTED_EDGE('',*,*,#8913,.T.);
#10117 = ORIENTED_EDGE('',*,*,#10118,.F.);
#10118 = EDGE_CURVE('',#10070,#8885,#10119,.T.);
#10119 = SURFACE_CURVE('',#10120,(#10124,#10130),.PCURVE_S1.);
#10120 = LINE('',#10121,#10122);
#10121 = CARTESIAN_POINT('',(-12.2,5.,99.));
#10122 = VECTOR('',#10123,1.);
#10123 = DIRECTION('',(0.,-1.,0.));
#10124 = PCURVE('',#7699,#10125);
#10125 = DEFINITIONAL_REPRESENTATION('',(#10126),#10129);
#10126 = B_SPLINE_CURVE_WITH_KNOTS('',1,(#10127,#10128),.UNSPECIFIED.,
  .F.,.F.,(2,2),(-8.5,-2.5),.PIECEWISE_BEZIER_KNOTS.);
#10127 = CARTESIAN_POINT('',(5.3,6.));
#10128 = CARTESIAN_POINT('',(5.3,0.));
#10129 = ( GEOMETRIC_REPRESENTATION_CONTEXT(2) 
PARAMETRIC_REPRESENTATION_CONTEXT() REPRESENTATION_CONTEXT('2D SPACE',''
  ) );
#10130 = PCURVE('',#8901,#10131);
#10131 = DEFINITIONAL_REPRESENTATION('',(#10132),#10135);
#10132 = B_SPLINE_CURVE_WITH_KNOTS('',1,(#10133,#10134),.UNSPECIFIED.,
  .F.,.F.,(2,2),(-8.5,-2.5),.PIECEWISE_BEZIER_KNOTS.);
#10133 = CARTESIAN_POINT('',(15.,-11.));
#10134 = CARTESIAN_POINT('',(15.,-5.));
#10135 = ( GEOMETRIC_REPRESENTATION_CONTEXT(2) 
PARAMETRIC_REPRESENTATION_CONTEXT() REPRESENTATION_CONTEXT('2D SPACE',''
  ) );
#10136 = ORIENTED_EDGE('',*,*,#10069,.F.);
#10137 = ADVANCED_FACE('',(#10138),#7808,.F.);
#10138 = FACE_BOUND('',#10139,.F.);
#10139 = EDGE_LOOP('',(#10140,#10141,#10162,#10163));
#10140 = ORIENTED_EDGE('',*,*,#8287,.F.);
#10141 = ORIENTED_EDGE('',*,*,#10142,.F.);
#10142 = EDGE_CURVE('',#7792,#8288,#10143,.T.);
#10143 = SEAM_CURVE('',#10144,(#10148,#10155),.PCURVE_S1.);
#10144 = LINE('',#10145,#10146);
#10145 = CARTESIAN_POINT('',(-17.,13.5,103.4));
#10146 = VECTOR('',#10147,1.);
#10147 = DIRECTION('',(0.,1.,0.));
#10148 = PCURVE('',#7808,#10149);
#10149 = DEFINITIONAL_REPRESENTATION('',(#10150),#10154);
#10150 = LINE('',#10151,#10152);
#10151 = CARTESIAN_POINT('',(6.28318530718,-0.));
#10152 = VECTOR('',#10153,1.);
#10153 = DIRECTION('',(0.,1.));
#10154 = ( GEOMETRIC_REPRESENTATION_CONTEXT(2) 
PARAMETRIC_REPRESENTATION_CONTEXT() REPRESENTATION_CONTEXT('2D SPACE',''
  ) );
#10155 = PCURVE('',#7808,#10156);
#10156 = DEFINITIONAL_REPRESENTATION('',(#10157),#10161);
#10157 = LINE('',#10158,#10159);
#10158 = CARTESIAN_POINT('',(0.,-0.));
#10159 = VECTOR('',#10160,1.);
#10160 = DIRECTION('',(0.,1.));
#10161 = ( GEOMETRIC_REPRESENTATION_CONTEXT(2) 
PARAMETRIC_REPRESENTATION_CONTEXT() REPRESENTATION_CONTEXT('2D SPACE',''
  ) );
#10162 = ORIENTED_EDGE('',*,*,#7791,.T.);
#10163 = ORIENTED_EDGE('',*,*,#10142,.T.);
#10164 = ADVANCED_FACE('',(#10165),#7923,.F.);
#10165 = FACE_BOUND('',#10166,.F.);
#10166 = EDGE_LOOP('',(#10167,#10187,#10188));
#10167 = ORIENTED_EDGE('',*,*,#10168,.T.);
#10168 = EDGE_CURVE('',#10021,#7880,#10169,.T.);
#10169 = SURFACE_CURVE('',#10170,(#10174,#10180),.PCURVE_S1.);
#10170 = LINE('',#10171,#10172);
#10171 = CARTESIAN_POINT('',(-15.5,18.,85.5));
#10172 = VECTOR('',#10173,1.);
#10173 = DIRECTION('',(0.,0.,1.));
#10174 = PCURVE('',#7923,#10175);
#10175 = DEFINITIONAL_REPRESENTATION('',(#10176),#10179);
#10176 = B_SPLINE_CURVE_WITH_KNOTS('',1,(#10177,#10178),.UNSPECIFIED.,
  .F.,.F.,(2,2),(1.5,15.5),.PIECEWISE_BEZIER_KNOTS.);
#10177 = CARTESIAN_POINT('',(3.,-15.5));
#10178 = CARTESIAN_POINT('',(17.,-15.5));
#10179 = ( GEOMETRIC_REPRESENTATION_CONTEXT(2) 
PARAMETRIC_REPRESENTATION_CONTEXT() REPRESENTATION_CONTEXT('2D SPACE',''
  ) );
#10180 = PCURVE('',#7896,#10181);
#10181 = DEFINITIONAL_REPRESENTATION('',(#10182),#10186);
#10182 = LINE('',#10183,#10184);
#10183 = CARTESIAN_POINT('',(-2.2,0.9));
#10184 = VECTOR('',#10185,1.);
#10185 = DIRECTION('',(1.,0.));
#10186 = ( GEOMETRIC_REPRESENTATION_CONTEXT(2) 
PARAMETRIC_REPRESENTATION_CONTEXT() REPRESENTATION_CONTEXT('2D SPACE',''
  ) );
#10187 = ORIENTED_EDGE('',*,*,#7908,.F.);
#10188 = ORIENTED_EDGE('',*,*,#10044,.F.);
#10189 = ADVANCED_FACE('',(#10190),#7896,.T.);
#10190 = FACE_BOUND('',#10191,.T.);
#10191 = EDGE_LOOP('',(#10192,#10193,#10216,#10239,#10262,#10285,#10306,
    #10307));
#10192 = ORIENTED_EDGE('',*,*,#7879,.T.);
#10193 = ORIENTED_EDGE('',*,*,#10194,.T.);
#10194 = EDGE_CURVE('',#7854,#10195,#10197,.T.);
#10195 = VERTEX_POINT('',#10196);
#10196 = CARTESIAN_POINT('',(-16.4,18.,100.3));
#10197 = SURFACE_CURVE('',#10198,(#10202,#10209),.PCURVE_S1.);
#10198 = LINE('',#10199,#10200);
#10199 = CARTESIAN_POINT('',(-16.4,18.,87.7));
#10200 = VECTOR('',#10201,1.);
#10201 = DIRECTION('',(0.,0.,1.));
#10202 = PCURVE('',#7896,#10203);
#10203 = DEFINITIONAL_REPRESENTATION('',(#10204),#10208);
#10204 = LINE('',#10205,#10206);
#10205 = CARTESIAN_POINT('',(0.,0.));
#10206 = VECTOR('',#10207,1.);
#10207 = DIRECTION('',(1.,0.));
#10208 = ( GEOMETRIC_REPRESENTATION_CONTEXT(2) 
PARAMETRIC_REPRESENTATION_CONTEXT() REPRESENTATION_CONTEXT('2D SPACE',''
  ) );
#10209 = PCURVE('',#7868,#10210);
#10210 = DEFINITIONAL_REPRESENTATION('',(#10211),#10215);
#10211 = LINE('',#10212,#10213);
#10212 = CARTESIAN_POINT('',(0.,0.));
#10213 = VECTOR('',#10214,1.);
#10214 = DIRECTION('',(1.,0.));
#10215 = ( GEOMETRIC_REPRESENTATION_CONTEXT(2) 
PARAMETRIC_REPRESENTATION_CONTEXT() REPRESENTATION_CONTEXT('2D SPACE',''
  ) );
#10216 = ORIENTED_EDGE('',*,*,#10217,.T.);
#10217 = EDGE_CURVE('',#10195,#10218,#10220,.T.);
#10218 = VERTEX_POINT('',#10219);
#10219 = CARTESIAN_POINT('',(-13.6593413823,18.,100.3));
#10220 = SURFACE_CURVE('',#10221,(#10225,#10232),.PCURVE_S1.);
#10221 = LINE('',#10222,#10223);
#10222 = CARTESIAN_POINT('',(-16.4,18.,100.3));
#10223 = VECTOR('',#10224,1.);
#10224 = DIRECTION('',(1.,0.,0.));
#10225 = PCURVE('',#7896,#10226);
#10226 = DEFINITIONAL_REPRESENTATION('',(#10227),#10231);
#10227 = LINE('',#10228,#10229);
#10228 = CARTESIAN_POINT('',(12.6,0.));
#10229 = VECTOR('',#10230,1.);
#10230 = DIRECTION('',(0.,1.));
#10231 = ( GEOMETRIC_REPRESENTATION_CONTEXT(2) 
PARAMETRIC_REPRESENTATION_CONTEXT() REPRESENTATION_CONTEXT('2D SPACE',''
  ) );
#10232 = PCURVE('',#8254,#10233);
#10233 = DEFINITIONAL_REPRESENTATION('',(#10234),#10238);
#10234 = LINE('',#10235,#10236);
#10235 = CARTESIAN_POINT('',(0.,0.));
#10236 = VECTOR('',#10237,1.);
#10237 = DIRECTION('',(1.,0.));
#10238 = ( GEOMETRIC_REPRESENTATION_CONTEXT(2) 
PARAMETRIC_REPRESENTATION_CONTEXT() REPRESENTATION_CONTEXT('2D SPACE',''
  ) );
#10239 = ORIENTED_EDGE('',*,*,#10240,.F.);
#10240 = EDGE_CURVE('',#10241,#10218,#10243,.T.);
#10241 = VERTEX_POINT('',#10242);
#10242 = CARTESIAN_POINT('',(-13.29190075645,18.,101.));
#10243 = SURFACE_CURVE('',#10244,(#10249,#10256),.PCURVE_S1.);
#10244 = CIRCLE('',#10245,4.);
#10245 = AXIS2_PLACEMENT_3D('',#10246,#10247,#10248);
#10246 = CARTESIAN_POINT('',(-17.,18.,102.5));
#10247 = DIRECTION('',(0.,1.,0.));
#10248 = DIRECTION('',(0.,-0.,1.));
#10249 = PCURVE('',#7896,#10250);
#10250 = DEFINITIONAL_REPRESENTATION('',(#10251),#10255);
#10251 = CIRCLE('',#10252,4.);
#10252 = AXIS2_PLACEMENT_2D('',#10253,#10254);
#10253 = CARTESIAN_POINT('',(14.8,-0.6));
#10254 = DIRECTION('',(1.,0.));
#10255 = ( GEOMETRIC_REPRESENTATION_CONTEXT(2) 
PARAMETRIC_REPRESENTATION_CONTEXT() REPRESENTATION_CONTEXT('2D SPACE',''
  ) );
#10256 = PCURVE('',#8227,#10257);
#10257 = DEFINITIONAL_REPRESENTATION('',(#10258),#10261);
#10258 = B_SPLINE_CURVE_WITH_KNOTS('',1,(#10259,#10260),.UNSPECIFIED.,
  .F.,.F.,(2,2),(1.955193101291,2.757195879094),
  .PIECEWISE_BEZIER_KNOTS.);
#10259 = CARTESIAN_POINT('',(1.955193101291,4.));
#10260 = CARTESIAN_POINT('',(2.757195879094,4.));
#10261 = ( GEOMETRIC_REPRESENTATION_CONTEXT(2) 
PARAMETRIC_REPRESENTATION_CONTEXT() REPRESENTATION_CONTEXT('2D SPACE',''
  ) );
#10262 = ORIENTED_EDGE('',*,*,#10263,.T.);
#10263 = EDGE_CURVE('',#10241,#10264,#10266,.T.);
#10264 = VERTEX_POINT('',#10265);
#10265 = CARTESIAN_POINT('',(-12.2,18.,101.));
#10266 = SURFACE_CURVE('',#10267,(#10271,#10278),.PCURVE_S1.);
#10267 = LINE('',#10268,#10269);
#10268 = CARTESIAN_POINT('',(-17.,18.,101.));
#10269 = VECTOR('',#10270,1.);
#10270 = DIRECTION('',(1.,0.,0.));
#10271 = PCURVE('',#7896,#10272);
#10272 = DEFINITIONAL_REPRESENTATION('',(#10273),#10277);
#10273 = LINE('',#10274,#10275);
#10274 = CARTESIAN_POINT('',(13.3,-0.6));
#10275 = VECTOR('',#10276,1.);
#10276 = DIRECTION('',(0.,1.));
#10277 = ( GEOMETRIC_REPRESENTATION_CONTEXT(2) 
PARAMETRIC_REPRESENTATION_CONTEXT() REPRESENTATION_CONTEXT('2D SPACE',''
  ) );
#10278 = PCURVE('',#8194,#10279);
#10279 = DEFINITIONAL_REPRESENTATION('',(#10280),#10284);
#10280 = LINE('',#10281,#10282);
#10281 = CARTESIAN_POINT('',(-29.,0.));
#10282 = VECTOR('',#10283,1.);
#10283 = DIRECTION('',(1.,0.));
#10284 = ( GEOMETRIC_REPRESENTATION_CONTEXT(2) 
PARAMETRIC_REPRESENTATION_CONTEXT() REPRESENTATION_CONTEXT('2D SPACE',''
  ) );
#10285 = ORIENTED_EDGE('',*,*,#10286,.T.);
#10286 = EDGE_CURVE('',#10264,#10023,#10287,.T.);
#10287 = SURFACE_CURVE('',#10288,(#10292,#10299),.PCURVE_S1.);
#10288 = LINE('',#10289,#10290);
#10289 = CARTESIAN_POINT('',(-12.2,18.,101.));
#10290 = VECTOR('',#10291,1.);
#10291 = DIRECTION('',(0.,0.,-1.));
#10292 = PCURVE('',#7896,#10293);
#10293 = DEFINITIONAL_REPRESENTATION('',(#10294),#10298);
#10294 = LINE('',#10295,#10296);
#10295 = CARTESIAN_POINT('',(13.3,4.2));
#10296 = VECTOR('',#10297,1.);
#10297 = DIRECTION('',(-1.,0.));
#10298 = ( GEOMETRIC_REPRESENTATION_CONTEXT(2) 
PARAMETRIC_REPRESENTATION_CONTEXT() REPRESENTATION_CONTEXT('2D SPACE',''
  ) );
#10299 = PCURVE('',#8901,#10300);
#10300 = DEFINITIONAL_REPRESENTATION('',(#10301),#10305);
#10301 = LINE('',#10302,#10303);
#10302 = CARTESIAN_POINT('',(17.,-15.5));
#10303 = VECTOR('',#10304,1.);
#10304 = DIRECTION('',(-1.,0.));
#10305 = ( GEOMETRIC_REPRESENTATION_CONTEXT(2) 
PARAMETRIC_REPRESENTATION_CONTEXT() REPRESENTATION_CONTEXT('2D SPACE',''
  ) );
#10306 = ORIENTED_EDGE('',*,*,#10020,.F.);
#10307 = ORIENTED_EDGE('',*,*,#10168,.T.);
#10308 = ADVANCED_FACE('',(#10309),#7868,.T.);
#10309 = FACE_BOUND('',#10310,.T.);
#10310 = EDGE_LOOP('',(#10311,#10312,#10313,#10314));
#10311 = ORIENTED_EDGE('',*,*,#10194,.F.);
#10312 = ORIENTED_EDGE('',*,*,#7853,.T.);
#10313 = ORIENTED_EDGE('',*,*,#8265,.F.);
#10314 = ORIENTED_EDGE('',*,*,#10315,.F.);
#10315 = EDGE_CURVE('',#10195,#8240,#10316,.T.);
#10316 = SURFACE_CURVE('',#10317,(#10321,#10328),.PCURVE_S1.);
#10317 = LINE('',#10318,#10319);
#10318 = CARTESIAN_POINT('',(-16.4,18.,100.3));
#10319 = VECTOR('',#10320,1.);
#10320 = DIRECTION('',(0.,1.,0.));
#10321 = PCURVE('',#7868,#10322);
#10322 = DEFINITIONAL_REPRESENTATION('',(#10323),#10327);
#10323 = LINE('',#10324,#10325);
#10324 = CARTESIAN_POINT('',(12.6,0.));
#10325 = VECTOR('',#10326,1.);
#10326 = DIRECTION('',(0.,-1.));
#10327 = ( GEOMETRIC_REPRESENTATION_CONTEXT(2) 
PARAMETRIC_REPRESENTATION_CONTEXT() REPRESENTATION_CONTEXT('2D SPACE',''
  ) );
#10328 = PCURVE('',#8254,#10329);
#10329 = DEFINITIONAL_REPRESENTATION('',(#10330),#10334);
#10330 = LINE('',#10331,#10332);
#10331 = CARTESIAN_POINT('',(0.,0.));
#10332 = VECTOR('',#10333,1.);
#10333 = DIRECTION('',(0.,1.));
#10334 = ( GEOMETRIC_REPRESENTATION_CONTEXT(2) 
PARAMETRIC_REPRESENTATION_CONTEXT() REPRESENTATION_CONTEXT('2D SPACE',''
  ) );
#10335 = ADVANCED_FACE('',(#10336),#8254,.F.);
#10336 = FACE_BOUND('',#10337,.F.);
#10337 = EDGE_LOOP('',(#10338,#10339,#10340,#10359));
#10338 = ORIENTED_EDGE('',*,*,#10315,.F.);
#10339 = ORIENTED_EDGE('',*,*,#10217,.T.);
#10340 = ORIENTED_EDGE('',*,*,#10341,.T.);
#10341 = EDGE_CURVE('',#10218,#8207,#10342,.T.);
#10342 = SURFACE_CURVE('',#10343,(#10347,#10353),.PCURVE_S1.);
#10343 = LINE('',#10344,#10345);
#10344 = CARTESIAN_POINT('',(-13.6593413823,14.,100.3));
#10345 = VECTOR('',#10346,1.);
#10346 = DIRECTION('',(0.,1.,0.));
#10347 = PCURVE('',#8254,#10348);
#10348 = DEFINITIONAL_REPRESENTATION('',(#10349),#10352);
#10349 = B_SPLINE_CURVE_WITH_KNOTS('',1,(#10350,#10351),.UNSPECIFIED.,
  .F.,.F.,(2,2),(3.35,10.0000006),.PIECEWISE_BEZIER_KNOTS.);
#10350 = CARTESIAN_POINT('',(2.740658617698,-0.65));
#10351 = CARTESIAN_POINT('',(2.740658617698,6.0000006));
#10352 = ( GEOMETRIC_REPRESENTATION_CONTEXT(2) 
PARAMETRIC_REPRESENTATION_CONTEXT() REPRESENTATION_CONTEXT('2D SPACE',''
  ) );
#10353 = PCURVE('',#8227,#10354);
#10354 = DEFINITIONAL_REPRESENTATION('',(#10355),#10358);
#10355 = B_SPLINE_CURVE_WITH_KNOTS('',1,(#10356,#10357),.UNSPECIFIED.,
  .F.,.F.,(2,2),(3.35,10.0000006),.PIECEWISE_BEZIER_KNOTS.);
#10356 = CARTESIAN_POINT('',(2.153160564664,3.35));
#10357 = CARTESIAN_POINT('',(2.153160564664,10.0000006));
#10358 = ( GEOMETRIC_REPRESENTATION_CONTEXT(2) 
PARAMETRIC_REPRESENTATION_CONTEXT() REPRESENTATION_CONTEXT('2D SPACE',''
  ) );
#10359 = ORIENTED_EDGE('',*,*,#8239,.F.);
#10360 = ADVANCED_FACE('',(#10361),#8227,.T.);
#10361 = FACE_BOUND('',#10362,.T.);
#10362 = EDGE_LOOP('',(#10363,#10364,#10365,#10384));
#10363 = ORIENTED_EDGE('',*,*,#10341,.T.);
#10364 = ORIENTED_EDGE('',*,*,#8206,.T.);
#10365 = ORIENTED_EDGE('',*,*,#10366,.F.);
#10366 = EDGE_CURVE('',#10241,#8179,#10367,.T.);
#10367 = SURFACE_CURVE('',#10368,(#10372,#10378),.PCURVE_S1.);
#10368 = LINE('',#10369,#10370);
#10369 = CARTESIAN_POINT('',(-13.29190075645,14.,101.));
#10370 = VECTOR('',#10371,1.);
#10371 = DIRECTION('',(0.,1.,0.));
#10372 = PCURVE('',#8227,#10373);
#10373 = DEFINITIONAL_REPRESENTATION('',(#10374),#10377);
#10374 = B_SPLINE_CURVE_WITH_KNOTS('',1,(#10375,#10376),.UNSPECIFIED.,
  .F.,.F.,(2,2),(4.,10.),.PIECEWISE_BEZIER_KNOTS.);
#10375 = CARTESIAN_POINT('',(1.955193101291,4.));
#10376 = CARTESIAN_POINT('',(1.955193101291,10.));
#10377 = ( GEOMETRIC_REPRESENTATION_CONTEXT(2) 
PARAMETRIC_REPRESENTATION_CONTEXT() REPRESENTATION_CONTEXT('2D SPACE',''
  ) );
#10378 = PCURVE('',#8194,#10379);
#10379 = DEFINITIONAL_REPRESENTATION('',(#10380),#10383);
#10380 = B_SPLINE_CURVE_WITH_KNOTS('',1,(#10381,#10382),.UNSPECIFIED.,
  .F.,.F.,(2,2),(-5.999999999062E-07,10.0000006),
  .PIECEWISE_BEZIER_KNOTS.);
#10381 = CARTESIAN_POINT('',(-25.29190075645,-4.0000006));
#10382 = CARTESIAN_POINT('',(-25.29190075645,6.0000006));
#10383 = ( GEOMETRIC_REPRESENTATION_CONTEXT(2) 
PARAMETRIC_REPRESENTATION_CONTEXT() REPRESENTATION_CONTEXT('2D SPACE',''
  ) );
#10384 = ORIENTED_EDGE('',*,*,#10240,.T.);
#10385 = ADVANCED_FACE('',(#10386),#8194,.F.);
#10386 = FACE_BOUND('',#10387,.F.);
#10387 = EDGE_LOOP('',(#10388,#10409,#10410,#10411,#10412,#10434,#10456,
    #10478));
#10388 = ORIENTED_EDGE('',*,*,#10389,.T.);
#10389 = EDGE_CURVE('',#10390,#8150,#10392,.T.);
#10390 = VERTEX_POINT('',#10391);
#10391 = CARTESIAN_POINT('',(13.291900756452,18.,101.));
#10392 = SURFACE_CURVE('',#10393,(#10397,#10403),.PCURVE_S1.);
#10393 = LINE('',#10394,#10395);
#10394 = CARTESIAN_POINT('',(13.291900756452,14.,101.));
#10395 = VECTOR('',#10396,1.);
#10396 = DIRECTION('',(0.,1.,0.));
#10397 = PCURVE('',#8194,#10398);
#10398 = DEFINITIONAL_REPRESENTATION('',(#10399),#10402);
#10399 = B_SPLINE_CURVE_WITH_KNOTS('',1,(#10400,#10401),.UNSPECIFIED.,
  .F.,.F.,(2,2),(-5.999999999062E-07,10.0000006),
  .PIECEWISE_BEZIER_KNOTS.);
#10400 = CARTESIAN_POINT('',(1.291900756452,-4.0000006));
#10401 = CARTESIAN_POINT('',(1.291900756452,6.0000006));
#10402 = ( GEOMETRIC_REPRESENTATION_CONTEXT(2) 
PARAMETRIC_REPRESENTATION_CONTEXT() REPRESENTATION_CONTEXT('2D SPACE',''
  ) );
#10403 = PCURVE('',#8166,#10404);
#10404 = DEFINITIONAL_REPRESENTATION('',(#10405),#10408);
#10405 = B_SPLINE_CURVE_WITH_KNOTS('',1,(#10406,#10407),.UNSPECIFIED.,
  .F.,.F.,(2,2),(4.,10.),.PIECEWISE_BEZIER_KNOTS.);
#10406 = CARTESIAN_POINT('',(10.611177513069,4.));
#10407 = CARTESIAN_POINT('',(10.611177513069,10.));
#10408 = ( GEOMETRIC_REPRESENTATION_CONTEXT(2) 
PARAMETRIC_REPRESENTATION_CONTEXT() REPRESENTATION_CONTEXT('2D SPACE',''
  ) );
#10409 = ORIENTED_EDGE('',*,*,#8178,.T.);
#10410 = ORIENTED_EDGE('',*,*,#10366,.F.);
#10411 = ORIENTED_EDGE('',*,*,#10263,.T.);
#10412 = ORIENTED_EDGE('',*,*,#10413,.T.);
#10413 = EDGE_CURVE('',#10264,#10414,#10416,.T.);
#10414 = VERTEX_POINT('',#10415);
#10415 = CARTESIAN_POINT('',(-12.2,6.,101.));
#10416 = SURFACE_CURVE('',#10417,(#10421,#10428),.PCURVE_S1.);
#10417 = LINE('',#10418,#10419);
#10418 = CARTESIAN_POINT('',(-12.2,2.5,101.));
#10419 = VECTOR('',#10420,1.);
#10420 = DIRECTION('',(0.,-1.,0.));
#10421 = PCURVE('',#8194,#10422);
#10422 = DEFINITIONAL_REPRESENTATION('',(#10423),#10427);
#10423 = LINE('',#10424,#10425);
#10424 = CARTESIAN_POINT('',(-24.2,-15.5));
#10425 = VECTOR('',#10426,1.);
#10426 = DIRECTION('',(0.,-1.));
#10427 = ( GEOMETRIC_REPRESENTATION_CONTEXT(2) 
PARAMETRIC_REPRESENTATION_CONTEXT() REPRESENTATION_CONTEXT('2D SPACE',''
  ) );
#10428 = PCURVE('',#8901,#10429);
#10429 = DEFINITIONAL_REPRESENTATION('',(#10430),#10433);
#10430 = B_SPLINE_CURVE_WITH_KNOTS('',1,(#10431,#10432),.UNSPECIFIED.,
  .F.,.F.,(2,2),(-21.5,-3.5),.PIECEWISE_BEZIER_KNOTS.);
#10431 = CARTESIAN_POINT('',(17.,-21.5));
#10432 = CARTESIAN_POINT('',(17.,-3.5));
#10433 = ( GEOMETRIC_REPRESENTATION_CONTEXT(2) 
PARAMETRIC_REPRESENTATION_CONTEXT() REPRESENTATION_CONTEXT('2D SPACE',''
  ) );
#10434 = ORIENTED_EDGE('',*,*,#10435,.T.);
#10435 = EDGE_CURVE('',#10414,#10436,#10438,.T.);
#10436 = VERTEX_POINT('',#10437);
#10437 = CARTESIAN_POINT('',(12.2,6.,101.));
#10438 = SURFACE_CURVE('',#10439,(#10443,#10450),.PCURVE_S1.);
#10439 = LINE('',#10440,#10441);
#10440 = CARTESIAN_POINT('',(-16.25,6.,101.));
#10441 = VECTOR('',#10442,1.);
#10442 = DIRECTION('',(1.,0.,0.));
#10443 = PCURVE('',#8194,#10444);
#10444 = DEFINITIONAL_REPRESENTATION('',(#10445),#10449);
#10445 = LINE('',#10446,#10447);
#10446 = CARTESIAN_POINT('',(-28.25,-12.));
#10447 = VECTOR('',#10448,1.);
#10448 = DIRECTION('',(1.,0.));
#10449 = ( GEOMETRIC_REPRESENTATION_CONTEXT(2) 
PARAMETRIC_REPRESENTATION_CONTEXT() REPRESENTATION_CONTEXT('2D SPACE',''
  ) );
#10450 = PCURVE('',#8873,#10451);
#10451 = DEFINITIONAL_REPRESENTATION('',(#10452),#10455);
#10452 = B_SPLINE_CURVE_WITH_KNOTS('',1,(#10453,#10454),.UNSPECIFIED.,
  .F.,.F.,(2,2),(4.05,28.45),.PIECEWISE_BEZIER_KNOTS.);
#10453 = CARTESIAN_POINT('',(17.,4.8));
#10454 = CARTESIAN_POINT('',(17.,29.2));
#10455 = ( GEOMETRIC_REPRESENTATION_CONTEXT(2) 
PARAMETRIC_REPRESENTATION_CONTEXT() REPRESENTATION_CONTEXT('2D SPACE',''
  ) );
#10456 = ORIENTED_EDGE('',*,*,#10457,.F.);
#10457 = EDGE_CURVE('',#10458,#10436,#10460,.T.);
#10458 = VERTEX_POINT('',#10459);
#10459 = CARTESIAN_POINT('',(12.2,18.,101.));
#10460 = SURFACE_CURVE('',#10461,(#10465,#10472),.PCURVE_S1.);
#10461 = LINE('',#10462,#10463);
#10462 = CARTESIAN_POINT('',(12.2,2.5,101.));
#10463 = VECTOR('',#10464,1.);
#10464 = DIRECTION('',(0.,-1.,0.));
#10465 = PCURVE('',#8194,#10466);
#10466 = DEFINITIONAL_REPRESENTATION('',(#10467),#10471);
#10467 = LINE('',#10468,#10469);
#10468 = CARTESIAN_POINT('',(0.2,-15.5));
#10469 = VECTOR('',#10470,1.);
#10470 = DIRECTION('',(0.,-1.));
#10471 = ( GEOMETRIC_REPRESENTATION_CONTEXT(2) 
PARAMETRIC_REPRESENTATION_CONTEXT() REPRESENTATION_CONTEXT('2D SPACE',''
  ) );
#10472 = PCURVE('',#9845,#10473);
#10473 = DEFINITIONAL_REPRESENTATION('',(#10474),#10477);
#10474 = B_SPLINE_CURVE_WITH_KNOTS('',1,(#10475,#10476),.UNSPECIFIED.,
  .F.,.F.,(2,2),(-21.5,-3.5),.PIECEWISE_BEZIER_KNOTS.);
#10475 = CARTESIAN_POINT('',(17.,-21.5));
#10476 = CARTESIAN_POINT('',(17.,-3.5));
#10477 = ( GEOMETRIC_REPRESENTATION_CONTEXT(2) 
PARAMETRIC_REPRESENTATION_CONTEXT() REPRESENTATION_CONTEXT('2D SPACE',''
  ) );
#10478 = ORIENTED_EDGE('',*,*,#10479,.T.);
#10479 = EDGE_CURVE('',#10458,#10390,#10480,.T.);
#10480 = SURFACE_CURVE('',#10481,(#10485,#10492),.PCURVE_S1.);
#10481 = LINE('',#10482,#10483);
#10482 = CARTESIAN_POINT('',(12.,18.,101.));
#10483 = VECTOR('',#10484,1.);
#10484 = DIRECTION('',(1.,0.,0.));
#10485 = PCURVE('',#8194,#10486);
#10486 = DEFINITIONAL_REPRESENTATION('',(#10487),#10491);
#10487 = LINE('',#10488,#10489);
#10488 = CARTESIAN_POINT('',(0.,0.));
#10489 = VECTOR('',#10490,1.);
#10490 = DIRECTION('',(1.,0.));
#10491 = ( GEOMETRIC_REPRESENTATION_CONTEXT(2) 
PARAMETRIC_REPRESENTATION_CONTEXT() REPRESENTATION_CONTEXT('2D SPACE',''
  ) );
#10492 = PCURVE('',#8594,#10493);
#10493 = DEFINITIONAL_REPRESENTATION('',(#10494),#10498);
#10494 = LINE('',#10495,#10496);
#10495 = CARTESIAN_POINT('',(13.3,0.));
#10496 = VECTOR('',#10497,1.);
#10497 = DIRECTION('',(0.,1.));
#10498 = ( GEOMETRIC_REPRESENTATION_CONTEXT(2) 
PARAMETRIC_REPRESENTATION_CONTEXT() REPRESENTATION_CONTEXT('2D SPACE',''
  ) );
#10499 = ADVANCED_FACE('',(#10500),#8166,.T.);
#10500 = FACE_BOUND('',#10501,.T.);
#10501 = EDGE_LOOP('',(#10502,#10503,#10524,#10545));
#10502 = ORIENTED_EDGE('',*,*,#8149,.F.);
#10503 = ORIENTED_EDGE('',*,*,#10504,.F.);
#10504 = EDGE_CURVE('',#10505,#8124,#10507,.T.);
#10505 = VERTEX_POINT('',#10506);
#10506 = CARTESIAN_POINT('',(13.659341382302,18.,100.3));
#10507 = SURFACE_CURVE('',#10508,(#10512,#10518),.PCURVE_S1.);
#10508 = LINE('',#10509,#10510);
#10509 = CARTESIAN_POINT('',(13.659341382302,14.,100.3));
#10510 = VECTOR('',#10511,1.);
#10511 = DIRECTION('',(0.,1.,0.));
#10512 = PCURVE('',#8166,#10513);
#10513 = DEFINITIONAL_REPRESENTATION('',(#10514),#10517);
#10514 = B_SPLINE_CURVE_WITH_KNOTS('',1,(#10515,#10516),.UNSPECIFIED.,
  .F.,.F.,(2,2),(3.35,10.0000006),.PIECEWISE_BEZIER_KNOTS.);
#10515 = CARTESIAN_POINT('',(10.413210049696,3.35));
#10516 = CARTESIAN_POINT('',(10.413210049696,10.0000006));
#10517 = ( GEOMETRIC_REPRESENTATION_CONTEXT(2) 
PARAMETRIC_REPRESENTATION_CONTEXT() REPRESENTATION_CONTEXT('2D SPACE',''
  ) );
#10518 = PCURVE('',#8138,#10519);
#10519 = DEFINITIONAL_REPRESENTATION('',(#10520),#10523);
#10520 = B_SPLINE_CURVE_WITH_KNOTS('',1,(#10521,#10522),.UNSPECIFIED.,
  .F.,.F.,(2,2),(3.35,10.0000006),.PIECEWISE_BEZIER_KNOTS.);
#10521 = CARTESIAN_POINT('',(1.659341382302,-0.65));
#10522 = CARTESIAN_POINT('',(1.659341382302,6.0000006));
#10523 = ( GEOMETRIC_REPRESENTATION_CONTEXT(2) 
PARAMETRIC_REPRESENTATION_CONTEXT() REPRESENTATION_CONTEXT('2D SPACE',''
  ) );
#10524 = ORIENTED_EDGE('',*,*,#10525,.T.);
#10525 = EDGE_CURVE('',#10505,#10390,#10526,.T.);
#10526 = SURFACE_CURVE('',#10527,(#10532,#10538),.PCURVE_S1.);
#10527 = CIRCLE('',#10528,4.);
#10528 = AXIS2_PLACEMENT_3D('',#10529,#10530,#10531);
#10529 = CARTESIAN_POINT('',(17.,18.,102.5));
#10530 = DIRECTION('',(0.,1.,0.));
#10531 = DIRECTION('',(0.,-0.,1.));
#10532 = PCURVE('',#8166,#10533);
#10533 = DEFINITIONAL_REPRESENTATION('',(#10534),#10537);
#10534 = B_SPLINE_CURVE_WITH_KNOTS('',1,(#10535,#10536),.UNSPECIFIED.,
  .F.,.F.,(2,2),(3.525989428085,4.327992205889),
  .PIECEWISE_BEZIER_KNOTS.);
#10535 = CARTESIAN_POINT('',(9.809174735265,4.));
#10536 = CARTESIAN_POINT('',(10.611177513069,4.));
#10537 = ( GEOMETRIC_REPRESENTATION_CONTEXT(2) 
PARAMETRIC_REPRESENTATION_CONTEXT() REPRESENTATION_CONTEXT('2D SPACE',''
  ) );
#10538 = PCURVE('',#8594,#10539);
#10539 = DEFINITIONAL_REPRESENTATION('',(#10540),#10544);
#10540 = CIRCLE('',#10541,4.);
#10541 = AXIS2_PLACEMENT_2D('',#10542,#10543);
#10542 = CARTESIAN_POINT('',(14.8,5.));
#10543 = DIRECTION('',(1.,0.));
#10544 = ( GEOMETRIC_REPRESENTATION_CONTEXT(2) 
PARAMETRIC_REPRESENTATION_CONTEXT() REPRESENTATION_CONTEXT('2D SPACE',''
  ) );
#10545 = ORIENTED_EDGE('',*,*,#10389,.T.);
#10546 = ADVANCED_FACE('',(#10547),#8138,.F.);
#10547 = FACE_BOUND('',#10548,.F.);
#10548 = EDGE_LOOP('',(#10549,#10572,#10573,#10574));
#10549 = ORIENTED_EDGE('',*,*,#10550,.T.);
#10550 = EDGE_CURVE('',#10551,#8098,#10553,.T.);
#10551 = VERTEX_POINT('',#10552);
#10552 = CARTESIAN_POINT('',(16.4,18.,100.3));
#10553 = SURFACE_CURVE('',#10554,(#10558,#10565),.PCURVE_S1.);
#10554 = LINE('',#10555,#10556);
#10555 = CARTESIAN_POINT('',(16.4,18.,100.3));
#10556 = VECTOR('',#10557,1.);
#10557 = DIRECTION('',(0.,1.,0.));
#10558 = PCURVE('',#8138,#10559);
#10559 = DEFINITIONAL_REPRESENTATION('',(#10560),#10564);
#10560 = LINE('',#10561,#10562);
#10561 = CARTESIAN_POINT('',(4.4,0.));
#10562 = VECTOR('',#10563,1.);
#10563 = DIRECTION('',(0.,1.));
#10564 = ( GEOMETRIC_REPRESENTATION_CONTEXT(2) 
PARAMETRIC_REPRESENTATION_CONTEXT() REPRESENTATION_CONTEXT('2D SPACE',''
  ) );
#10565 = PCURVE('',#8112,#10566);
#10566 = DEFINITIONAL_REPRESENTATION('',(#10567),#10571);
#10567 = LINE('',#10568,#10569);
#10568 = CARTESIAN_POINT('',(12.6,0.));
#10569 = VECTOR('',#10570,1.);
#10570 = DIRECTION('',(0.,-1.));
#10571 = ( GEOMETRIC_REPRESENTATION_CONTEXT(2) 
PARAMETRIC_REPRESENTATION_CONTEXT() REPRESENTATION_CONTEXT('2D SPACE',''
  ) );
#10572 = ORIENTED_EDGE('',*,*,#8123,.F.);
#10573 = ORIENTED_EDGE('',*,*,#10504,.F.);
#10574 = ORIENTED_EDGE('',*,*,#10575,.T.);
#10575 = EDGE_CURVE('',#10505,#10551,#10576,.T.);
#10576 = SURFACE_CURVE('',#10577,(#10581,#10588),.PCURVE_S1.);
#10577 = LINE('',#10578,#10579);
#10578 = CARTESIAN_POINT('',(12.,18.,100.3));
#10579 = VECTOR('',#10580,1.);
#10580 = DIRECTION('',(1.,0.,0.));
#10581 = PCURVE('',#8138,#10582);
#10582 = DEFINITIONAL_REPRESENTATION('',(#10583),#10587);
#10583 = LINE('',#10584,#10585);
#10584 = CARTESIAN_POINT('',(0.,0.));
#10585 = VECTOR('',#10586,1.);
#10586 = DIRECTION('',(1.,0.));
#10587 = ( GEOMETRIC_REPRESENTATION_CONTEXT(2) 
PARAMETRIC_REPRESENTATION_CONTEXT() REPRESENTATION_CONTEXT('2D SPACE',''
  ) );
#10588 = PCURVE('',#8594,#10589);
#10589 = DEFINITIONAL_REPRESENTATION('',(#10590),#10594);
#10590 = LINE('',#10591,#10592);
#10591 = CARTESIAN_POINT('',(12.6,0.));
#10592 = VECTOR('',#10593,1.);
#10593 = DIRECTION('',(0.,1.));
#10594 = ( GEOMETRIC_REPRESENTATION_CONTEXT(2) 
PARAMETRIC_REPRESENTATION_CONTEXT() REPRESENTATION_CONTEXT('2D SPACE',''
  ) );
#10595 = ADVANCED_FACE('',(#10596),#8112,.F.);
#10596 = FACE_BOUND('',#10597,.F.);
#10597 = EDGE_LOOP('',(#10598,#10619,#10620,#10621));
#10598 = ORIENTED_EDGE('',*,*,#10599,.F.);
#10599 = EDGE_CURVE('',#8578,#10551,#10600,.T.);
#10600 = SURFACE_CURVE('',#10601,(#10605,#10612),.PCURVE_S1.);
#10601 = LINE('',#10602,#10603);
#10602 = CARTESIAN_POINT('',(16.4,18.,87.7));
#10603 = VECTOR('',#10604,1.);
#10604 = DIRECTION('',(0.,0.,1.));
#10605 = PCURVE('',#8112,#10606);
#10606 = DEFINITIONAL_REPRESENTATION('',(#10607),#10611);
#10607 = LINE('',#10608,#10609);
#10608 = CARTESIAN_POINT('',(0.,0.));
#10609 = VECTOR('',#10610,1.);
#10610 = DIRECTION('',(1.,0.));
#10611 = ( GEOMETRIC_REPRESENTATION_CONTEXT(2) 
PARAMETRIC_REPRESENTATION_CONTEXT() REPRESENTATION_CONTEXT('2D SPACE',''
  ) );
#10612 = PCURVE('',#8594,#10613);
#10613 = DEFINITIONAL_REPRESENTATION('',(#10614),#10618);
#10614 = LINE('',#10615,#10616);
#10615 = CARTESIAN_POINT('',(0.,4.4));
#10616 = VECTOR('',#10617,1.);
#10617 = DIRECTION('',(1.,0.));
#10618 = ( GEOMETRIC_REPRESENTATION_CONTEXT(2) 
PARAMETRIC_REPRESENTATION_CONTEXT() REPRESENTATION_CONTEXT('2D SPACE',''
  ) );
#10619 = ORIENTED_EDGE('',*,*,#8606,.T.);
#10620 = ORIENTED_EDGE('',*,*,#8097,.F.);
#10621 = ORIENTED_EDGE('',*,*,#10550,.F.);
#10622 = ADVANCED_FACE('',(#10623),#8330,.F.);
#10623 = FACE_BOUND('',#10624,.F.);
#10624 = EDGE_LOOP('',(#10625,#10626,#10647,#10648));
#10625 = ORIENTED_EDGE('',*,*,#8313,.F.);
#10626 = ORIENTED_EDGE('',*,*,#10627,.F.);
#10627 = EDGE_CURVE('',#8674,#8314,#10628,.T.);
#10628 = SEAM_CURVE('',#10629,(#10633,#10640),.PCURVE_S1.);
#10629 = LINE('',#10630,#10631);
#10630 = CARTESIAN_POINT('',(17.,13.5,103.4));
#10631 = VECTOR('',#10632,1.);
#10632 = DIRECTION('',(0.,1.,0.));
#10633 = PCURVE('',#8330,#10634);
#10634 = DEFINITIONAL_REPRESENTATION('',(#10635),#10639);
#10635 = LINE('',#10636,#10637);
#10636 = CARTESIAN_POINT('',(6.28318530718,-0.));
#10637 = VECTOR('',#10638,1.);
#10638 = DIRECTION('',(0.,1.));
#10639 = ( GEOMETRIC_REPRESENTATION_CONTEXT(2) 
PARAMETRIC_REPRESENTATION_CONTEXT() REPRESENTATION_CONTEXT('2D SPACE',''
  ) );
#10640 = PCURVE('',#8330,#10641);
#10641 = DEFINITIONAL_REPRESENTATION('',(#10642),#10646);
#10642 = LINE('',#10643,#10644);
#10643 = CARTESIAN_POINT('',(0.,-0.));
#10644 = VECTOR('',#10645,1.);
#10645 = DIRECTION('',(0.,1.));
#10646 = ( GEOMETRIC_REPRESENTATION_CONTEXT(2) 
PARAMETRIC_REPRESENTATION_CONTEXT() REPRESENTATION_CONTEXT('2D SPACE',''
  ) );
#10647 = ORIENTED_EDGE('',*,*,#8673,.T.);
#10648 = ORIENTED_EDGE('',*,*,#10627,.T.);
#10649 = ADVANCED_FACE('',(#10650),#8594,.T.);
#10650 = FACE_BOUND('',#10651,.T.);
#10651 = EDGE_LOOP('',(#10652,#10653,#10675,#10698,#10719,#10720,#10721,
    #10722));
#10652 = ORIENTED_EDGE('',*,*,#8577,.T.);
#10653 = ORIENTED_EDGE('',*,*,#10654,.F.);
#10654 = EDGE_CURVE('',#10655,#8552,#10657,.T.);
#10655 = VERTEX_POINT('',#10656);
#10656 = CARTESIAN_POINT('',(15.5,18.,96.17944947177));
#10657 = SURFACE_CURVE('',#10658,(#10662,#10669),.PCURVE_S1.);
#10658 = LINE('',#10659,#10660);
#10659 = CARTESIAN_POINT('',(15.5,18.,85.5));
#10660 = VECTOR('',#10661,1.);
#10661 = DIRECTION('',(0.,0.,1.));
#10662 = PCURVE('',#8594,#10663);
#10663 = DEFINITIONAL_REPRESENTATION('',(#10664),#10668);
#10664 = LINE('',#10665,#10666);
#10665 = CARTESIAN_POINT('',(-2.2,3.5));
#10666 = VECTOR('',#10667,1.);
#10667 = DIRECTION('',(1.,0.));
#10668 = ( GEOMETRIC_REPRESENTATION_CONTEXT(2) 
PARAMETRIC_REPRESENTATION_CONTEXT() REPRESENTATION_CONTEXT('2D SPACE',''
  ) );
#10669 = PCURVE('',#8566,#10670);
#10670 = DEFINITIONAL_REPRESENTATION('',(#10671),#10674);
#10671 = B_SPLINE_CURVE_WITH_KNOTS('',1,(#10672,#10673),.UNSPECIFIED.,
  .F.,.F.,(2,2),(1.5,15.5),.PIECEWISE_BEZIER_KNOTS.);
#10672 = CARTESIAN_POINT('',(3.,-15.5));
#10673 = CARTESIAN_POINT('',(17.,-15.5));
#10674 = ( GEOMETRIC_REPRESENTATION_CONTEXT(2) 
PARAMETRIC_REPRESENTATION_CONTEXT() REPRESENTATION_CONTEXT('2D SPACE',''
  ) );
#10675 = ORIENTED_EDGE('',*,*,#10676,.F.);
#10676 = EDGE_CURVE('',#10677,#10655,#10679,.T.);
#10677 = VERTEX_POINT('',#10678);
#10678 = CARTESIAN_POINT('',(12.2,18.,96.17944947177));
#10679 = SURFACE_CURVE('',#10680,(#10684,#10691),.PCURVE_S1.);
#10680 = LINE('',#10681,#10682);
#10681 = CARTESIAN_POINT('',(11.5,18.,96.17944947177));
#10682 = VECTOR('',#10683,1.);
#10683 = DIRECTION('',(1.,0.,0.));
#10684 = PCURVE('',#8594,#10685);
#10685 = DEFINITIONAL_REPRESENTATION('',(#10686),#10690);
#10686 = LINE('',#10687,#10688);
#10687 = CARTESIAN_POINT('',(8.47944947177,-0.5));
#10688 = VECTOR('',#10689,1.);
#10689 = DIRECTION('',(0.,1.));
#10690 = ( GEOMETRIC_REPRESENTATION_CONTEXT(2) 
PARAMETRIC_REPRESENTATION_CONTEXT() REPRESENTATION_CONTEXT('2D SPACE',''
  ) );
#10691 = PCURVE('',#8488,#10692);
#10692 = DEFINITIONAL_REPRESENTATION('',(#10693),#10697);
#10693 = LINE('',#10694,#10695);
#10694 = CARTESIAN_POINT('',(5.163415792181,0.));
#10695 = VECTOR('',#10696,1.);
#10696 = DIRECTION('',(0.,1.));
#10697 = ( GEOMETRIC_REPRESENTATION_CONTEXT(2) 
PARAMETRIC_REPRESENTATION_CONTEXT() REPRESENTATION_CONTEXT('2D SPACE',''
  ) );
#10698 = ORIENTED_EDGE('',*,*,#10699,.T.);
#10699 = EDGE_CURVE('',#10677,#10458,#10700,.T.);
#10700 = SURFACE_CURVE('',#10701,(#10705,#10712),.PCURVE_S1.);
#10701 = LINE('',#10702,#10703);
#10702 = CARTESIAN_POINT('',(12.2,18.,96.17944947177));
#10703 = VECTOR('',#10704,1.);
#10704 = DIRECTION('',(0.,0.,1.));
#10705 = PCURVE('',#8594,#10706);
#10706 = DEFINITIONAL_REPRESENTATION('',(#10707),#10711);
#10707 = LINE('',#10708,#10709);
#10708 = CARTESIAN_POINT('',(8.47944947177,0.2));
#10709 = VECTOR('',#10710,1.);
#10710 = DIRECTION('',(1.,0.));
#10711 = ( GEOMETRIC_REPRESENTATION_CONTEXT(2) 
PARAMETRIC_REPRESENTATION_CONTEXT() REPRESENTATION_CONTEXT('2D SPACE',''
  ) );
#10712 = PCURVE('',#9845,#10713);
#10713 = DEFINITIONAL_REPRESENTATION('',(#10714),#10718);
#10714 = LINE('',#10715,#10716);
#10715 = CARTESIAN_POINT('',(12.17944947177,-15.5));
#10716 = VECTOR('',#10717,1.);
#10717 = DIRECTION('',(1.,0.));
#10718 = ( GEOMETRIC_REPRESENTATION_CONTEXT(2) 
PARAMETRIC_REPRESENTATION_CONTEXT() REPRESENTATION_CONTEXT('2D SPACE',''
  ) );
#10719 = ORIENTED_EDGE('',*,*,#10479,.T.);
#10720 = ORIENTED_EDGE('',*,*,#10525,.F.);
#10721 = ORIENTED_EDGE('',*,*,#10575,.T.);
#10722 = ORIENTED_EDGE('',*,*,#10599,.F.);
#10723 = ADVANCED_FACE('',(#10724),#8566,.T.);
#10724 = FACE_BOUND('',#10725,.T.);
#10725 = EDGE_LOOP('',(#10726,#10727,#10749));
#10726 = ORIENTED_EDGE('',*,*,#8551,.F.);
#10727 = ORIENTED_EDGE('',*,*,#10728,.F.);
#10728 = EDGE_CURVE('',#10655,#8371,#10729,.T.);
#10729 = SURFACE_CURVE('',#10730,(#10735,#10742),.PCURVE_S1.);
#10730 = CIRCLE('',#10731,5.);
#10731 = AXIS2_PLACEMENT_3D('',#10732,#10733,#10734);
#10732 = CARTESIAN_POINT('',(15.5,13.5,94.));
#10733 = DIRECTION('',(1.,0.,0.));
#10734 = DIRECTION('',(-0.,0.,1.));
#10735 = PCURVE('',#8566,#10736);
#10736 = DEFINITIONAL_REPRESENTATION('',(#10737),#10741);
#10737 = CIRCLE('',#10738,5.);
#10738 = AXIS2_PLACEMENT_2D('',#10739,#10740);
#10739 = CARTESIAN_POINT('',(10.,-11.));
#10740 = DIRECTION('',(1.,0.));
#10741 = ( GEOMETRIC_REPRESENTATION_CONTEXT(2) 
PARAMETRIC_REPRESENTATION_CONTEXT() REPRESENTATION_CONTEXT('2D SPACE',''
  ) );
#10742 = PCURVE('',#8488,#10743);
#10743 = DEFINITIONAL_REPRESENTATION('',(#10744),#10748);
#10744 = LINE('',#10745,#10746);
#10745 = CARTESIAN_POINT('',(0.,4.));
#10746 = VECTOR('',#10747,1.);
#10747 = DIRECTION('',(1.,0.));
#10748 = ( GEOMETRIC_REPRESENTATION_CONTEXT(2) 
PARAMETRIC_REPRESENTATION_CONTEXT() REPRESENTATION_CONTEXT('2D SPACE',''
  ) );
#10749 = ORIENTED_EDGE('',*,*,#10654,.T.);
#10750 = ADVANCED_FACE('',(#10751),#8488,.F.);
#10751 = FACE_BOUND('',#10752,.F.);
#10752 = EDGE_LOOP('',(#10753,#10754,#10755,#10756,#10780,#10800,#10801)
  );
#10753 = ORIENTED_EDGE('',*,*,#8370,.T.);
#10754 = ORIENTED_EDGE('',*,*,#10728,.F.);
#10755 = ORIENTED_EDGE('',*,*,#10676,.F.);
#10756 = ORIENTED_EDGE('',*,*,#10757,.T.);
#10757 = EDGE_CURVE('',#10677,#10758,#10760,.T.);
#10758 = VERTEX_POINT('',#10759);
#10759 = CARTESIAN_POINT('',(12.2,13.5,99.));
#10760 = SURFACE_CURVE('',#10761,(#10766,#10773),.PCURVE_S1.);
#10761 = CIRCLE('',#10762,5.);
#10762 = AXIS2_PLACEMENT_3D('',#10763,#10764,#10765);
#10763 = CARTESIAN_POINT('',(12.2,13.5,94.));
#10764 = DIRECTION('',(1.,0.,0.));
#10765 = DIRECTION('',(-0.,0.,1.));
#10766 = PCURVE('',#8488,#10767);
#10767 = DEFINITIONAL_REPRESENTATION('',(#10768),#10772);
#10768 = LINE('',#10769,#10770);
#10769 = CARTESIAN_POINT('',(0.,0.7));
#10770 = VECTOR('',#10771,1.);
#10771 = DIRECTION('',(1.,0.));
#10772 = ( GEOMETRIC_REPRESENTATION_CONTEXT(2) 
PARAMETRIC_REPRESENTATION_CONTEXT() REPRESENTATION_CONTEXT('2D SPACE',''
  ) );
#10773 = PCURVE('',#9845,#10774);
#10774 = DEFINITIONAL_REPRESENTATION('',(#10775),#10779);
#10775 = CIRCLE('',#10776,5.);
#10776 = AXIS2_PLACEMENT_2D('',#10777,#10778);
#10777 = CARTESIAN_POINT('',(10.,-11.));
#10778 = DIRECTION('',(1.,0.));
#10779 = ( GEOMETRIC_REPRESENTATION_CONTEXT(2) 
PARAMETRIC_REPRESENTATION_CONTEXT() REPRESENTATION_CONTEXT('2D SPACE',''
  ) );
#10780 = ORIENTED_EDGE('',*,*,#10781,.T.);
#10781 = EDGE_CURVE('',#10758,#8748,#10782,.T.);
#10782 = SURFACE_CURVE('',#10783,(#10787,#10793),.PCURVE_S1.);
#10783 = LINE('',#10784,#10785);
#10784 = CARTESIAN_POINT('',(11.5,13.5,99.));
#10785 = VECTOR('',#10786,1.);
#10786 = DIRECTION('',(1.,0.,0.));
#10787 = PCURVE('',#8488,#10788);
#10788 = DEFINITIONAL_REPRESENTATION('',(#10789),#10792);
#10789 = B_SPLINE_CURVE_WITH_KNOTS('',1,(#10790,#10791),.UNSPECIFIED.,
  .F.,.F.,(2,2),(0.7,4.),.PIECEWISE_BEZIER_KNOTS.);
#10790 = CARTESIAN_POINT('',(6.28318530718,0.7));
#10791 = CARTESIAN_POINT('',(6.28318530718,4.));
#10792 = ( GEOMETRIC_REPRESENTATION_CONTEXT(2) 
PARAMETRIC_REPRESENTATION_CONTEXT() REPRESENTATION_CONTEXT('2D SPACE',''
  ) );
#10793 = PCURVE('',#8762,#10794);
#10794 = DEFINITIONAL_REPRESENTATION('',(#10795),#10799);
#10795 = LINE('',#10796,#10797);
#10796 = CARTESIAN_POINT('',(0.,6.));
#10797 = VECTOR('',#10798,1.);
#10798 = DIRECTION('',(1.,0.));
#10799 = ( GEOMETRIC_REPRESENTATION_CONTEXT(2) 
PARAMETRIC_REPRESENTATION_CONTEXT() REPRESENTATION_CONTEXT('2D SPACE',''
  ) );
#10800 = ORIENTED_EDGE('',*,*,#8773,.F.);
#10801 = ORIENTED_EDGE('',*,*,#8631,.T.);
#10802 = ADVANCED_FACE('',(#10803),#8762,.F.);
#10803 = FACE_BOUND('',#10804,.F.);
#10804 = EDGE_LOOP('',(#10805,#10824,#10825,#10826));
#10805 = ORIENTED_EDGE('',*,*,#10806,.T.);
#10806 = EDGE_CURVE('',#10758,#9807,#10807,.T.);
#10807 = SURFACE_CURVE('',#10808,(#10812,#10818),.PCURVE_S1.);
#10808 = LINE('',#10809,#10810);
#10809 = CARTESIAN_POINT('',(12.2,5.,99.));
#10810 = VECTOR('',#10811,1.);
#10811 = DIRECTION('',(0.,-1.,0.));
#10812 = PCURVE('',#8762,#10813);
#10813 = DEFINITIONAL_REPRESENTATION('',(#10814),#10817);
#10814 = B_SPLINE_CURVE_WITH_KNOTS('',1,(#10815,#10816),.UNSPECIFIED.,
  .F.,.F.,(2,2),(-8.5,-2.5),.PIECEWISE_BEZIER_KNOTS.);
#10815 = CARTESIAN_POINT('',(0.7,6.));
#10816 = CARTESIAN_POINT('',(0.7,0.));
#10817 = ( GEOMETRIC_REPRESENTATION_CONTEXT(2) 
PARAMETRIC_REPRESENTATION_CONTEXT() REPRESENTATION_CONTEXT('2D SPACE',''
  ) );
#10818 = PCURVE('',#9845,#10819);
#10819 = DEFINITIONAL_REPRESENTATION('',(#10820),#10823);
#10820 = B_SPLINE_CURVE_WITH_KNOTS('',1,(#10821,#10822),.UNSPECIFIED.,
  .F.,.F.,(2,2),(-8.5,-2.5),.PIECEWISE_BEZIER_KNOTS.);
#10821 = CARTESIAN_POINT('',(15.,-11.));
#10822 = CARTESIAN_POINT('',(15.,-5.));
#10823 = ( GEOMETRIC_REPRESENTATION_CONTEXT(2) 
PARAMETRIC_REPRESENTATION_CONTEXT() REPRESENTATION_CONTEXT('2D SPACE',''
  ) );
#10824 = ORIENTED_EDGE('',*,*,#9806,.T.);
#10825 = ORIENTED_EDGE('',*,*,#8747,.F.);
#10826 = ORIENTED_EDGE('',*,*,#10781,.F.);
#10827 = ADVANCED_FACE('',(#10828),#8846,.F.);
#10828 = FACE_BOUND('',#10829,.F.);
#10829 = EDGE_LOOP('',(#10830,#10849));
#10830 = ORIENTED_EDGE('',*,*,#10831,.F.);
#10831 = EDGE_CURVE('',#8828,#8830,#10832,.T.);
#10832 = SURFACE_CURVE('',#10833,(#10837,#10843),.PCURVE_S1.);
#10833 = LINE('',#10834,#10835);
#10834 = CARTESIAN_POINT('',(-11.5,6.,86.5));
#10835 = VECTOR('',#10836,1.);
#10836 = DIRECTION('',(0.,0.,-1.));
#10837 = PCURVE('',#8846,#10838);
#10838 = DEFINITIONAL_REPRESENTATION('',(#10839),#10842);
#10839 = B_SPLINE_CURVE_WITH_KNOTS('',1,(#10840,#10841),.UNSPECIFIED.,
  .F.,.F.,(2,2),(-12.5,-2.5),.PIECEWISE_BEZIER_KNOTS.);
#10840 = CARTESIAN_POINT('',(10.,1.5));
#10841 = CARTESIAN_POINT('',(0.,1.5));
#10842 = ( GEOMETRIC_REPRESENTATION_CONTEXT(2) 
PARAMETRIC_REPRESENTATION_CONTEXT() REPRESENTATION_CONTEXT('2D SPACE',''
  ) );
#10843 = PCURVE('',#8873,#10844);
#10844 = DEFINITIONAL_REPRESENTATION('',(#10845),#10848);
#10845 = B_SPLINE_CURVE_WITH_KNOTS('',1,(#10846,#10847),.UNSPECIFIED.,
  .F.,.F.,(2,2),(-12.5,-2.5),.PIECEWISE_BEZIER_KNOTS.);
#10846 = CARTESIAN_POINT('',(15.,5.5));
#10847 = CARTESIAN_POINT('',(5.,5.5));
#10848 = ( GEOMETRIC_REPRESENTATION_CONTEXT(2) 
PARAMETRIC_REPRESENTATION_CONTEXT() REPRESENTATION_CONTEXT('2D SPACE',''
  ) );
#10849 = ORIENTED_EDGE('',*,*,#8827,.T.);
#10850 = ADVANCED_FACE('',(#10851),#8873,.T.);
#10851 = FACE_BOUND('',#10852,.T.);
#10852 = EDGE_LOOP('',(#10853,#10854,#10873,#10874,#10875,#10876,#10895,
    #10896,#10915,#10916,#10935,#10936));
#10853 = ORIENTED_EDGE('',*,*,#9519,.F.);
#10854 = ORIENTED_EDGE('',*,*,#10855,.F.);
#10855 = EDGE_CURVE('',#8963,#9498,#10856,.T.);
#10856 = SURFACE_CURVE('',#10857,(#10861,#10867),.PCURVE_S1.);
#10857 = LINE('',#10858,#10859);
#10858 = CARTESIAN_POINT('',(-12.2,6.,84.));
#10859 = VECTOR('',#10860,1.);
#10860 = DIRECTION('',(0.,0.,-1.));
#10861 = PCURVE('',#8873,#10862);
#10862 = DEFINITIONAL_REPRESENTATION('',(#10863),#10866);
#10863 = B_SPLINE_CURVE_WITH_KNOTS('',1,(#10864,#10865),.UNSPECIFIED.,
  .F.,.F.,(2,2),(-20.,0.),.PIECEWISE_BEZIER_KNOTS.);
#10864 = CARTESIAN_POINT('',(20.,4.8));
#10865 = CARTESIAN_POINT('',(0.,4.8));
#10866 = ( GEOMETRIC_REPRESENTATION_CONTEXT(2) 
PARAMETRIC_REPRESENTATION_CONTEXT() REPRESENTATION_CONTEXT('2D SPACE',''
  ) );
#10867 = PCURVE('',#8979,#10868);
#10868 = DEFINITIONAL_REPRESENTATION('',(#10869),#10872);
#10869 = B_SPLINE_CURVE_WITH_KNOTS('',1,(#10870,#10871),.UNSPECIFIED.,
  .F.,.F.,(2,2),(-20.,0.),.PIECEWISE_BEZIER_KNOTS.);
#10870 = CARTESIAN_POINT('',(20.,-3.5));
#10871 = CARTESIAN_POINT('',(0.,-3.5));
#10872 = ( GEOMETRIC_REPRESENTATION_CONTEXT(2) 
PARAMETRIC_REPRESENTATION_CONTEXT() REPRESENTATION_CONTEXT('2D SPACE',''
  ) );
#10873 = ORIENTED_EDGE('',*,*,#8991,.T.);
#10874 = ORIENTED_EDGE('',*,*,#10831,.F.);
#10875 = ORIENTED_EDGE('',*,*,#8858,.F.);
#10876 = ORIENTED_EDGE('',*,*,#10877,.F.);
#10877 = EDGE_CURVE('',#10414,#8859,#10878,.T.);
#10878 = SURFACE_CURVE('',#10879,(#10883,#10889),.PCURVE_S1.);
#10879 = LINE('',#10880,#10881);
#10880 = CARTESIAN_POINT('',(-12.2,6.,84.));
#10881 = VECTOR('',#10882,1.);
#10882 = DIRECTION('',(0.,0.,-1.));
#10883 = PCURVE('',#8873,#10884);
#10884 = DEFINITIONAL_REPRESENTATION('',(#10885),#10888);
#10885 = B_SPLINE_CURVE_WITH_KNOTS('',1,(#10886,#10887),.UNSPECIFIED.,
  .F.,.F.,(2,2),(-20.,0.),.PIECEWISE_BEZIER_KNOTS.);
#10886 = CARTESIAN_POINT('',(20.,4.8));
#10887 = CARTESIAN_POINT('',(0.,4.8));
#10888 = ( GEOMETRIC_REPRESENTATION_CONTEXT(2) 
PARAMETRIC_REPRESENTATION_CONTEXT() REPRESENTATION_CONTEXT('2D SPACE',''
  ) );
#10889 = PCURVE('',#8901,#10890);
#10890 = DEFINITIONAL_REPRESENTATION('',(#10891),#10894);
#10891 = B_SPLINE_CURVE_WITH_KNOTS('',1,(#10892,#10893),.UNSPECIFIED.,
  .F.,.F.,(2,2),(-20.,0.),.PIECEWISE_BEZIER_KNOTS.);
#10892 = CARTESIAN_POINT('',(20.,-3.5));
#10893 = CARTESIAN_POINT('',(0.,-3.5));
#10894 = ( GEOMETRIC_REPRESENTATION_CONTEXT(2) 
PARAMETRIC_REPRESENTATION_CONTEXT() REPRESENTATION_CONTEXT('2D SPACE',''
  ) );
#10895 = ORIENTED_EDGE('',*,*,#10435,.T.);
#10896 = ORIENTED_EDGE('',*,*,#10897,.T.);
#10897 = EDGE_CURVE('',#10436,#9829,#10898,.T.);
#10898 = SURFACE_CURVE('',#10899,(#10903,#10909),.PCURVE_S1.);
#10899 = LINE('',#10900,#10901);
#10900 = CARTESIAN_POINT('',(12.2,6.,84.));
#10901 = VECTOR('',#10902,1.);
#10902 = DIRECTION('',(0.,0.,-1.));
#10903 = PCURVE('',#8873,#10904);
#10904 = DEFINITIONAL_REPRESENTATION('',(#10905),#10908);
#10905 = B_SPLINE_CURVE_WITH_KNOTS('',1,(#10906,#10907),.UNSPECIFIED.,
  .F.,.F.,(2,2),(-20.,0.),.PIECEWISE_BEZIER_KNOTS.);
#10906 = CARTESIAN_POINT('',(20.,29.2));
#10907 = CARTESIAN_POINT('',(0.,29.2));
#10908 = ( GEOMETRIC_REPRESENTATION_CONTEXT(2) 
PARAMETRIC_REPRESENTATION_CONTEXT() REPRESENTATION_CONTEXT('2D SPACE',''
  ) );
#10909 = PCURVE('',#9845,#10910);
#10910 = DEFINITIONAL_REPRESENTATION('',(#10911),#10914);
#10911 = B_SPLINE_CURVE_WITH_KNOTS('',1,(#10912,#10913),.UNSPECIFIED.,
  .F.,.F.,(2,2),(-20.,0.),.PIECEWISE_BEZIER_KNOTS.);
#10912 = CARTESIAN_POINT('',(20.,-3.5));
#10913 = CARTESIAN_POINT('',(0.,-3.5));
#10914 = ( GEOMETRIC_REPRESENTATION_CONTEXT(2) 
PARAMETRIC_REPRESENTATION_CONTEXT() REPRESENTATION_CONTEXT('2D SPACE',''
  ) );
#10915 = ORIENTED_EDGE('',*,*,#9857,.F.);
#10916 = ORIENTED_EDGE('',*,*,#10917,.T.);
#10917 = EDGE_CURVE('',#9858,#9879,#10918,.T.);
#10918 = SURFACE_CURVE('',#10919,(#10923,#10929),.PCURVE_S1.);
#10919 = LINE('',#10920,#10921);
#10920 = CARTESIAN_POINT('',(11.5,6.,86.5));
#10921 = VECTOR('',#10922,1.);
#10922 = DIRECTION('',(0.,0.,-1.));
#10923 = PCURVE('',#8873,#10924);
#10924 = DEFINITIONAL_REPRESENTATION('',(#10925),#10928);
#10925 = B_SPLINE_CURVE_WITH_KNOTS('',1,(#10926,#10927),.UNSPECIFIED.,
  .F.,.F.,(2,2),(-12.5,-2.5),.PIECEWISE_BEZIER_KNOTS.);
#10926 = CARTESIAN_POINT('',(15.,28.5));
#10927 = CARTESIAN_POINT('',(5.,28.5));
#10928 = ( GEOMETRIC_REPRESENTATION_CONTEXT(2) 
PARAMETRIC_REPRESENTATION_CONTEXT() REPRESENTATION_CONTEXT('2D SPACE',''
  ) );
#10929 = PCURVE('',#9895,#10930);
#10930 = DEFINITIONAL_REPRESENTATION('',(#10931),#10934);
#10931 = B_SPLINE_CURVE_WITH_KNOTS('',1,(#10932,#10933),.UNSPECIFIED.,
  .F.,.F.,(2,2),(-12.5,-2.5),.PIECEWISE_BEZIER_KNOTS.);
#10932 = CARTESIAN_POINT('',(10.,1.5));
#10933 = CARTESIAN_POINT('',(0.,1.5));
#10934 = ( GEOMETRIC_REPRESENTATION_CONTEXT(2) 
PARAMETRIC_REPRESENTATION_CONTEXT() REPRESENTATION_CONTEXT('2D SPACE',''
  ) );
#10935 = ORIENTED_EDGE('',*,*,#9907,.T.);
#10936 = ORIENTED_EDGE('',*,*,#10937,.T.);
#10937 = EDGE_CURVE('',#9908,#9520,#10938,.T.);
#10938 = SURFACE_CURVE('',#10939,(#10943,#10949),.PCURVE_S1.);
#10939 = LINE('',#10940,#10941);
#10940 = CARTESIAN_POINT('',(12.2,6.,84.));
#10941 = VECTOR('',#10942,1.);
#10942 = DIRECTION('',(0.,0.,-1.));
#10943 = PCURVE('',#8873,#10944);
#10944 = DEFINITIONAL_REPRESENTATION('',(#10945),#10948);
#10945 = B_SPLINE_CURVE_WITH_KNOTS('',1,(#10946,#10947),.UNSPECIFIED.,
  .F.,.F.,(2,2),(-20.,0.),.PIECEWISE_BEZIER_KNOTS.);
#10946 = CARTESIAN_POINT('',(20.,29.2));
#10947 = CARTESIAN_POINT('',(0.,29.2));
#10948 = ( GEOMETRIC_REPRESENTATION_CONTEXT(2) 
PARAMETRIC_REPRESENTATION_CONTEXT() REPRESENTATION_CONTEXT('2D SPACE',''
  ) );
#10949 = PCURVE('',#9557,#10950);
#10950 = DEFINITIONAL_REPRESENTATION('',(#10951),#10954);
#10951 = B_SPLINE_CURVE_WITH_KNOTS('',1,(#10952,#10953),.UNSPECIFIED.,
  .F.,.F.,(2,2),(-20.,0.),.PIECEWISE_BEZIER_KNOTS.);
#10952 = CARTESIAN_POINT('',(20.,-3.5));
#10953 = CARTESIAN_POINT('',(0.,-3.5));
#10954 = ( GEOMETRIC_REPRESENTATION_CONTEXT(2) 
PARAMETRIC_REPRESENTATION_CONTEXT() REPRESENTATION_CONTEXT('2D SPACE',''
  ) );
#10955 = ADVANCED_FACE('',(#10956),#8979,.T.);
#10956 = FACE_BOUND('',#10957,.T.);
#10957 = EDGE_LOOP('',(#10958,#10959,#10960,#10961,#10962,#10963));
#10958 = ORIENTED_EDGE('',*,*,#9497,.T.);
#10959 = ORIENTED_EDGE('',*,*,#9236,.F.);
#10960 = ORIENTED_EDGE('',*,*,#9110,.F.);
#10961 = ORIENTED_EDGE('',*,*,#9038,.T.);
#10962 = ORIENTED_EDGE('',*,*,#8962,.F.);
#10963 = ORIENTED_EDGE('',*,*,#10855,.T.);
#10964 = ADVANCED_FACE('',(#10965),#8901,.T.);
#10965 = FACE_BOUND('',#10966,.T.);
#10966 = EDGE_LOOP('',(#10967,#10968,#10969,#10970,#10971,#10972));
#10967 = ORIENTED_EDGE('',*,*,#10091,.F.);
#10968 = ORIENTED_EDGE('',*,*,#10286,.F.);
#10969 = ORIENTED_EDGE('',*,*,#10413,.T.);
#10970 = ORIENTED_EDGE('',*,*,#10877,.T.);
#10971 = ORIENTED_EDGE('',*,*,#8884,.F.);
#10972 = ORIENTED_EDGE('',*,*,#10118,.F.);
#10973 = ADVANCED_FACE('',(#10974),#9557,.F.);
#10974 = FACE_BOUND('',#10975,.F.);
#10975 = EDGE_LOOP('',(#10976,#10977,#10978,#10979,#10980,#10981));
#10976 = ORIENTED_EDGE('',*,*,#9541,.T.);
#10977 = ORIENTED_EDGE('',*,*,#9655,.T.);
#10978 = ORIENTED_EDGE('',*,*,#9777,.F.);
#10979 = ORIENTED_EDGE('',*,*,#9982,.T.);
#10980 = ORIENTED_EDGE('',*,*,#9928,.F.);
#10981 = ORIENTED_EDGE('',*,*,#10937,.T.);
#10982 = ADVANCED_FACE('',(#10983),#9895,.T.);
#10983 = FACE_BOUND('',#10984,.T.);
#10984 = EDGE_LOOP('',(#10985,#10986));
#10985 = ORIENTED_EDGE('',*,*,#10917,.F.);
#10986 = ORIENTED_EDGE('',*,*,#9878,.T.);
#10987 = ADVANCED_FACE('',(#10988),#9845,.F.);
#10988 = FACE_BOUND('',#10989,.F.);
#10989 = EDGE_LOOP('',(#10990,#10991,#10992,#10993,#10994,#10995));
#10990 = ORIENTED_EDGE('',*,*,#10757,.F.);
#10991 = ORIENTED_EDGE('',*,*,#10699,.T.);
#10992 = ORIENTED_EDGE('',*,*,#10457,.T.);
#10993 = ORIENTED_EDGE('',*,*,#10897,.T.);
#10994 = ORIENTED_EDGE('',*,*,#9828,.F.);
#10995 = ORIENTED_EDGE('',*,*,#10806,.F.);
#10996 = ( GEOMETRIC_REPRESENTATION_CONTEXT(3) 
GLOBAL_UNCERTAINTY_ASSIGNED_CONTEXT((#11000)) 
GLOBAL_UNIT_ASSIGNED_CONTEXT((#10997,#10998,#10999)) 
REPRESENTATION_CONTEXT('Context #1',
  '3D Context with UNIT and UNCERTAINTY') );
#10997 = ( LENGTH_UNIT() NAMED_UNIT(*) SI_UNIT(.MILLI.,.METRE.) );
#10998 = ( NAMED_UNIT(*) PLANE_ANGLE_UNIT() SI_UNIT($,.RADIAN.) );
#10999 = ( NAMED_UNIT(*) SI_UNIT($,.STERADIAN.) SOLID_ANGLE_UNIT() );
#11000 = UNCERTAINTY_MEASURE_WITH_UNIT(LENGTH_MEASURE(2.E-07),#10997,
  'distance_accuracy_value','confusion accuracy');
#11001 = PRODUCT_RELATED_PRODUCT_CATEGORY('part',$,(#7));
ENDSEC;
END-ISO-10303-21;
